id,regular,region,universe,neutralization,decay,delay,test_period,truncation,pasteurization,nan_handling
FullTest_0001,"Rank(Ts_Rank(close, 10))",USA,TOP3000,INDUSTRY,0,1,P1Y,0.08,ON,ON
FullTest_0002,"Rank(Ts_Rank(close, 10))",USA,TOP3000,INDUSTRY,0,1,P1Y,0.08,ON,OFF
FullTest_0003,"Rank(Ts_Rank(close, 10))",USA,TOP3000,INDUSTRY,0,1,P1Y,0.08,OFF,ON
FullTest_0004,"Rank(Ts_Rank(close, 10))",USA,TOP3000,INDUSTRY,0,1,P1Y,0.08,OFF,OFF
FullTest_0005,"Rank(Ts_Rank(close, 10))",USA,TOP3000,INDUSTRY,0,1,P1Y,0.01,ON,ON
FullTest_0006,"Rank(Ts_Rank(close, 10))",USA,TOP3000,INDUSTRY,0,1,P1Y,0.01,ON,OFF
FullTest_0007,"Rank(Ts_Rank(close, 10))",USA,TOP3000,INDUSTRY,0,1,P1Y,0.01,OFF,ON
FullTest_0008,"Rank(Ts_Rank(close, 10))",USA,TOP3000,INDUSTRY,0,1,P1Y,0.01,OFF,OFF
FullTest_0009,"Rank(Ts_Rank(close, 10))",USA,TOP3000,INDUSTRY,0,1,P2Y,0.08,ON,ON
FullTest_0010,"Rank(Ts_Rank(close, 10))",USA,TOP3000,INDUSTRY,0,1,P2Y,0.08,ON,OFF
FullTest_0011,"Rank(Ts_Rank(close, 10))",USA,TOP3000,INDUSTRY,0,1,P2Y,0.08,OFF,ON
FullTest_0012,"Rank(Ts_Rank(close, 10))",USA,TOP3000,INDUSTRY,0,1,P2Y,0.08,OFF,OFF
FullTest_0013,"Rank(Ts_Rank(close, 10))",USA,TOP3000,INDUSTRY,0,1,P2Y,0.01,ON,ON
FullTest_0014,"Rank(Ts_Rank(close, 10))",USA,TOP3000,INDUSTRY,0,1,P2Y,0.01,ON,OFF
FullTest_0015,"Rank(Ts_Rank(close, 10))",USA,TOP3000,INDUSTRY,0,1,P2Y,0.01,OFF,ON
FullTest_0016,"Rank(Ts_Rank(close, 10))",USA,TOP3000,INDUSTRY,0,1,P2Y,0.01,OFF,OFF
FullTest_0017,"Rank(Ts_Rank(close, 10))",USA,TOP3000,INDUSTRY,5,1,P1Y,0.08,ON,ON
FullTest_0018,"Rank(Ts_Rank(close, 10))",USA,TOP3000,INDUSTRY,5,1,P1Y,0.08,ON,OFF
FullTest_0019,"Rank(Ts_Rank(close, 10))",USA,TOP3000,INDUSTRY,5,1,P1Y,0.08,OFF,ON
FullTest_0020,"Rank(Ts_Rank(close, 10))",USA,TOP3000,INDUSTRY,5,1,P1Y,0.08,OFF,OFF
FullTest_0021,"Rank(Ts_Rank(close, 10))",USA,TOP3000,INDUSTRY,5,1,P1Y,0.01,ON,ON
FullTest_0022,"Rank(Ts_Rank(close, 10))",USA,TOP3000,INDUSTRY,5,1,P1Y,0.01,ON,OFF
FullTest_0023,"Rank(Ts_Rank(close, 10))",USA,TOP3000,INDUSTRY,5,1,P1Y,0.01,OFF,ON
FullTest_0024,"Rank(Ts_Rank(close, 10))",USA,TOP3000,INDUSTRY,5,1,P1Y,0.01,OFF,OFF
FullTest_0025,"Rank(Ts_Rank(close, 10))",USA,TOP3000,INDUSTRY,5,1,P2Y,0.08,ON,ON
FullTest_0026,"Rank(Ts_Rank(close, 10))",USA,TOP3000,INDUSTRY,5,1,P2Y,0.08,ON,OFF
FullTest_0027,"Rank(Ts_Rank(close, 10))",USA,TOP3000,INDUSTRY,5,1,P2Y,0.08,OFF,ON
FullTest_0028,"Rank(Ts_Rank(close, 10))",USA,TOP3000,INDUSTRY,5,1,P2Y,0.08,OFF,OFF
FullTest_0029,"Rank(Ts_Rank(close, 10))",USA,TOP3000,INDUSTRY,5,1,P2Y,0.01,ON,ON
FullTest_0030,"Rank(Ts_Rank(close, 10))",USA,TOP3000,INDUSTRY,5,1,P2Y,0.01,ON,OFF
FullTest_0031,"Rank(Ts_Rank(close, 10))",USA,TOP3000,INDUSTRY,5,1,P2Y,0.01,OFF,ON
FullTest_0032,"Rank(Ts_Rank(close, 10))",USA,TOP3000,INDUSTRY,5,1,P2Y,0.01,OFF,OFF
FullTest_0033,"Rank(Ts_Rank(close, 10))",USA,TOP3000,MARKET,0,1,P1Y,0.08,ON,ON
FullTest_0034,"Rank(Ts_Rank(close, 10))",USA,TOP3000,MARKET,0,1,P1Y,0.08,ON,OFF
FullTest_0035,"Rank(Ts_Rank(close, 10))",USA,TOP3000,MARKET,0,1,P1Y,0.08,OFF,ON
FullTest_0036,"Rank(Ts_Rank(close, 10))",USA,TOP3000,MARKET,0,1,P1Y,0.08,OFF,OFF
FullTest_0037,"Rank(Ts_Rank(close, 10))",USA,TOP3000,MARKET,0,1,P1Y,0.01,ON,ON
FullTest_0038,"Rank(Ts_Rank(close, 10))",USA,TOP3000,MARKET,0,1,P1Y,0.01,ON,OFF
FullTest_0039,"Rank(Ts_Rank(close, 10))",USA,TOP3000,MARKET,0,1,P1Y,0.01,OFF,ON
FullTest_0040,"Rank(Ts_Rank(close, 10))",USA,TOP3000,MARKET,0,1,P1Y,0.01,OFF,OFF
FullTest_0041,"Rank(Ts_Rank(close, 10))",USA,TOP3000,MARKET,0,1,P2Y,0.08,ON,ON
FullTest_0042,"Rank(Ts_Rank(close, 10))",USA,TOP3000,MARKET,0,1,P2Y,0.08,ON,OFF
FullTest_0043,"Rank(Ts_Rank(close, 10))",USA,TOP3000,MARKET,0,1,P2Y,0.08,OFF,ON
FullTest_0044,"Rank(Ts_Rank(close, 10))",USA,TOP3000,MARKET,0,1,P2Y,0.08,OFF,OFF
FullTest_0045,"Rank(Ts_Rank(close, 10))",USA,TOP3000,MARKET,0,1,P2Y,0.01,ON,ON
FullTest_0046,"Rank(Ts_Rank(close, 10))",USA,TOP3000,MARKET,0,1,P2Y,0.01,ON,OFF
FullTest_0047,"Rank(Ts_Rank(close, 10))",USA,TOP3000,MARKET,0,1,P2Y,0.01,OFF,ON
FullTest_0048,"Rank(Ts_Rank(close, 10))",USA,TOP3000,MARKET,0,1,P2Y,0.01,OFF,OFF
FullTest_0049,"Rank(Ts_Rank(close, 10))",USA,TOP3000,MARKET,5,1,P1Y,0.08,ON,ON
FullTest_0050,"Rank(Ts_Rank(close, 10))",USA,TOP3000,MARKET,5,1,P1Y,0.08,ON,OFF
FullTest_0051,"Rank(Ts_Rank(close, 10))",USA,TOP3000,MARKET,5,1,P1Y,0.08,OFF,ON
FullTest_0052,"Rank(Ts_Rank(close, 10))",USA,TOP3000,MARKET,5,1,P1Y,0.08,OFF,OFF
FullTest_0053,"Rank(Ts_Rank(close, 10))",USA,TOP3000,MARKET,5,1,P1Y,0.01,ON,ON
FullTest_0054,"Rank(Ts_Rank(close, 10))",USA,TOP3000,MARKET,5,1,P1Y,0.01,ON,OFF
FullTest_0055,"Rank(Ts_Rank(close, 10))",USA,TOP3000,MARKET,5,1,P1Y,0.01,OFF,ON
FullTest_0056,"Rank(Ts_Rank(close, 10))",USA,TOP3000,MARKET,5,1,P1Y,0.01,OFF,OFF
FullTest_0057,"Rank(Ts_Rank(close, 10))",USA,TOP3000,MARKET,5,1,P2Y,0.08,ON,ON
FullTest_0058,"Rank(Ts_Rank(close, 10))",USA,TOP3000,MARKET,5,1,P2Y,0.08,ON,OFF
FullTest_0059,"Rank(Ts_Rank(close, 10))",USA,TOP3000,MARKET,5,1,P2Y,0.08,OFF,ON
FullTest_0060,"Rank(Ts_Rank(close, 10))",USA,TOP3000,MARKET,5,1,P2Y,0.08,OFF,OFF
FullTest_0061,"Rank(Ts_Rank(close, 10))",USA,TOP3000,MARKET,5,1,P2Y,0.01,ON,ON
FullTest_0062,"Rank(Ts_Rank(close, 10))",USA,TOP3000,MARKET,5,1,P2Y,0.01,ON,OFF
FullTest_0063,"Rank(Ts_Rank(close, 10))",USA,TOP3000,MARKET,5,1,P2Y,0.01,OFF,ON
FullTest_0064,"Rank(Ts_Rank(close, 10))",USA,TOP3000,MARKET,5,1,P2Y,0.01,OFF,OFF
FullTest_0065,"Rank(Ts_Rank(close, 10))",USA,TOP3000,NONE,0,1,P1Y,0.08,ON,ON
FullTest_0066,"Rank(Ts_Rank(close, 10))",USA,TOP3000,NONE,0,1,P1Y,0.08,ON,OFF
FullTest_0067,"Rank(Ts_Rank(close, 10))",USA,TOP3000,NONE,0,1,P1Y,0.08,OFF,ON
FullTest_0068,"Rank(Ts_Rank(close, 10))",USA,TOP3000,NONE,0,1,P1Y,0.08,OFF,OFF
FullTest_0069,"Rank(Ts_Rank(close, 10))",USA,TOP3000,NONE,0,1,P1Y,0.01,ON,ON
FullTest_0070,"Rank(Ts_Rank(close, 10))",USA,TOP3000,NONE,0,1,P1Y,0.01,ON,OFF
FullTest_0071,"Rank(Ts_Rank(close, 10))",USA,TOP3000,NONE,0,1,P1Y,0.01,OFF,ON
FullTest_0072,"Rank(Ts_Rank(close, 10))",USA,TOP3000,NONE,0,1,P1Y,0.01,OFF,OFF
FullTest_0073,"Rank(Ts_Rank(close, 10))",USA,TOP3000,NONE,0,1,P2Y,0.08,ON,ON
FullTest_0074,"Rank(Ts_Rank(close, 10))",USA,TOP3000,NONE,0,1,P2Y,0.08,ON,OFF
FullTest_0075,"Rank(Ts_Rank(close, 10))",USA,TOP3000,NONE,0,1,P2Y,0.08,OFF,ON
FullTest_0076,"Rank(Ts_Rank(close, 10))",USA,TOP3000,NONE,0,1,P2Y,0.08,OFF,OFF
FullTest_0077,"Rank(Ts_Rank(close, 10))",USA,TOP3000,NONE,0,1,P2Y,0.01,ON,ON
FullTest_0078,"Rank(Ts_Rank(close, 10))",USA,TOP3000,NONE,0,1,P2Y,0.01,ON,OFF
FullTest_0079,"Rank(Ts_Rank(close, 10))",USA,TOP3000,NONE,0,1,P2Y,0.01,OFF,ON
FullTest_0080,"Rank(Ts_Rank(close, 10))",USA,TOP3000,NONE,0,1,P2Y,0.01,OFF,OFF
FullTest_0081,"Rank(Ts_Rank(close, 10))",USA,TOP3000,NONE,5,1,P1Y,0.08,ON,ON
FullTest_0082,"Rank(Ts_Rank(close, 10))",USA,TOP3000,NONE,5,1,P1Y,0.08,ON,OFF
FullTest_0083,"Rank(Ts_Rank(close, 10))",USA,TOP3000,NONE,5,1,P1Y,0.08,OFF,ON
FullTest_0084,"Rank(Ts_Rank(close, 10))",USA,TOP3000,NONE,5,1,P1Y,0.08,OFF,OFF
FullTest_0085,"Rank(Ts_Rank(close, 10))",USA,TOP3000,NONE,5,1,P1Y,0.01,ON,ON
FullTest_0086,"Rank(Ts_Rank(close, 10))",USA,TOP3000,NONE,5,1,P1Y,0.01,ON,OFF
FullTest_0087,"Rank(Ts_Rank(close, 10))",USA,TOP3000,NONE,5,1,P1Y,0.01,OFF,ON
FullTest_0088,"Rank(Ts_Rank(close, 10))",USA,TOP3000,NONE,5,1,P1Y,0.01,OFF,OFF
FullTest_0089,"Rank(Ts_Rank(close, 10))",USA,TOP3000,NONE,5,1,P2Y,0.08,ON,ON
FullTest_0090,"Rank(Ts_Rank(close, 10))",USA,TOP3000,NONE,5,1,P2Y,0.08,ON,OFF
FullTest_0091,"Rank(Ts_Rank(close, 10))",USA,TOP3000,NONE,5,1,P2Y,0.08,OFF,ON
FullTest_0092,"Rank(Ts_Rank(close, 10))",USA,TOP3000,NONE,5,1,P2Y,0.08,OFF,OFF
FullTest_0093,"Rank(Ts_Rank(close, 10))",USA,TOP3000,NONE,5,1,P2Y,0.01,ON,ON
FullTest_0094,"Rank(Ts_Rank(close, 10))",USA,TOP3000,NONE,5,1,P2Y,0.01,ON,OFF
FullTest_0095,"Rank(Ts_Rank(close, 10))",USA,TOP3000,NONE,5,1,P2Y,0.01,OFF,ON
FullTest_0096,"Rank(Ts_Rank(close, 10))",USA,TOP3000,NONE,5,1,P2Y,0.01,OFF,OFF
FullTest_0097,"Rank(Ts_Rank(close, 10))",USA,MINVOL3M,INDUSTRY,0,1,P1Y,0.08,ON,ON
FullTest_0098,"Rank(Ts_Rank(close, 10))",USA,MINVOL3M,INDUSTRY,0,1,P1Y,0.08,ON,OFF
FullTest_0099,"Rank(Ts_Rank(close, 10))",USA,MINVOL3M,INDUSTRY,0,1,P1Y,0.08,OFF,ON
FullTest_0100,"Rank(Ts_Rank(close, 10))",USA,MINVOL3M,INDUSTRY,0,1,P1Y,0.08,OFF,OFF
FullTest_0101,"Rank(Ts_Rank(close, 10))",USA,MINVOL3M,INDUSTRY,0,1,P1Y,0.01,ON,ON
FullTest_0102,"Rank(Ts_Rank(close, 10))",USA,MINVOL3M,INDUSTRY,0,1,P1Y,0.01,ON,OFF
FullTest_0103,"Rank(Ts_Rank(close, 10))",USA,MINVOL3M,INDUSTRY,0,1,P1Y,0.01,OFF,ON
FullTest_0104,"Rank(Ts_Rank(close, 10))",USA,MINVOL3M,INDUSTRY,0,1,P1Y,0.01,OFF,OFF
FullTest_0105,"Rank(Ts_Rank(close, 10))",USA,MINVOL3M,INDUSTRY,0,1,P2Y,0.08,ON,ON
FullTest_0106,"Rank(Ts_Rank(close, 10))",USA,MINVOL3M,INDUSTRY,0,1,P2Y,0.08,ON,OFF
FullTest_0107,"Rank(Ts_Rank(close, 10))",USA,MINVOL3M,INDUSTRY,0,1,P2Y,0.08,OFF,ON
FullTest_0108,"Rank(Ts_Rank(close, 10))",USA,MINVOL3M,INDUSTRY,0,1,P2Y,0.08,OFF,OFF
FullTest_0109,"Rank(Ts_Rank(close, 10))",USA,MINVOL3M,INDUSTRY,0,1,P2Y,0.01,ON,ON
FullTest_0110,"Rank(Ts_Rank(close, 10))",USA,MINVOL3M,INDUSTRY,0,1,P2Y,0.01,ON,OFF
FullTest_0111,"Rank(Ts_Rank(close, 10))",USA,MINVOL3M,INDUSTRY,0,1,P2Y,0.01,OFF,ON
FullTest_0112,"Rank(Ts_Rank(close, 10))",USA,MINVOL3M,INDUSTRY,0,1,P2Y,0.01,OFF,OFF
FullTest_0113,"Rank(Ts_Rank(close, 10))",USA,MINVOL3M,INDUSTRY,5,1,P1Y,0.08,ON,ON
FullTest_0114,"Rank(Ts_Rank(close, 10))",USA,MINVOL3M,INDUSTRY,5,1,P1Y,0.08,ON,OFF
FullTest_0115,"Rank(Ts_Rank(close, 10))",USA,MINVOL3M,INDUSTRY,5,1,P1Y,0.08,OFF,ON
FullTest_0116,"Rank(Ts_Rank(close, 10))",USA,MINVOL3M,INDUSTRY,5,1,P1Y,0.08,OFF,OFF
FullTest_0117,"Rank(Ts_Rank(close, 10))",USA,MINVOL3M,INDUSTRY,5,1,P1Y,0.01,ON,ON
FullTest_0118,"Rank(Ts_Rank(close, 10))",USA,MINVOL3M,INDUSTRY,5,1,P1Y,0.01,ON,OFF
FullTest_0119,"Rank(Ts_Rank(close, 10))",USA,MINVOL3M,INDUSTRY,5,1,P1Y,0.01,OFF,ON
FullTest_0120,"Rank(Ts_Rank(close, 10))",USA,MINVOL3M,INDUSTRY,5,1,P1Y,0.01,OFF,OFF
FullTest_0121,"Rank(Ts_Rank(close, 10))",USA,MINVOL3M,INDUSTRY,5,1,P2Y,0.08,ON,ON
FullTest_0122,"Rank(Ts_Rank(close, 10))",USA,MINVOL3M,INDUSTRY,5,1,P2Y,0.08,ON,OFF
FullTest_0123,"Rank(Ts_Rank(close, 10))",USA,MINVOL3M,INDUSTRY,5,1,P2Y,0.08,OFF,ON
FullTest_0124,"Rank(Ts_Rank(close, 10))",USA,MINVOL3M,INDUSTRY,5,1,P2Y,0.08,OFF,OFF
FullTest_0125,"Rank(Ts_Rank(close, 10))",USA,MINVOL3M,INDUSTRY,5,1,P2Y,0.01,ON,ON
FullTest_0126,"Rank(Ts_Rank(close, 10))",USA,MINVOL3M,INDUSTRY,5,1,P2Y,0.01,ON,OFF
FullTest_0127,"Rank(Ts_Rank(close, 10))",USA,MINVOL3M,INDUSTRY,5,1,P2Y,0.01,OFF,ON
FullTest_0128,"Rank(Ts_Rank(close, 10))",USA,MINVOL3M,INDUSTRY,5,1,P2Y,0.01,OFF,OFF
FullTest_0129,"Rank(Ts_Rank(close, 10))",USA,MINVOL3M,MARKET,0,1,P1Y,0.08,ON,ON
FullTest_0130,"Rank(Ts_Rank(close, 10))",USA,MINVOL3M,MARKET,0,1,P1Y,0.08,ON,OFF
FullTest_0131,"Rank(Ts_Rank(close, 10))",USA,MINVOL3M,MARKET,0,1,P1Y,0.08,OFF,ON
FullTest_0132,"Rank(Ts_Rank(close, 10))",USA,MINVOL3M,MARKET,0,1,P1Y,0.08,OFF,OFF
FullTest_0133,"Rank(Ts_Rank(close, 10))",USA,MINVOL3M,MARKET,0,1,P1Y,0.01,ON,ON
FullTest_0134,"Rank(Ts_Rank(close, 10))",USA,MINVOL3M,MARKET,0,1,P1Y,0.01,ON,OFF
FullTest_0135,"Rank(Ts_Rank(close, 10))",USA,MINVOL3M,MARKET,0,1,P1Y,0.01,OFF,ON
FullTest_0136,"Rank(Ts_Rank(close, 10))",USA,MINVOL3M,MARKET,0,1,P1Y,0.01,OFF,OFF
FullTest_0137,"Rank(Ts_Rank(close, 10))",USA,MINVOL3M,MARKET,0,1,P2Y,0.08,ON,ON
FullTest_0138,"Rank(Ts_Rank(close, 10))",USA,MINVOL3M,MARKET,0,1,P2Y,0.08,ON,OFF
FullTest_0139,"Rank(Ts_Rank(close, 10))",USA,MINVOL3M,MARKET,0,1,P2Y,0.08,OFF,ON
FullTest_0140,"Rank(Ts_Rank(close, 10))",USA,MINVOL3M,MARKET,0,1,P2Y,0.08,OFF,OFF
FullTest_0141,"Rank(Ts_Rank(close, 10))",USA,MINVOL3M,MARKET,0,1,P2Y,0.01,ON,ON
FullTest_0142,"Rank(Ts_Rank(close, 10))",USA,MINVOL3M,MARKET,0,1,P2Y,0.01,ON,OFF
FullTest_0143,"Rank(Ts_Rank(close, 10))",USA,MINVOL3M,MARKET,0,1,P2Y,0.01,OFF,ON
FullTest_0144,"Rank(Ts_Rank(close, 10))",USA,MINVOL3M,MARKET,0,1,P2Y,0.01,OFF,OFF
FullTest_0145,"Rank(Ts_Rank(close, 10))",USA,MINVOL3M,MARKET,5,1,P1Y,0.08,ON,ON
FullTest_0146,"Rank(Ts_Rank(close, 10))",USA,MINVOL3M,MARKET,5,1,P1Y,0.08,ON,OFF
FullTest_0147,"Rank(Ts_Rank(close, 10))",USA,MINVOL3M,MARKET,5,1,P1Y,0.08,OFF,ON
FullTest_0148,"Rank(Ts_Rank(close, 10))",USA,MINVOL3M,MARKET,5,1,P1Y,0.08,OFF,OFF
FullTest_0149,"Rank(Ts_Rank(close, 10))",USA,MINVOL3M,MARKET,5,1,P1Y,0.01,ON,ON
FullTest_0150,"Rank(Ts_Rank(close, 10))",USA,MINVOL3M,MARKET,5,1,P1Y,0.01,ON,OFF
FullTest_0151,"Rank(Ts_Rank(close, 10))",USA,MINVOL3M,MARKET,5,1,P1Y,0.01,OFF,ON
FullTest_0152,"Rank(Ts_Rank(close, 10))",USA,MINVOL3M,MARKET,5,1,P1Y,0.01,OFF,OFF
FullTest_0153,"Rank(Ts_Rank(close, 10))",USA,MINVOL3M,MARKET,5,1,P2Y,0.08,ON,ON
FullTest_0154,"Rank(Ts_Rank(close, 10))",USA,MINVOL3M,MARKET,5,1,P2Y,0.08,ON,OFF
FullTest_0155,"Rank(Ts_Rank(close, 10))",USA,MINVOL3M,MARKET,5,1,P2Y,0.08,OFF,ON
FullTest_0156,"Rank(Ts_Rank(close, 10))",USA,MINVOL3M,MARKET,5,1,P2Y,0.08,OFF,OFF
FullTest_0157,"Rank(Ts_Rank(close, 10))",USA,MINVOL3M,MARKET,5,1,P2Y,0.01,ON,ON
FullTest_0158,"Rank(Ts_Rank(close, 10))",USA,MINVOL3M,MARKET,5,1,P2Y,0.01,ON,OFF
FullTest_0159,"Rank(Ts_Rank(close, 10))",USA,MINVOL3M,MARKET,5,1,P2Y,0.01,OFF,ON
FullTest_0160,"Rank(Ts_Rank(close, 10))",USA,MINVOL3M,MARKET,5,1,P2Y,0.01,OFF,OFF
FullTest_0161,"Rank(Ts_Rank(close, 10))",USA,MINVOL3M,NONE,0,1,P1Y,0.08,ON,ON
FullTest_0162,"Rank(Ts_Rank(close, 10))",USA,MINVOL3M,NONE,0,1,P1Y,0.08,ON,OFF
FullTest_0163,"Rank(Ts_Rank(close, 10))",USA,MINVOL3M,NONE,0,1,P1Y,0.08,OFF,ON
FullTest_0164,"Rank(Ts_Rank(close, 10))",USA,MINVOL3M,NONE,0,1,P1Y,0.08,OFF,OFF
FullTest_0165,"Rank(Ts_Rank(close, 10))",USA,MINVOL3M,NONE,0,1,P1Y,0.01,ON,ON
FullTest_0166,"Rank(Ts_Rank(close, 10))",USA,MINVOL3M,NONE,0,1,P1Y,0.01,ON,OFF
FullTest_0167,"Rank(Ts_Rank(close, 10))",USA,MINVOL3M,NONE,0,1,P1Y,0.01,OFF,ON
FullTest_0168,"Rank(Ts_Rank(close, 10))",USA,MINVOL3M,NONE,0,1,P1Y,0.01,OFF,OFF
FullTest_0169,"Rank(Ts_Rank(close, 10))",USA,MINVOL3M,NONE,0,1,P2Y,0.08,ON,ON
FullTest_0170,"Rank(Ts_Rank(close, 10))",USA,MINVOL3M,NONE,0,1,P2Y,0.08,ON,OFF
FullTest_0171,"Rank(Ts_Rank(close, 10))",USA,MINVOL3M,NONE,0,1,P2Y,0.08,OFF,ON
FullTest_0172,"Rank(Ts_Rank(close, 10))",USA,MINVOL3M,NONE,0,1,P2Y,0.08,OFF,OFF
FullTest_0173,"Rank(Ts_Rank(close, 10))",USA,MINVOL3M,NONE,0,1,P2Y,0.01,ON,ON
FullTest_0174,"Rank(Ts_Rank(close, 10))",USA,MINVOL3M,NONE,0,1,P2Y,0.01,ON,OFF
FullTest_0175,"Rank(Ts_Rank(close, 10))",USA,MINVOL3M,NONE,0,1,P2Y,0.01,OFF,ON
FullTest_0176,"Rank(Ts_Rank(close, 10))",USA,MINVOL3M,NONE,0,1,P2Y,0.01,OFF,OFF
FullTest_0177,"Rank(Ts_Rank(close, 10))",USA,MINVOL3M,NONE,5,1,P1Y,0.08,ON,ON
FullTest_0178,"Rank(Ts_Rank(close, 10))",USA,MINVOL3M,NONE,5,1,P1Y,0.08,ON,OFF
FullTest_0179,"Rank(Ts_Rank(close, 10))",USA,MINVOL3M,NONE,5,1,P1Y,0.08,OFF,ON
FullTest_0180,"Rank(Ts_Rank(close, 10))",USA,MINVOL3M,NONE,5,1,P1Y,0.08,OFF,OFF
FullTest_0181,"Rank(Ts_Rank(close, 10))",USA,MINVOL3M,NONE,5,1,P1Y,0.01,ON,ON
FullTest_0182,"Rank(Ts_Rank(close, 10))",USA,MINVOL3M,NONE,5,1,P1Y,0.01,ON,OFF
FullTest_0183,"Rank(Ts_Rank(close, 10))",USA,MINVOL3M,NONE,5,1,P1Y,0.01,OFF,ON
FullTest_0184,"Rank(Ts_Rank(close, 10))",USA,MINVOL3M,NONE,5,1,P1Y,0.01,OFF,OFF
FullTest_0185,"Rank(Ts_Rank(close, 10))",USA,MINVOL3M,NONE,5,1,P2Y,0.08,ON,ON
FullTest_0186,"Rank(Ts_Rank(close, 10))",USA,MINVOL3M,NONE,5,1,P2Y,0.08,ON,OFF
FullTest_0187,"Rank(Ts_Rank(close, 10))",USA,MINVOL3M,NONE,5,1,P2Y,0.08,OFF,ON
FullTest_0188,"Rank(Ts_Rank(close, 10))",USA,MINVOL3M,NONE,5,1,P2Y,0.08,OFF,OFF
FullTest_0189,"Rank(Ts_Rank(close, 10))",USA,MINVOL3M,NONE,5,1,P2Y,0.01,ON,ON
FullTest_0190,"Rank(Ts_Rank(close, 10))",USA,MINVOL3M,NONE,5,1,P2Y,0.01,ON,OFF
FullTest_0191,"Rank(Ts_Rank(close, 10))",USA,MINVOL3M,NONE,5,1,P2Y,0.01,OFF,ON
FullTest_0192,"Rank(Ts_Rank(close, 10))",USA,MINVOL3M,NONE,5,1,P2Y,0.01,OFF,OFF
FullTest_0193,"Rank(Ts_Rank(close, 10))",ASI,TOP3000,INDUSTRY,0,1,P1Y,0.08,ON,ON
FullTest_0194,"Rank(Ts_Rank(close, 10))",ASI,TOP3000,INDUSTRY,0,1,P1Y,0.08,ON,OFF
FullTest_0195,"Rank(Ts_Rank(close, 10))",ASI,TOP3000,INDUSTRY,0,1,P1Y,0.08,OFF,ON
FullTest_0196,"Rank(Ts_Rank(close, 10))",ASI,TOP3000,INDUSTRY,0,1,P1Y,0.08,OFF,OFF
FullTest_0197,"Rank(Ts_Rank(close, 10))",ASI,TOP3000,INDUSTRY,0,1,P1Y,0.01,ON,ON
FullTest_0198,"Rank(Ts_Rank(close, 10))",ASI,TOP3000,INDUSTRY,0,1,P1Y,0.01,ON,OFF
FullTest_0199,"Rank(Ts_Rank(close, 10))",ASI,TOP3000,INDUSTRY,0,1,P1Y,0.01,OFF,ON
FullTest_0200,"Rank(Ts_Rank(close, 10))",ASI,TOP3000,INDUSTRY,0,1,P1Y,0.01,OFF,OFF
FullTest_0201,"Rank(Ts_Rank(close, 10))",ASI,TOP3000,INDUSTRY,0,1,P2Y,0.08,ON,ON
FullTest_0202,"Rank(Ts_Rank(close, 10))",ASI,TOP3000,INDUSTRY,0,1,P2Y,0.08,ON,OFF
FullTest_0203,"Rank(Ts_Rank(close, 10))",ASI,TOP3000,INDUSTRY,0,1,P2Y,0.08,OFF,ON
FullTest_0204,"Rank(Ts_Rank(close, 10))",ASI,TOP3000,INDUSTRY,0,1,P2Y,0.08,OFF,OFF
FullTest_0205,"Rank(Ts_Rank(close, 10))",ASI,TOP3000,INDUSTRY,0,1,P2Y,0.01,ON,ON
FullTest_0206,"Rank(Ts_Rank(close, 10))",ASI,TOP3000,INDUSTRY,0,1,P2Y,0.01,ON,OFF
FullTest_0207,"Rank(Ts_Rank(close, 10))",ASI,TOP3000,INDUSTRY,0,1,P2Y,0.01,OFF,ON
FullTest_0208,"Rank(Ts_Rank(close, 10))",ASI,TOP3000,INDUSTRY,0,1,P2Y,0.01,OFF,OFF
FullTest_0209,"Rank(Ts_Rank(close, 10))",ASI,TOP3000,INDUSTRY,5,1,P1Y,0.08,ON,ON
FullTest_0210,"Rank(Ts_Rank(close, 10))",ASI,TOP3000,INDUSTRY,5,1,P1Y,0.08,ON,OFF
FullTest_0211,"Rank(Ts_Rank(close, 10))",ASI,TOP3000,INDUSTRY,5,1,P1Y,0.08,OFF,ON
FullTest_0212,"Rank(Ts_Rank(close, 10))",ASI,TOP3000,INDUSTRY,5,1,P1Y,0.08,OFF,OFF
FullTest_0213,"Rank(Ts_Rank(close, 10))",ASI,TOP3000,INDUSTRY,5,1,P1Y,0.01,ON,ON
FullTest_0214,"Rank(Ts_Rank(close, 10))",ASI,TOP3000,INDUSTRY,5,1,P1Y,0.01,ON,OFF
FullTest_0215,"Rank(Ts_Rank(close, 10))",ASI,TOP3000,INDUSTRY,5,1,P1Y,0.01,OFF,ON
FullTest_0216,"Rank(Ts_Rank(close, 10))",ASI,TOP3000,INDUSTRY,5,1,P1Y,0.01,OFF,OFF
FullTest_0217,"Rank(Ts_Rank(close, 10))",ASI,TOP3000,INDUSTRY,5,1,P2Y,0.08,ON,ON
FullTest_0218,"Rank(Ts_Rank(close, 10))",ASI,TOP3000,INDUSTRY,5,1,P2Y,0.08,ON,OFF
FullTest_0219,"Rank(Ts_Rank(close, 10))",ASI,TOP3000,INDUSTRY,5,1,P2Y,0.08,OFF,ON
FullTest_0220,"Rank(Ts_Rank(close, 10))",ASI,TOP3000,INDUSTRY,5,1,P2Y,0.08,OFF,OFF
FullTest_0221,"Rank(Ts_Rank(close, 10))",ASI,TOP3000,INDUSTRY,5,1,P2Y,0.01,ON,ON
FullTest_0222,"Rank(Ts_Rank(close, 10))",ASI,TOP3000,INDUSTRY,5,1,P2Y,0.01,ON,OFF
FullTest_0223,"Rank(Ts_Rank(close, 10))",ASI,TOP3000,INDUSTRY,5,1,P2Y,0.01,OFF,ON
FullTest_0224,"Rank(Ts_Rank(close, 10))",ASI,TOP3000,INDUSTRY,5,1,P2Y,0.01,OFF,OFF
FullTest_0225,"Rank(Ts_Rank(close, 10))",ASI,TOP3000,MARKET,0,1,P1Y,0.08,ON,ON
FullTest_0226,"Rank(Ts_Rank(close, 10))",ASI,TOP3000,MARKET,0,1,P1Y,0.08,ON,OFF
FullTest_0227,"Rank(Ts_Rank(close, 10))",ASI,TOP3000,MARKET,0,1,P1Y,0.08,OFF,ON
FullTest_0228,"Rank(Ts_Rank(close, 10))",ASI,TOP3000,MARKET,0,1,P1Y,0.08,OFF,OFF
FullTest_0229,"Rank(Ts_Rank(close, 10))",ASI,TOP3000,MARKET,0,1,P1Y,0.01,ON,ON
FullTest_0230,"Rank(Ts_Rank(close, 10))",ASI,TOP3000,MARKET,0,1,P1Y,0.01,ON,OFF
FullTest_0231,"Rank(Ts_Rank(close, 10))",ASI,TOP3000,MARKET,0,1,P1Y,0.01,OFF,ON
FullTest_0232,"Rank(Ts_Rank(close, 10))",ASI,TOP3000,MARKET,0,1,P1Y,0.01,OFF,OFF
FullTest_0233,"Rank(Ts_Rank(close, 10))",ASI,TOP3000,MARKET,0,1,P2Y,0.08,ON,ON
FullTest_0234,"Rank(Ts_Rank(close, 10))",ASI,TOP3000,MARKET,0,1,P2Y,0.08,ON,OFF
FullTest_0235,"Rank(Ts_Rank(close, 10))",ASI,TOP3000,MARKET,0,1,P2Y,0.08,OFF,ON
FullTest_0236,"Rank(Ts_Rank(close, 10))",ASI,TOP3000,MARKET,0,1,P2Y,0.08,OFF,OFF
FullTest_0237,"Rank(Ts_Rank(close, 10))",ASI,TOP3000,MARKET,0,1,P2Y,0.01,ON,ON
FullTest_0238,"Rank(Ts_Rank(close, 10))",ASI,TOP3000,MARKET,0,1,P2Y,0.01,ON,OFF
FullTest_0239,"Rank(Ts_Rank(close, 10))",ASI,TOP3000,MARKET,0,1,P2Y,0.01,OFF,ON
FullTest_0240,"Rank(Ts_Rank(close, 10))",ASI,TOP3000,MARKET,0,1,P2Y,0.01,OFF,OFF
FullTest_0241,"Rank(Ts_Rank(close, 10))",ASI,TOP3000,MARKET,5,1,P1Y,0.08,ON,ON
FullTest_0242,"Rank(Ts_Rank(close, 10))",ASI,TOP3000,MARKET,5,1,P1Y,0.08,ON,OFF
FullTest_0243,"Rank(Ts_Rank(close, 10))",ASI,TOP3000,MARKET,5,1,P1Y,0.08,OFF,ON
FullTest_0244,"Rank(Ts_Rank(close, 10))",ASI,TOP3000,MARKET,5,1,P1Y,0.08,OFF,OFF
FullTest_0245,"Rank(Ts_Rank(close, 10))",ASI,TOP3000,MARKET,5,1,P1Y,0.01,ON,ON
FullTest_0246,"Rank(Ts_Rank(close, 10))",ASI,TOP3000,MARKET,5,1,P1Y,0.01,ON,OFF
FullTest_0247,"Rank(Ts_Rank(close, 10))",ASI,TOP3000,MARKET,5,1,P1Y,0.01,OFF,ON
FullTest_0248,"Rank(Ts_Rank(close, 10))",ASI,TOP3000,MARKET,5,1,P1Y,0.01,OFF,OFF
FullTest_0249,"Rank(Ts_Rank(close, 10))",ASI,TOP3000,MARKET,5,1,P2Y,0.08,ON,ON
FullTest_0250,"Rank(Ts_Rank(close, 10))",ASI,TOP3000,MARKET,5,1,P2Y,0.08,ON,OFF
FullTest_0251,"Rank(Ts_Rank(close, 10))",ASI,TOP3000,MARKET,5,1,P2Y,0.08,OFF,ON
FullTest_0252,"Rank(Ts_Rank(close, 10))",ASI,TOP3000,MARKET,5,1,P2Y,0.08,OFF,OFF
FullTest_0253,"Rank(Ts_Rank(close, 10))",ASI,TOP3000,MARKET,5,1,P2Y,0.01,ON,ON
FullTest_0254,"Rank(Ts_Rank(close, 10))",ASI,TOP3000,MARKET,5,1,P2Y,0.01,ON,OFF
FullTest_0255,"Rank(Ts_Rank(close, 10))",ASI,TOP3000,MARKET,5,1,P2Y,0.01,OFF,ON
FullTest_0256,"Rank(Ts_Rank(close, 10))",ASI,TOP3000,MARKET,5,1,P2Y,0.01,OFF,OFF
FullTest_0257,"Rank(Ts_Rank(close, 10))",ASI,TOP3000,NONE,0,1,P1Y,0.08,ON,ON
FullTest_0258,"Rank(Ts_Rank(close, 10))",ASI,TOP3000,NONE,0,1,P1Y,0.08,ON,OFF
FullTest_0259,"Rank(Ts_Rank(close, 10))",ASI,TOP3000,NONE,0,1,P1Y,0.08,OFF,ON
FullTest_0260,"Rank(Ts_Rank(close, 10))",ASI,TOP3000,NONE,0,1,P1Y,0.08,OFF,OFF
FullTest_0261,"Rank(Ts_Rank(close, 10))",ASI,TOP3000,NONE,0,1,P1Y,0.01,ON,ON
FullTest_0262,"Rank(Ts_Rank(close, 10))",ASI,TOP3000,NONE,0,1,P1Y,0.01,ON,OFF
FullTest_0263,"Rank(Ts_Rank(close, 10))",ASI,TOP3000,NONE,0,1,P1Y,0.01,OFF,ON
FullTest_0264,"Rank(Ts_Rank(close, 10))",ASI,TOP3000,NONE,0,1,P1Y,0.01,OFF,OFF
FullTest_0265,"Rank(Ts_Rank(close, 10))",ASI,TOP3000,NONE,0,1,P2Y,0.08,ON,ON
FullTest_0266,"Rank(Ts_Rank(close, 10))",ASI,TOP3000,NONE,0,1,P2Y,0.08,ON,OFF
FullTest_0267,"Rank(Ts_Rank(close, 10))",ASI,TOP3000,NONE,0,1,P2Y,0.08,OFF,ON
FullTest_0268,"Rank(Ts_Rank(close, 10))",ASI,TOP3000,NONE,0,1,P2Y,0.08,OFF,OFF
FullTest_0269,"Rank(Ts_Rank(close, 10))",ASI,TOP3000,NONE,0,1,P2Y,0.01,ON,ON
FullTest_0270,"Rank(Ts_Rank(close, 10))",ASI,TOP3000,NONE,0,1,P2Y,0.01,ON,OFF
FullTest_0271,"Rank(Ts_Rank(close, 10))",ASI,TOP3000,NONE,0,1,P2Y,0.01,OFF,ON
FullTest_0272,"Rank(Ts_Rank(close, 10))",ASI,TOP3000,NONE,0,1,P2Y,0.01,OFF,OFF
FullTest_0273,"Rank(Ts_Rank(close, 10))",ASI,TOP3000,NONE,5,1,P1Y,0.08,ON,ON
FullTest_0274,"Rank(Ts_Rank(close, 10))",ASI,TOP3000,NONE,5,1,P1Y,0.08,ON,OFF
FullTest_0275,"Rank(Ts_Rank(close, 10))",ASI,TOP3000,NONE,5,1,P1Y,0.08,OFF,ON
FullTest_0276,"Rank(Ts_Rank(close, 10))",ASI,TOP3000,NONE,5,1,P1Y,0.08,OFF,OFF
FullTest_0277,"Rank(Ts_Rank(close, 10))",ASI,TOP3000,NONE,5,1,P1Y,0.01,ON,ON
FullTest_0278,"Rank(Ts_Rank(close, 10))",ASI,TOP3000,NONE,5,1,P1Y,0.01,ON,OFF
FullTest_0279,"Rank(Ts_Rank(close, 10))",ASI,TOP3000,NONE,5,1,P1Y,0.01,OFF,ON
FullTest_0280,"Rank(Ts_Rank(close, 10))",ASI,TOP3000,NONE,5,1,P1Y,0.01,OFF,OFF
FullTest_0281,"Rank(Ts_Rank(close, 10))",ASI,TOP3000,NONE,5,1,P2Y,0.08,ON,ON
FullTest_0282,"Rank(Ts_Rank(close, 10))",ASI,TOP3000,NONE,5,1,P2Y,0.08,ON,OFF
FullTest_0283,"Rank(Ts_Rank(close, 10))",ASI,TOP3000,NONE,5,1,P2Y,0.08,OFF,ON
FullTest_0284,"Rank(Ts_Rank(close, 10))",ASI,TOP3000,NONE,5,1,P2Y,0.08,OFF,OFF
FullTest_0285,"Rank(Ts_Rank(close, 10))",ASI,TOP3000,NONE,5,1,P2Y,0.01,ON,ON
FullTest_0286,"Rank(Ts_Rank(close, 10))",ASI,TOP3000,NONE,5,1,P2Y,0.01,ON,OFF
FullTest_0287,"Rank(Ts_Rank(close, 10))",ASI,TOP3000,NONE,5,1,P2Y,0.01,OFF,ON
FullTest_0288,"Rank(Ts_Rank(close, 10))",ASI,TOP3000,NONE,5,1,P2Y,0.01,OFF,OFF
FullTest_0289,"Rank(Ts_Rank(close, 10))",ASI,MINVOL3M,INDUSTRY,0,1,P1Y,0.08,ON,ON
FullTest_0290,"Rank(Ts_Rank(close, 10))",ASI,MINVOL3M,INDUSTRY,0,1,P1Y,0.08,ON,OFF
FullTest_0291,"Rank(Ts_Rank(close, 10))",ASI,MINVOL3M,INDUSTRY,0,1,P1Y,0.08,OFF,ON
FullTest_0292,"Rank(Ts_Rank(close, 10))",ASI,MINVOL3M,INDUSTRY,0,1,P1Y,0.08,OFF,OFF
FullTest_0293,"Rank(Ts_Rank(close, 10))",ASI,MINVOL3M,INDUSTRY,0,1,P1Y,0.01,ON,ON
FullTest_0294,"Rank(Ts_Rank(close, 10))",ASI,MINVOL3M,INDUSTRY,0,1,P1Y,0.01,ON,OFF
FullTest_0295,"Rank(Ts_Rank(close, 10))",ASI,MINVOL3M,INDUSTRY,0,1,P1Y,0.01,OFF,ON
FullTest_0296,"Rank(Ts_Rank(close, 10))",ASI,MINVOL3M,INDUSTRY,0,1,P1Y,0.01,OFF,OFF
FullTest_0297,"Rank(Ts_Rank(close, 10))",ASI,MINVOL3M,INDUSTRY,0,1,P2Y,0.08,ON,ON
FullTest_0298,"Rank(Ts_Rank(close, 10))",ASI,MINVOL3M,INDUSTRY,0,1,P2Y,0.08,ON,OFF
FullTest_0299,"Rank(Ts_Rank(close, 10))",ASI,MINVOL3M,INDUSTRY,0,1,P2Y,0.08,OFF,ON
FullTest_0300,"Rank(Ts_Rank(close, 10))",ASI,MINVOL3M,INDUSTRY,0,1,P2Y,0.08,OFF,OFF
FullTest_0301,"Rank(Ts_Rank(close, 10))",ASI,MINVOL3M,INDUSTRY,0,1,P2Y,0.01,ON,ON
FullTest_0302,"Rank(Ts_Rank(close, 10))",ASI,MINVOL3M,INDUSTRY,0,1,P2Y,0.01,ON,OFF
FullTest_0303,"Rank(Ts_Rank(close, 10))",ASI,MINVOL3M,INDUSTRY,0,1,P2Y,0.01,OFF,ON
FullTest_0304,"Rank(Ts_Rank(close, 10))",ASI,MINVOL3M,INDUSTRY,0,1,P2Y,0.01,OFF,OFF
FullTest_0305,"Rank(Ts_Rank(close, 10))",ASI,MINVOL3M,INDUSTRY,5,1,P1Y,0.08,ON,ON
FullTest_0306,"Rank(Ts_Rank(close, 10))",ASI,MINVOL3M,INDUSTRY,5,1,P1Y,0.08,ON,OFF
FullTest_0307,"Rank(Ts_Rank(close, 10))",ASI,MINVOL3M,INDUSTRY,5,1,P1Y,0.08,OFF,ON
FullTest_0308,"Rank(Ts_Rank(close, 10))",ASI,MINVOL3M,INDUSTRY,5,1,P1Y,0.08,OFF,OFF
FullTest_0309,"Rank(Ts_Rank(close, 10))",ASI,MINVOL3M,INDUSTRY,5,1,P1Y,0.01,ON,ON
FullTest_0310,"Rank(Ts_Rank(close, 10))",ASI,MINVOL3M,INDUSTRY,5,1,P1Y,0.01,ON,OFF
FullTest_0311,"Rank(Ts_Rank(close, 10))",ASI,MINVOL3M,INDUSTRY,5,1,P1Y,0.01,OFF,ON
FullTest_0312,"Rank(Ts_Rank(close, 10))",ASI,MINVOL3M,INDUSTRY,5,1,P1Y,0.01,OFF,OFF
FullTest_0313,"Rank(Ts_Rank(close, 10))",ASI,MINVOL3M,INDUSTRY,5,1,P2Y,0.08,ON,ON
FullTest_0314,"Rank(Ts_Rank(close, 10))",ASI,MINVOL3M,INDUSTRY,5,1,P2Y,0.08,ON,OFF
FullTest_0315,"Rank(Ts_Rank(close, 10))",ASI,MINVOL3M,INDUSTRY,5,1,P2Y,0.08,OFF,ON
FullTest_0316,"Rank(Ts_Rank(close, 10))",ASI,MINVOL3M,INDUSTRY,5,1,P2Y,0.08,OFF,OFF
FullTest_0317,"Rank(Ts_Rank(close, 10))",ASI,MINVOL3M,INDUSTRY,5,1,P2Y,0.01,ON,ON
FullTest_0318,"Rank(Ts_Rank(close, 10))",ASI,MINVOL3M,INDUSTRY,5,1,P2Y,0.01,ON,OFF
FullTest_0319,"Rank(Ts_Rank(close, 10))",ASI,MINVOL3M,INDUSTRY,5,1,P2Y,0.01,OFF,ON
FullTest_0320,"Rank(Ts_Rank(close, 10))",ASI,MINVOL3M,INDUSTRY,5,1,P2Y,0.01,OFF,OFF
FullTest_0321,"Rank(Ts_Rank(close, 10))",ASI,MINVOL3M,MARKET,0,1,P1Y,0.08,ON,ON
FullTest_0322,"Rank(Ts_Rank(close, 10))",ASI,MINVOL3M,MARKET,0,1,P1Y,0.08,ON,OFF
FullTest_0323,"Rank(Ts_Rank(close, 10))",ASI,MINVOL3M,MARKET,0,1,P1Y,0.08,OFF,ON
FullTest_0324,"Rank(Ts_Rank(close, 10))",ASI,MINVOL3M,MARKET,0,1,P1Y,0.08,OFF,OFF
FullTest_0325,"Rank(Ts_Rank(close, 10))",ASI,MINVOL3M,MARKET,0,1,P1Y,0.01,ON,ON
FullTest_0326,"Rank(Ts_Rank(close, 10))",ASI,MINVOL3M,MARKET,0,1,P1Y,0.01,ON,OFF
FullTest_0327,"Rank(Ts_Rank(close, 10))",ASI,MINVOL3M,MARKET,0,1,P1Y,0.01,OFF,ON
FullTest_0328,"Rank(Ts_Rank(close, 10))",ASI,MINVOL3M,MARKET,0,1,P1Y,0.01,OFF,OFF
FullTest_0329,"Rank(Ts_Rank(close, 10))",ASI,MINVOL3M,MARKET,0,1,P2Y,0.08,ON,ON
FullTest_0330,"Rank(Ts_Rank(close, 10))",ASI,MINVOL3M,MARKET,0,1,P2Y,0.08,ON,OFF
FullTest_0331,"Rank(Ts_Rank(close, 10))",ASI,MINVOL3M,MARKET,0,1,P2Y,0.08,OFF,ON
FullTest_0332,"Rank(Ts_Rank(close, 10))",ASI,MINVOL3M,MARKET,0,1,P2Y,0.08,OFF,OFF
FullTest_0333,"Rank(Ts_Rank(close, 10))",ASI,MINVOL3M,MARKET,0,1,P2Y,0.01,ON,ON
FullTest_0334,"Rank(Ts_Rank(close, 10))",ASI,MINVOL3M,MARKET,0,1,P2Y,0.01,ON,OFF
FullTest_0335,"Rank(Ts_Rank(close, 10))",ASI,MINVOL3M,MARKET,0,1,P2Y,0.01,OFF,ON
FullTest_0336,"Rank(Ts_Rank(close, 10))",ASI,MINVOL3M,MARKET,0,1,P2Y,0.01,OFF,OFF
FullTest_0337,"Rank(Ts_Rank(close, 10))",ASI,MINVOL3M,MARKET,5,1,P1Y,0.08,ON,ON
FullTest_0338,"Rank(Ts_Rank(close, 10))",ASI,MINVOL3M,MARKET,5,1,P1Y,0.08,ON,OFF
FullTest_0339,"Rank(Ts_Rank(close, 10))",ASI,MINVOL3M,MARKET,5,1,P1Y,0.08,OFF,ON
FullTest_0340,"Rank(Ts_Rank(close, 10))",ASI,MINVOL3M,MARKET,5,1,P1Y,0.08,OFF,OFF
FullTest_0341,"Rank(Ts_Rank(close, 10))",ASI,MINVOL3M,MARKET,5,1,P1Y,0.01,ON,ON
FullTest_0342,"Rank(Ts_Rank(close, 10))",ASI,MINVOL3M,MARKET,5,1,P1Y,0.01,ON,OFF
FullTest_0343,"Rank(Ts_Rank(close, 10))",ASI,MINVOL3M,MARKET,5,1,P1Y,0.01,OFF,ON
FullTest_0344,"Rank(Ts_Rank(close, 10))",ASI,MINVOL3M,MARKET,5,1,P1Y,0.01,OFF,OFF
FullTest_0345,"Rank(Ts_Rank(close, 10))",ASI,MINVOL3M,MARKET,5,1,P2Y,0.08,ON,ON
FullTest_0346,"Rank(Ts_Rank(close, 10))",ASI,MINVOL3M,MARKET,5,1,P2Y,0.08,ON,OFF
FullTest_0347,"Rank(Ts_Rank(close, 10))",ASI,MINVOL3M,MARKET,5,1,P2Y,0.08,OFF,ON
FullTest_0348,"Rank(Ts_Rank(close, 10))",ASI,MINVOL3M,MARKET,5,1,P2Y,0.08,OFF,OFF
FullTest_0349,"Rank(Ts_Rank(close, 10))",ASI,MINVOL3M,MARKET,5,1,P2Y,0.01,ON,ON
FullTest_0350,"Rank(Ts_Rank(close, 10))",ASI,MINVOL3M,MARKET,5,1,P2Y,0.01,ON,OFF
FullTest_0351,"Rank(Ts_Rank(close, 10))",ASI,MINVOL3M,MARKET,5,1,P2Y,0.01,OFF,ON
FullTest_0352,"Rank(Ts_Rank(close, 10))",ASI,MINVOL3M,MARKET,5,1,P2Y,0.01,OFF,OFF
FullTest_0353,"Rank(Ts_Rank(close, 10))",ASI,MINVOL3M,NONE,0,1,P1Y,0.08,ON,ON
FullTest_0354,"Rank(Ts_Rank(close, 10))",ASI,MINVOL3M,NONE,0,1,P1Y,0.08,ON,OFF
FullTest_0355,"Rank(Ts_Rank(close, 10))",ASI,MINVOL3M,NONE,0,1,P1Y,0.08,OFF,ON
FullTest_0356,"Rank(Ts_Rank(close, 10))",ASI,MINVOL3M,NONE,0,1,P1Y,0.08,OFF,OFF
FullTest_0357,"Rank(Ts_Rank(close, 10))",ASI,MINVOL3M,NONE,0,1,P1Y,0.01,ON,ON
FullTest_0358,"Rank(Ts_Rank(close, 10))",ASI,MINVOL3M,NONE,0,1,P1Y,0.01,ON,OFF
FullTest_0359,"Rank(Ts_Rank(close, 10))",ASI,MINVOL3M,NONE,0,1,P1Y,0.01,OFF,ON
FullTest_0360,"Rank(Ts_Rank(close, 10))",ASI,MINVOL3M,NONE,0,1,P1Y,0.01,OFF,OFF
FullTest_0361,"Rank(Ts_Rank(close, 10))",ASI,MINVOL3M,NONE,0,1,P2Y,0.08,ON,ON
FullTest_0362,"Rank(Ts_Rank(close, 10))",ASI,MINVOL3M,NONE,0,1,P2Y,0.08,ON,OFF
FullTest_0363,"Rank(Ts_Rank(close, 10))",ASI,MINVOL3M,NONE,0,1,P2Y,0.08,OFF,ON
FullTest_0364,"Rank(Ts_Rank(close, 10))",ASI,MINVOL3M,NONE,0,1,P2Y,0.08,OFF,OFF
FullTest_0365,"Rank(Ts_Rank(close, 10))",ASI,MINVOL3M,NONE,0,1,P2Y,0.01,ON,ON
FullTest_0366,"Rank(Ts_Rank(close, 10))",ASI,MINVOL3M,NONE,0,1,P2Y,0.01,ON,OFF
FullTest_0367,"Rank(Ts_Rank(close, 10))",ASI,MINVOL3M,NONE,0,1,P2Y,0.01,OFF,ON
FullTest_0368,"Rank(Ts_Rank(close, 10))",ASI,MINVOL3M,NONE,0,1,P2Y,0.01,OFF,OFF
FullTest_0369,"Rank(Ts_Rank(close, 10))",ASI,MINVOL3M,NONE,5,1,P1Y,0.08,ON,ON
FullTest_0370,"Rank(Ts_Rank(close, 10))",ASI,MINVOL3M,NONE,5,1,P1Y,0.08,ON,OFF
FullTest_0371,"Rank(Ts_Rank(close, 10))",ASI,MINVOL3M,NONE,5,1,P1Y,0.08,OFF,ON
FullTest_0372,"Rank(Ts_Rank(close, 10))",ASI,MINVOL3M,NONE,5,1,P1Y,0.08,OFF,OFF
FullTest_0373,"Rank(Ts_Rank(close, 10))",ASI,MINVOL3M,NONE,5,1,P1Y,0.01,ON,ON
FullTest_0374,"Rank(Ts_Rank(close, 10))",ASI,MINVOL3M,NONE,5,1,P1Y,0.01,ON,OFF
FullTest_0375,"Rank(Ts_Rank(close, 10))",ASI,MINVOL3M,NONE,5,1,P1Y,0.01,OFF,ON
FullTest_0376,"Rank(Ts_Rank(close, 10))",ASI,MINVOL3M,NONE,5,1,P1Y,0.01,OFF,OFF
FullTest_0377,"Rank(Ts_Rank(close, 10))",ASI,MINVOL3M,NONE,5,1,P2Y,0.08,ON,ON
FullTest_0378,"Rank(Ts_Rank(close, 10))",ASI,MINVOL3M,NONE,5,1,P2Y,0.08,ON,OFF
FullTest_0379,"Rank(Ts_Rank(close, 10))",ASI,MINVOL3M,NONE,5,1,P2Y,0.08,OFF,ON
FullTest_0380,"Rank(Ts_Rank(close, 10))",ASI,MINVOL3M,NONE,5,1,P2Y,0.08,OFF,OFF
FullTest_0381,"Rank(Ts_Rank(close, 10))",ASI,MINVOL3M,NONE,5,1,P2Y,0.01,ON,ON
FullTest_0382,"Rank(Ts_Rank(close, 10))",ASI,MINVOL3M,NONE,5,1,P2Y,0.01,ON,OFF
FullTest_0383,"Rank(Ts_Rank(close, 10))",ASI,MINVOL3M,NONE,5,1,P2Y,0.01,OFF,ON
FullTest_0384,"Rank(Ts_Rank(close, 10))",ASI,MINVOL3M,NONE,5,1,P2Y,0.01,OFF,OFF
FullTest_0385,"Rank(Ts_Rank(close, 10))",EUR,TOP3000,INDUSTRY,0,1,P1Y,0.08,ON,ON
FullTest_0386,"Rank(Ts_Rank(close, 10))",EUR,TOP3000,INDUSTRY,0,1,P1Y,0.08,ON,OFF
FullTest_0387,"Rank(Ts_Rank(close, 10))",EUR,TOP3000,INDUSTRY,0,1,P1Y,0.08,OFF,ON
FullTest_0388,"Rank(Ts_Rank(close, 10))",EUR,TOP3000,INDUSTRY,0,1,P1Y,0.08,OFF,OFF
FullTest_0389,"Rank(Ts_Rank(close, 10))",EUR,TOP3000,INDUSTRY,0,1,P1Y,0.01,ON,ON
FullTest_0390,"Rank(Ts_Rank(close, 10))",EUR,TOP3000,INDUSTRY,0,1,P1Y,0.01,ON,OFF
FullTest_0391,"Rank(Ts_Rank(close, 10))",EUR,TOP3000,INDUSTRY,0,1,P1Y,0.01,OFF,ON
FullTest_0392,"Rank(Ts_Rank(close, 10))",EUR,TOP3000,INDUSTRY,0,1,P1Y,0.01,OFF,OFF
FullTest_0393,"Rank(Ts_Rank(close, 10))",EUR,TOP3000,INDUSTRY,0,1,P2Y,0.08,ON,ON
FullTest_0394,"Rank(Ts_Rank(close, 10))",EUR,TOP3000,INDUSTRY,0,1,P2Y,0.08,ON,OFF
FullTest_0395,"Rank(Ts_Rank(close, 10))",EUR,TOP3000,INDUSTRY,0,1,P2Y,0.08,OFF,ON
FullTest_0396,"Rank(Ts_Rank(close, 10))",EUR,TOP3000,INDUSTRY,0,1,P2Y,0.08,OFF,OFF
FullTest_0397,"Rank(Ts_Rank(close, 10))",EUR,TOP3000,INDUSTRY,0,1,P2Y,0.01,ON,ON
FullTest_0398,"Rank(Ts_Rank(close, 10))",EUR,TOP3000,INDUSTRY,0,1,P2Y,0.01,ON,OFF
FullTest_0399,"Rank(Ts_Rank(close, 10))",EUR,TOP3000,INDUSTRY,0,1,P2Y,0.01,OFF,ON
FullTest_0400,"Rank(Ts_Rank(close, 10))",EUR,TOP3000,INDUSTRY,0,1,P2Y,0.01,OFF,OFF
FullTest_0401,"Rank(Ts_Rank(close, 10))",EUR,TOP3000,INDUSTRY,5,1,P1Y,0.08,ON,ON
FullTest_0402,"Rank(Ts_Rank(close, 10))",EUR,TOP3000,INDUSTRY,5,1,P1Y,0.08,ON,OFF
FullTest_0403,"Rank(Ts_Rank(close, 10))",EUR,TOP3000,INDUSTRY,5,1,P1Y,0.08,OFF,ON
FullTest_0404,"Rank(Ts_Rank(close, 10))",EUR,TOP3000,INDUSTRY,5,1,P1Y,0.08,OFF,OFF
FullTest_0405,"Rank(Ts_Rank(close, 10))",EUR,TOP3000,INDUSTRY,5,1,P1Y,0.01,ON,ON
FullTest_0406,"Rank(Ts_Rank(close, 10))",EUR,TOP3000,INDUSTRY,5,1,P1Y,0.01,ON,OFF
FullTest_0407,"Rank(Ts_Rank(close, 10))",EUR,TOP3000,INDUSTRY,5,1,P1Y,0.01,OFF,ON
FullTest_0408,"Rank(Ts_Rank(close, 10))",EUR,TOP3000,INDUSTRY,5,1,P1Y,0.01,OFF,OFF
FullTest_0409,"Rank(Ts_Rank(close, 10))",EUR,TOP3000,INDUSTRY,5,1,P2Y,0.08,ON,ON
FullTest_0410,"Rank(Ts_Rank(close, 10))",EUR,TOP3000,INDUSTRY,5,1,P2Y,0.08,ON,OFF
FullTest_0411,"Rank(Ts_Rank(close, 10))",EUR,TOP3000,INDUSTRY,5,1,P2Y,0.08,OFF,ON
FullTest_0412,"Rank(Ts_Rank(close, 10))",EUR,TOP3000,INDUSTRY,5,1,P2Y,0.08,OFF,OFF
FullTest_0413,"Rank(Ts_Rank(close, 10))",EUR,TOP3000,INDUSTRY,5,1,P2Y,0.01,ON,ON
FullTest_0414,"Rank(Ts_Rank(close, 10))",EUR,TOP3000,INDUSTRY,5,1,P2Y,0.01,ON,OFF
FullTest_0415,"Rank(Ts_Rank(close, 10))",EUR,TOP3000,INDUSTRY,5,1,P2Y,0.01,OFF,ON
FullTest_0416,"Rank(Ts_Rank(close, 10))",EUR,TOP3000,INDUSTRY,5,1,P2Y,0.01,OFF,OFF
FullTest_0417,"Rank(Ts_Rank(close, 10))",EUR,TOP3000,MARKET,0,1,P1Y,0.08,ON,ON
FullTest_0418,"Rank(Ts_Rank(close, 10))",EUR,TOP3000,MARKET,0,1,P1Y,0.08,ON,OFF
FullTest_0419,"Rank(Ts_Rank(close, 10))",EUR,TOP3000,MARKET,0,1,P1Y,0.08,OFF,ON
FullTest_0420,"Rank(Ts_Rank(close, 10))",EUR,TOP3000,MARKET,0,1,P1Y,0.08,OFF,OFF
FullTest_0421,"Rank(Ts_Rank(close, 10))",EUR,TOP3000,MARKET,0,1,P1Y,0.01,ON,ON
FullTest_0422,"Rank(Ts_Rank(close, 10))",EUR,TOP3000,MARKET,0,1,P1Y,0.01,ON,OFF
FullTest_0423,"Rank(Ts_Rank(close, 10))",EUR,TOP3000,MARKET,0,1,P1Y,0.01,OFF,ON
FullTest_0424,"Rank(Ts_Rank(close, 10))",EUR,TOP3000,MARKET,0,1,P1Y,0.01,OFF,OFF
FullTest_0425,"Rank(Ts_Rank(close, 10))",EUR,TOP3000,MARKET,0,1,P2Y,0.08,ON,ON
FullTest_0426,"Rank(Ts_Rank(close, 10))",EUR,TOP3000,MARKET,0,1,P2Y,0.08,ON,OFF
FullTest_0427,"Rank(Ts_Rank(close, 10))",EUR,TOP3000,MARKET,0,1,P2Y,0.08,OFF,ON
FullTest_0428,"Rank(Ts_Rank(close, 10))",EUR,TOP3000,MARKET,0,1,P2Y,0.08,OFF,OFF
FullTest_0429,"Rank(Ts_Rank(close, 10))",EUR,TOP3000,MARKET,0,1,P2Y,0.01,ON,ON
FullTest_0430,"Rank(Ts_Rank(close, 10))",EUR,TOP3000,MARKET,0,1,P2Y,0.01,ON,OFF
FullTest_0431,"Rank(Ts_Rank(close, 10))",EUR,TOP3000,MARKET,0,1,P2Y,0.01,OFF,ON
FullTest_0432,"Rank(Ts_Rank(close, 10))",EUR,TOP3000,MARKET,0,1,P2Y,0.01,OFF,OFF
FullTest_0433,"Rank(Ts_Rank(close, 10))",EUR,TOP3000,MARKET,5,1,P1Y,0.08,ON,ON
FullTest_0434,"Rank(Ts_Rank(close, 10))",EUR,TOP3000,MARKET,5,1,P1Y,0.08,ON,OFF
FullTest_0435,"Rank(Ts_Rank(close, 10))",EUR,TOP3000,MARKET,5,1,P1Y,0.08,OFF,ON
FullTest_0436,"Rank(Ts_Rank(close, 10))",EUR,TOP3000,MARKET,5,1,P1Y,0.08,OFF,OFF
FullTest_0437,"Rank(Ts_Rank(close, 10))",EUR,TOP3000,MARKET,5,1,P1Y,0.01,ON,ON
FullTest_0438,"Rank(Ts_Rank(close, 10))",EUR,TOP3000,MARKET,5,1,P1Y,0.01,ON,OFF
FullTest_0439,"Rank(Ts_Rank(close, 10))",EUR,TOP3000,MARKET,5,1,P1Y,0.01,OFF,ON
FullTest_0440,"Rank(Ts_Rank(close, 10))",EUR,TOP3000,MARKET,5,1,P1Y,0.01,OFF,OFF
FullTest_0441,"Rank(Ts_Rank(close, 10))",EUR,TOP3000,MARKET,5,1,P2Y,0.08,ON,ON
FullTest_0442,"Rank(Ts_Rank(close, 10))",EUR,TOP3000,MARKET,5,1,P2Y,0.08,ON,OFF
FullTest_0443,"Rank(Ts_Rank(close, 10))",EUR,TOP3000,MARKET,5,1,P2Y,0.08,OFF,ON
FullTest_0444,"Rank(Ts_Rank(close, 10))",EUR,TOP3000,MARKET,5,1,P2Y,0.08,OFF,OFF
FullTest_0445,"Rank(Ts_Rank(close, 10))",EUR,TOP3000,MARKET,5,1,P2Y,0.01,ON,ON
FullTest_0446,"Rank(Ts_Rank(close, 10))",EUR,TOP3000,MARKET,5,1,P2Y,0.01,ON,OFF
FullTest_0447,"Rank(Ts_Rank(close, 10))",EUR,TOP3000,MARKET,5,1,P2Y,0.01,OFF,ON
FullTest_0448,"Rank(Ts_Rank(close, 10))",EUR,TOP3000,MARKET,5,1,P2Y,0.01,OFF,OFF
FullTest_0449,"Rank(Ts_Rank(close, 10))",EUR,TOP3000,NONE,0,1,P1Y,0.08,ON,ON
FullTest_0450,"Rank(Ts_Rank(close, 10))",EUR,TOP3000,NONE,0,1,P1Y,0.08,ON,OFF
FullTest_0451,"Rank(Ts_Rank(close, 10))",EUR,TOP3000,NONE,0,1,P1Y,0.08,OFF,ON
FullTest_0452,"Rank(Ts_Rank(close, 10))",EUR,TOP3000,NONE,0,1,P1Y,0.08,OFF,OFF
FullTest_0453,"Rank(Ts_Rank(close, 10))",EUR,TOP3000,NONE,0,1,P1Y,0.01,ON,ON
FullTest_0454,"Rank(Ts_Rank(close, 10))",EUR,TOP3000,NONE,0,1,P1Y,0.01,ON,OFF
FullTest_0455,"Rank(Ts_Rank(close, 10))",EUR,TOP3000,NONE,0,1,P1Y,0.01,OFF,ON
FullTest_0456,"Rank(Ts_Rank(close, 10))",EUR,TOP3000,NONE,0,1,P1Y,0.01,OFF,OFF
FullTest_0457,"Rank(Ts_Rank(close, 10))",EUR,TOP3000,NONE,0,1,P2Y,0.08,ON,ON
FullTest_0458,"Rank(Ts_Rank(close, 10))",EUR,TOP3000,NONE,0,1,P2Y,0.08,ON,OFF
FullTest_0459,"Rank(Ts_Rank(close, 10))",EUR,TOP3000,NONE,0,1,P2Y,0.08,OFF,ON
FullTest_0460,"Rank(Ts_Rank(close, 10))",EUR,TOP3000,NONE,0,1,P2Y,0.08,OFF,OFF
FullTest_0461,"Rank(Ts_Rank(close, 10))",EUR,TOP3000,NONE,0,1,P2Y,0.01,ON,ON
FullTest_0462,"Rank(Ts_Rank(close, 10))",EUR,TOP3000,NONE,0,1,P2Y,0.01,ON,OFF
FullTest_0463,"Rank(Ts_Rank(close, 10))",EUR,TOP3000,NONE,0,1,P2Y,0.01,OFF,ON
FullTest_0464,"Rank(Ts_Rank(close, 10))",EUR,TOP3000,NONE,0,1,P2Y,0.01,OFF,OFF
FullTest_0465,"Rank(Ts_Rank(close, 10))",EUR,TOP3000,NONE,5,1,P1Y,0.08,ON,ON
FullTest_0466,"Rank(Ts_Rank(close, 10))",EUR,TOP3000,NONE,5,1,P1Y,0.08,ON,OFF
FullTest_0467,"Rank(Ts_Rank(close, 10))",EUR,TOP3000,NONE,5,1,P1Y,0.08,OFF,ON
FullTest_0468,"Rank(Ts_Rank(close, 10))",EUR,TOP3000,NONE,5,1,P1Y,0.08,OFF,OFF
FullTest_0469,"Rank(Ts_Rank(close, 10))",EUR,TOP3000,NONE,5,1,P1Y,0.01,ON,ON
FullTest_0470,"Rank(Ts_Rank(close, 10))",EUR,TOP3000,NONE,5,1,P1Y,0.01,ON,OFF
FullTest_0471,"Rank(Ts_Rank(close, 10))",EUR,TOP3000,NONE,5,1,P1Y,0.01,OFF,ON
FullTest_0472,"Rank(Ts_Rank(close, 10))",EUR,TOP3000,NONE,5,1,P1Y,0.01,OFF,OFF
FullTest_0473,"Rank(Ts_Rank(close, 10))",EUR,TOP3000,NONE,5,1,P2Y,0.08,ON,ON
FullTest_0474,"Rank(Ts_Rank(close, 10))",EUR,TOP3000,NONE,5,1,P2Y,0.08,ON,OFF
FullTest_0475,"Rank(Ts_Rank(close, 10))",EUR,TOP3000,NONE,5,1,P2Y,0.08,OFF,ON
FullTest_0476,"Rank(Ts_Rank(close, 10))",EUR,TOP3000,NONE,5,1,P2Y,0.08,OFF,OFF
FullTest_0477,"Rank(Ts_Rank(close, 10))",EUR,TOP3000,NONE,5,1,P2Y,0.01,ON,ON
FullTest_0478,"Rank(Ts_Rank(close, 10))",EUR,TOP3000,NONE,5,1,P2Y,0.01,ON,OFF
FullTest_0479,"Rank(Ts_Rank(close, 10))",EUR,TOP3000,NONE,5,1,P2Y,0.01,OFF,ON
FullTest_0480,"Rank(Ts_Rank(close, 10))",EUR,TOP3000,NONE,5,1,P2Y,0.01,OFF,OFF
FullTest_0481,"Rank(Ts_Rank(close, 10))",EUR,MINVOL3M,INDUSTRY,0,1,P1Y,0.08,ON,ON
FullTest_0482,"Rank(Ts_Rank(close, 10))",EUR,MINVOL3M,INDUSTRY,0,1,P1Y,0.08,ON,OFF
FullTest_0483,"Rank(Ts_Rank(close, 10))",EUR,MINVOL3M,INDUSTRY,0,1,P1Y,0.08,OFF,ON
FullTest_0484,"Rank(Ts_Rank(close, 10))",EUR,MINVOL3M,INDUSTRY,0,1,P1Y,0.08,OFF,OFF
FullTest_0485,"Rank(Ts_Rank(close, 10))",EUR,MINVOL3M,INDUSTRY,0,1,P1Y,0.01,ON,ON
FullTest_0486,"Rank(Ts_Rank(close, 10))",EUR,MINVOL3M,INDUSTRY,0,1,P1Y,0.01,ON,OFF
FullTest_0487,"Rank(Ts_Rank(close, 10))",EUR,MINVOL3M,INDUSTRY,0,1,P1Y,0.01,OFF,ON
FullTest_0488,"Rank(Ts_Rank(close, 10))",EUR,MINVOL3M,INDUSTRY,0,1,P1Y,0.01,OFF,OFF
FullTest_0489,"Rank(Ts_Rank(close, 10))",EUR,MINVOL3M,INDUSTRY,0,1,P2Y,0.08,ON,ON
FullTest_0490,"Rank(Ts_Rank(close, 10))",EUR,MINVOL3M,INDUSTRY,0,1,P2Y,0.08,ON,OFF
FullTest_0491,"Rank(Ts_Rank(close, 10))",EUR,MINVOL3M,INDUSTRY,0,1,P2Y,0.08,OFF,ON
FullTest_0492,"Rank(Ts_Rank(close, 10))",EUR,MINVOL3M,INDUSTRY,0,1,P2Y,0.08,OFF,OFF
FullTest_0493,"Rank(Ts_Rank(close, 10))",EUR,MINVOL3M,INDUSTRY,0,1,P2Y,0.01,ON,ON
FullTest_0494,"Rank(Ts_Rank(close, 10))",EUR,MINVOL3M,INDUSTRY,0,1,P2Y,0.01,ON,OFF
FullTest_0495,"Rank(Ts_Rank(close, 10))",EUR,MINVOL3M,INDUSTRY,0,1,P2Y,0.01,OFF,ON
FullTest_0496,"Rank(Ts_Rank(close, 10))",EUR,MINVOL3M,INDUSTRY,0,1,P2Y,0.01,OFF,OFF
FullTest_0497,"Rank(Ts_Rank(close, 10))",EUR,MINVOL3M,INDUSTRY,5,1,P1Y,0.08,ON,ON
FullTest_0498,"Rank(Ts_Rank(close, 10))",EUR,MINVOL3M,INDUSTRY,5,1,P1Y,0.08,ON,OFF
FullTest_0499,"Rank(Ts_Rank(close, 10))",EUR,MINVOL3M,INDUSTRY,5,1,P1Y,0.08,OFF,ON
FullTest_0500,"Rank(Ts_Rank(close, 10))",EUR,MINVOL3M,INDUSTRY,5,1,P1Y,0.08,OFF,OFF
FullTest_0501,"Rank(Ts_Rank(close, 10))",EUR,MINVOL3M,INDUSTRY,5,1,P1Y,0.01,ON,ON
FullTest_0502,"Rank(Ts_Rank(close, 10))",EUR,MINVOL3M,INDUSTRY,5,1,P1Y,0.01,ON,OFF
FullTest_0503,"Rank(Ts_Rank(close, 10))",EUR,MINVOL3M,INDUSTRY,5,1,P1Y,0.01,OFF,ON
FullTest_0504,"Rank(Ts_Rank(close, 10))",EUR,MINVOL3M,INDUSTRY,5,1,P1Y,0.01,OFF,OFF
FullTest_0505,"Rank(Ts_Rank(close, 10))",EUR,MINVOL3M,INDUSTRY,5,1,P2Y,0.08,ON,ON
FullTest_0506,"Rank(Ts_Rank(close, 10))",EUR,MINVOL3M,INDUSTRY,5,1,P2Y,0.08,ON,OFF
FullTest_0507,"Rank(Ts_Rank(close, 10))",EUR,MINVOL3M,INDUSTRY,5,1,P2Y,0.08,OFF,ON
FullTest_0508,"Rank(Ts_Rank(close, 10))",EUR,MINVOL3M,INDUSTRY,5,1,P2Y,0.08,OFF,OFF
FullTest_0509,"Rank(Ts_Rank(close, 10))",EUR,MINVOL3M,INDUSTRY,5,1,P2Y,0.01,ON,ON
FullTest_0510,"Rank(Ts_Rank(close, 10))",EUR,MINVOL3M,INDUSTRY,5,1,P2Y,0.01,ON,OFF
FullTest_0511,"Rank(Ts_Rank(close, 10))",EUR,MINVOL3M,INDUSTRY,5,1,P2Y,0.01,OFF,ON
FullTest_0512,"Rank(Ts_Rank(close, 10))",EUR,MINVOL3M,INDUSTRY,5,1,P2Y,0.01,OFF,OFF
FullTest_0513,"Rank(Ts_Rank(close, 10))",EUR,MINVOL3M,MARKET,0,1,P1Y,0.08,ON,ON
FullTest_0514,"Rank(Ts_Rank(close, 10))",EUR,MINVOL3M,MARKET,0,1,P1Y,0.08,ON,OFF
FullTest_0515,"Rank(Ts_Rank(close, 10))",EUR,MINVOL3M,MARKET,0,1,P1Y,0.08,OFF,ON
FullTest_0516,"Rank(Ts_Rank(close, 10))",EUR,MINVOL3M,MARKET,0,1,P1Y,0.08,OFF,OFF
FullTest_0517,"Rank(Ts_Rank(close, 10))",EUR,MINVOL3M,MARKET,0,1,P1Y,0.01,ON,ON
FullTest_0518,"Rank(Ts_Rank(close, 10))",EUR,MINVOL3M,MARKET,0,1,P1Y,0.01,ON,OFF
FullTest_0519,"Rank(Ts_Rank(close, 10))",EUR,MINVOL3M,MARKET,0,1,P1Y,0.01,OFF,ON
FullTest_0520,"Rank(Ts_Rank(close, 10))",EUR,MINVOL3M,MARKET,0,1,P1Y,0.01,OFF,OFF
FullTest_0521,"Rank(Ts_Rank(close, 10))",EUR,MINVOL3M,MARKET,0,1,P2Y,0.08,ON,ON
FullTest_0522,"Rank(Ts_Rank(close, 10))",EUR,MINVOL3M,MARKET,0,1,P2Y,0.08,ON,OFF
FullTest_0523,"Rank(Ts_Rank(close, 10))",EUR,MINVOL3M,MARKET,0,1,P2Y,0.08,OFF,ON
FullTest_0524,"Rank(Ts_Rank(close, 10))",EUR,MINVOL3M,MARKET,0,1,P2Y,0.08,OFF,OFF
FullTest_0525,"Rank(Ts_Rank(close, 10))",EUR,MINVOL3M,MARKET,0,1,P2Y,0.01,ON,ON
FullTest_0526,"Rank(Ts_Rank(close, 10))",EUR,MINVOL3M,MARKET,0,1,P2Y,0.01,ON,OFF
FullTest_0527,"Rank(Ts_Rank(close, 10))",EUR,MINVOL3M,MARKET,0,1,P2Y,0.01,OFF,ON
FullTest_0528,"Rank(Ts_Rank(close, 10))",EUR,MINVOL3M,MARKET,0,1,P2Y,0.01,OFF,OFF
FullTest_0529,"Rank(Ts_Rank(close, 10))",EUR,MINVOL3M,MARKET,5,1,P1Y,0.08,ON,ON
FullTest_0530,"Rank(Ts_Rank(close, 10))",EUR,MINVOL3M,MARKET,5,1,P1Y,0.08,ON,OFF
FullTest_0531,"Rank(Ts_Rank(close, 10))",EUR,MINVOL3M,MARKET,5,1,P1Y,0.08,OFF,ON
FullTest_0532,"Rank(Ts_Rank(close, 10))",EUR,MINVOL3M,MARKET,5,1,P1Y,0.08,OFF,OFF
FullTest_0533,"Rank(Ts_Rank(close, 10))",EUR,MINVOL3M,MARKET,5,1,P1Y,0.01,ON,ON
FullTest_0534,"Rank(Ts_Rank(close, 10))",EUR,MINVOL3M,MARKET,5,1,P1Y,0.01,ON,OFF
FullTest_0535,"Rank(Ts_Rank(close, 10))",EUR,MINVOL3M,MARKET,5,1,P1Y,0.01,OFF,ON
FullTest_0536,"Rank(Ts_Rank(close, 10))",EUR,MINVOL3M,MARKET,5,1,P1Y,0.01,OFF,OFF
FullTest_0537,"Rank(Ts_Rank(close, 10))",EUR,MINVOL3M,MARKET,5,1,P2Y,0.08,ON,ON
FullTest_0538,"Rank(Ts_Rank(close, 10))",EUR,MINVOL3M,MARKET,5,1,P2Y,0.08,ON,OFF
FullTest_0539,"Rank(Ts_Rank(close, 10))",EUR,MINVOL3M,MARKET,5,1,P2Y,0.08,OFF,ON
FullTest_0540,"Rank(Ts_Rank(close, 10))",EUR,MINVOL3M,MARKET,5,1,P2Y,0.08,OFF,OFF
FullTest_0541,"Rank(Ts_Rank(close, 10))",EUR,MINVOL3M,MARKET,5,1,P2Y,0.01,ON,ON
FullTest_0542,"Rank(Ts_Rank(close, 10))",EUR,MINVOL3M,MARKET,5,1,P2Y,0.01,ON,OFF
FullTest_0543,"Rank(Ts_Rank(close, 10))",EUR,MINVOL3M,MARKET,5,1,P2Y,0.01,OFF,ON
FullTest_0544,"Rank(Ts_Rank(close, 10))",EUR,MINVOL3M,MARKET,5,1,P2Y,0.01,OFF,OFF
FullTest_0545,"Rank(Ts_Rank(close, 10))",EUR,MINVOL3M,NONE,0,1,P1Y,0.08,ON,ON
FullTest_0546,"Rank(Ts_Rank(close, 10))",EUR,MINVOL3M,NONE,0,1,P1Y,0.08,ON,OFF
FullTest_0547,"Rank(Ts_Rank(close, 10))",EUR,MINVOL3M,NONE,0,1,P1Y,0.08,OFF,ON
FullTest_0548,"Rank(Ts_Rank(close, 10))",EUR,MINVOL3M,NONE,0,1,P1Y,0.08,OFF,OFF
FullTest_0549,"Rank(Ts_Rank(close, 10))",EUR,MINVOL3M,NONE,0,1,P1Y,0.01,ON,ON
FullTest_0550,"Rank(Ts_Rank(close, 10))",EUR,MINVOL3M,NONE,0,1,P1Y,0.01,ON,OFF
FullTest_0551,"Rank(Ts_Rank(close, 10))",EUR,MINVOL3M,NONE,0,1,P1Y,0.01,OFF,ON
FullTest_0552,"Rank(Ts_Rank(close, 10))",EUR,MINVOL3M,NONE,0,1,P1Y,0.01,OFF,OFF
FullTest_0553,"Rank(Ts_Rank(close, 10))",EUR,MINVOL3M,NONE,0,1,P2Y,0.08,ON,ON
FullTest_0554,"Rank(Ts_Rank(close, 10))",EUR,MINVOL3M,NONE,0,1,P2Y,0.08,ON,OFF
FullTest_0555,"Rank(Ts_Rank(close, 10))",EUR,MINVOL3M,NONE,0,1,P2Y,0.08,OFF,ON
FullTest_0556,"Rank(Ts_Rank(close, 10))",EUR,MINVOL3M,NONE,0,1,P2Y,0.08,OFF,OFF
FullTest_0557,"Rank(Ts_Rank(close, 10))",EUR,MINVOL3M,NONE,0,1,P2Y,0.01,ON,ON
FullTest_0558,"Rank(Ts_Rank(close, 10))",EUR,MINVOL3M,NONE,0,1,P2Y,0.01,ON,OFF
FullTest_0559,"Rank(Ts_Rank(close, 10))",EUR,MINVOL3M,NONE,0,1,P2Y,0.01,OFF,ON
FullTest_0560,"Rank(Ts_Rank(close, 10))",EUR,MINVOL3M,NONE,0,1,P2Y,0.01,OFF,OFF
FullTest_0561,"Rank(Ts_Rank(close, 10))",EUR,MINVOL3M,NONE,5,1,P1Y,0.08,ON,ON
FullTest_0562,"Rank(Ts_Rank(close, 10))",EUR,MINVOL3M,NONE,5,1,P1Y,0.08,ON,OFF
FullTest_0563,"Rank(Ts_Rank(close, 10))",EUR,MINVOL3M,NONE,5,1,P1Y,0.08,OFF,ON
FullTest_0564,"Rank(Ts_Rank(close, 10))",EUR,MINVOL3M,NONE,5,1,P1Y,0.08,OFF,OFF
FullTest_0565,"Rank(Ts_Rank(close, 10))",EUR,MINVOL3M,NONE,5,1,P1Y,0.01,ON,ON
FullTest_0566,"Rank(Ts_Rank(close, 10))",EUR,MINVOL3M,NONE,5,1,P1Y,0.01,ON,OFF
FullTest_0567,"Rank(Ts_Rank(close, 10))",EUR,MINVOL3M,NONE,5,1,P1Y,0.01,OFF,ON
FullTest_0568,"Rank(Ts_Rank(close, 10))",EUR,MINVOL3M,NONE,5,1,P1Y,0.01,OFF,OFF
FullTest_0569,"Rank(Ts_Rank(close, 10))",EUR,MINVOL3M,NONE,5,1,P2Y,0.08,ON,ON
FullTest_0570,"Rank(Ts_Rank(close, 10))",EUR,MINVOL3M,NONE,5,1,P2Y,0.08,ON,OFF
FullTest_0571,"Rank(Ts_Rank(close, 10))",EUR,MINVOL3M,NONE,5,1,P2Y,0.08,OFF,ON
FullTest_0572,"Rank(Ts_Rank(close, 10))",EUR,MINVOL3M,NONE,5,1,P2Y,0.08,OFF,OFF
FullTest_0573,"Rank(Ts_Rank(close, 10))",EUR,MINVOL3M,NONE,5,1,P2Y,0.01,ON,ON
FullTest_0574,"Rank(Ts_Rank(close, 10))",EUR,MINVOL3M,NONE,5,1,P2Y,0.01,ON,OFF
FullTest_0575,"Rank(Ts_Rank(close, 10))",EUR,MINVOL3M,NONE,5,1,P2Y,0.01,OFF,ON
FullTest_0576,"Rank(Ts_Rank(close, 10))",EUR,MINVOL3M,NONE,5,1,P2Y,0.01,OFF,OFF
FullTest_0577,"Rank(Ts_Rank(close, 20))",USA,TOP3000,INDUSTRY,0,1,P1Y,0.08,ON,ON
FullTest_0578,"Rank(Ts_Rank(close, 20))",USA,TOP3000,INDUSTRY,0,1,P1Y,0.08,ON,OFF
FullTest_0579,"Rank(Ts_Rank(close, 20))",USA,TOP3000,INDUSTRY,0,1,P1Y,0.08,OFF,ON
FullTest_0580,"Rank(Ts_Rank(close, 20))",USA,TOP3000,INDUSTRY,0,1,P1Y,0.08,OFF,OFF
FullTest_0581,"Rank(Ts_Rank(close, 20))",USA,TOP3000,INDUSTRY,0,1,P1Y,0.01,ON,ON
FullTest_0582,"Rank(Ts_Rank(close, 20))",USA,TOP3000,INDUSTRY,0,1,P1Y,0.01,ON,OFF
FullTest_0583,"Rank(Ts_Rank(close, 20))",USA,TOP3000,INDUSTRY,0,1,P1Y,0.01,OFF,ON
FullTest_0584,"Rank(Ts_Rank(close, 20))",USA,TOP3000,INDUSTRY,0,1,P1Y,0.01,OFF,OFF
FullTest_0585,"Rank(Ts_Rank(close, 20))",USA,TOP3000,INDUSTRY,0,1,P2Y,0.08,ON,ON
FullTest_0586,"Rank(Ts_Rank(close, 20))",USA,TOP3000,INDUSTRY,0,1,P2Y,0.08,ON,OFF
FullTest_0587,"Rank(Ts_Rank(close, 20))",USA,TOP3000,INDUSTRY,0,1,P2Y,0.08,OFF,ON
FullTest_0588,"Rank(Ts_Rank(close, 20))",USA,TOP3000,INDUSTRY,0,1,P2Y,0.08,OFF,OFF
FullTest_0589,"Rank(Ts_Rank(close, 20))",USA,TOP3000,INDUSTRY,0,1,P2Y,0.01,ON,ON
FullTest_0590,"Rank(Ts_Rank(close, 20))",USA,TOP3000,INDUSTRY,0,1,P2Y,0.01,ON,OFF
FullTest_0591,"Rank(Ts_Rank(close, 20))",USA,TOP3000,INDUSTRY,0,1,P2Y,0.01,OFF,ON
FullTest_0592,"Rank(Ts_Rank(close, 20))",USA,TOP3000,INDUSTRY,0,1,P2Y,0.01,OFF,OFF
FullTest_0593,"Rank(Ts_Rank(close, 20))",USA,TOP3000,INDUSTRY,5,1,P1Y,0.08,ON,ON
FullTest_0594,"Rank(Ts_Rank(close, 20))",USA,TOP3000,INDUSTRY,5,1,P1Y,0.08,ON,OFF
FullTest_0595,"Rank(Ts_Rank(close, 20))",USA,TOP3000,INDUSTRY,5,1,P1Y,0.08,OFF,ON
FullTest_0596,"Rank(Ts_Rank(close, 20))",USA,TOP3000,INDUSTRY,5,1,P1Y,0.08,OFF,OFF
FullTest_0597,"Rank(Ts_Rank(close, 20))",USA,TOP3000,INDUSTRY,5,1,P1Y,0.01,ON,ON
FullTest_0598,"Rank(Ts_Rank(close, 20))",USA,TOP3000,INDUSTRY,5,1,P1Y,0.01,ON,OFF
FullTest_0599,"Rank(Ts_Rank(close, 20))",USA,TOP3000,INDUSTRY,5,1,P1Y,0.01,OFF,ON
FullTest_0600,"Rank(Ts_Rank(close, 20))",USA,TOP3000,INDUSTRY,5,1,P1Y,0.01,OFF,OFF
FullTest_0601,"Rank(Ts_Rank(close, 20))",USA,TOP3000,INDUSTRY,5,1,P2Y,0.08,ON,ON
FullTest_0602,"Rank(Ts_Rank(close, 20))",USA,TOP3000,INDUSTRY,5,1,P2Y,0.08,ON,OFF
FullTest_0603,"Rank(Ts_Rank(close, 20))",USA,TOP3000,INDUSTRY,5,1,P2Y,0.08,OFF,ON
FullTest_0604,"Rank(Ts_Rank(close, 20))",USA,TOP3000,INDUSTRY,5,1,P2Y,0.08,OFF,OFF
FullTest_0605,"Rank(Ts_Rank(close, 20))",USA,TOP3000,INDUSTRY,5,1,P2Y,0.01,ON,ON
FullTest_0606,"Rank(Ts_Rank(close, 20))",USA,TOP3000,INDUSTRY,5,1,P2Y,0.01,ON,OFF
FullTest_0607,"Rank(Ts_Rank(close, 20))",USA,TOP3000,INDUSTRY,5,1,P2Y,0.01,OFF,ON
FullTest_0608,"Rank(Ts_Rank(close, 20))",USA,TOP3000,INDUSTRY,5,1,P2Y,0.01,OFF,OFF
FullTest_0609,"Rank(Ts_Rank(close, 20))",USA,TOP3000,MARKET,0,1,P1Y,0.08,ON,ON
FullTest_0610,"Rank(Ts_Rank(close, 20))",USA,TOP3000,MARKET,0,1,P1Y,0.08,ON,OFF
FullTest_0611,"Rank(Ts_Rank(close, 20))",USA,TOP3000,MARKET,0,1,P1Y,0.08,OFF,ON
FullTest_0612,"Rank(Ts_Rank(close, 20))",USA,TOP3000,MARKET,0,1,P1Y,0.08,OFF,OFF
FullTest_0613,"Rank(Ts_Rank(close, 20))",USA,TOP3000,MARKET,0,1,P1Y,0.01,ON,ON
FullTest_0614,"Rank(Ts_Rank(close, 20))",USA,TOP3000,MARKET,0,1,P1Y,0.01,ON,OFF
FullTest_0615,"Rank(Ts_Rank(close, 20))",USA,TOP3000,MARKET,0,1,P1Y,0.01,OFF,ON
FullTest_0616,"Rank(Ts_Rank(close, 20))",USA,TOP3000,MARKET,0,1,P1Y,0.01,OFF,OFF
FullTest_0617,"Rank(Ts_Rank(close, 20))",USA,TOP3000,MARKET,0,1,P2Y,0.08,ON,ON
FullTest_0618,"Rank(Ts_Rank(close, 20))",USA,TOP3000,MARKET,0,1,P2Y,0.08,ON,OFF
FullTest_0619,"Rank(Ts_Rank(close, 20))",USA,TOP3000,MARKET,0,1,P2Y,0.08,OFF,ON
FullTest_0620,"Rank(Ts_Rank(close, 20))",USA,TOP3000,MARKET,0,1,P2Y,0.08,OFF,OFF
FullTest_0621,"Rank(Ts_Rank(close, 20))",USA,TOP3000,MARKET,0,1,P2Y,0.01,ON,ON
FullTest_0622,"Rank(Ts_Rank(close, 20))",USA,TOP3000,MARKET,0,1,P2Y,0.01,ON,OFF
FullTest_0623,"Rank(Ts_Rank(close, 20))",USA,TOP3000,MARKET,0,1,P2Y,0.01,OFF,ON
FullTest_0624,"Rank(Ts_Rank(close, 20))",USA,TOP3000,MARKET,0,1,P2Y,0.01,OFF,OFF
FullTest_0625,"Rank(Ts_Rank(close, 20))",USA,TOP3000,MARKET,5,1,P1Y,0.08,ON,ON
FullTest_0626,"Rank(Ts_Rank(close, 20))",USA,TOP3000,MARKET,5,1,P1Y,0.08,ON,OFF
FullTest_0627,"Rank(Ts_Rank(close, 20))",USA,TOP3000,MARKET,5,1,P1Y,0.08,OFF,ON
FullTest_0628,"Rank(Ts_Rank(close, 20))",USA,TOP3000,MARKET,5,1,P1Y,0.08,OFF,OFF
FullTest_0629,"Rank(Ts_Rank(close, 20))",USA,TOP3000,MARKET,5,1,P1Y,0.01,ON,ON
FullTest_0630,"Rank(Ts_Rank(close, 20))",USA,TOP3000,MARKET,5,1,P1Y,0.01,ON,OFF
FullTest_0631,"Rank(Ts_Rank(close, 20))",USA,TOP3000,MARKET,5,1,P1Y,0.01,OFF,ON
FullTest_0632,"Rank(Ts_Rank(close, 20))",USA,TOP3000,MARKET,5,1,P1Y,0.01,OFF,OFF
FullTest_0633,"Rank(Ts_Rank(close, 20))",USA,TOP3000,MARKET,5,1,P2Y,0.08,ON,ON
FullTest_0634,"Rank(Ts_Rank(close, 20))",USA,TOP3000,MARKET,5,1,P2Y,0.08,ON,OFF
FullTest_0635,"Rank(Ts_Rank(close, 20))",USA,TOP3000,MARKET,5,1,P2Y,0.08,OFF,ON
FullTest_0636,"Rank(Ts_Rank(close, 20))",USA,TOP3000,MARKET,5,1,P2Y,0.08,OFF,OFF
FullTest_0637,"Rank(Ts_Rank(close, 20))",USA,TOP3000,MARKET,5,1,P2Y,0.01,ON,ON
FullTest_0638,"Rank(Ts_Rank(close, 20))",USA,TOP3000,MARKET,5,1,P2Y,0.01,ON,OFF
FullTest_0639,"Rank(Ts_Rank(close, 20))",USA,TOP3000,MARKET,5,1,P2Y,0.01,OFF,ON
FullTest_0640,"Rank(Ts_Rank(close, 20))",USA,TOP3000,MARKET,5,1,P2Y,0.01,OFF,OFF
FullTest_0641,"Rank(Ts_Rank(close, 20))",USA,TOP3000,NONE,0,1,P1Y,0.08,ON,ON
FullTest_0642,"Rank(Ts_Rank(close, 20))",USA,TOP3000,NONE,0,1,P1Y,0.08,ON,OFF
FullTest_0643,"Rank(Ts_Rank(close, 20))",USA,TOP3000,NONE,0,1,P1Y,0.08,OFF,ON
FullTest_0644,"Rank(Ts_Rank(close, 20))",USA,TOP3000,NONE,0,1,P1Y,0.08,OFF,OFF
FullTest_0645,"Rank(Ts_Rank(close, 20))",USA,TOP3000,NONE,0,1,P1Y,0.01,ON,ON
FullTest_0646,"Rank(Ts_Rank(close, 20))",USA,TOP3000,NONE,0,1,P1Y,0.01,ON,OFF
FullTest_0647,"Rank(Ts_Rank(close, 20))",USA,TOP3000,NONE,0,1,P1Y,0.01,OFF,ON
FullTest_0648,"Rank(Ts_Rank(close, 20))",USA,TOP3000,NONE,0,1,P1Y,0.01,OFF,OFF
FullTest_0649,"Rank(Ts_Rank(close, 20))",USA,TOP3000,NONE,0,1,P2Y,0.08,ON,ON
FullTest_0650,"Rank(Ts_Rank(close, 20))",USA,TOP3000,NONE,0,1,P2Y,0.08,ON,OFF
FullTest_0651,"Rank(Ts_Rank(close, 20))",USA,TOP3000,NONE,0,1,P2Y,0.08,OFF,ON
FullTest_0652,"Rank(Ts_Rank(close, 20))",USA,TOP3000,NONE,0,1,P2Y,0.08,OFF,OFF
FullTest_0653,"Rank(Ts_Rank(close, 20))",USA,TOP3000,NONE,0,1,P2Y,0.01,ON,ON
FullTest_0654,"Rank(Ts_Rank(close, 20))",USA,TOP3000,NONE,0,1,P2Y,0.01,ON,OFF
FullTest_0655,"Rank(Ts_Rank(close, 20))",USA,TOP3000,NONE,0,1,P2Y,0.01,OFF,ON
FullTest_0656,"Rank(Ts_Rank(close, 20))",USA,TOP3000,NONE,0,1,P2Y,0.01,OFF,OFF
FullTest_0657,"Rank(Ts_Rank(close, 20))",USA,TOP3000,NONE,5,1,P1Y,0.08,ON,ON
FullTest_0658,"Rank(Ts_Rank(close, 20))",USA,TOP3000,NONE,5,1,P1Y,0.08,ON,OFF
FullTest_0659,"Rank(Ts_Rank(close, 20))",USA,TOP3000,NONE,5,1,P1Y,0.08,OFF,ON
FullTest_0660,"Rank(Ts_Rank(close, 20))",USA,TOP3000,NONE,5,1,P1Y,0.08,OFF,OFF
FullTest_0661,"Rank(Ts_Rank(close, 20))",USA,TOP3000,NONE,5,1,P1Y,0.01,ON,ON
FullTest_0662,"Rank(Ts_Rank(close, 20))",USA,TOP3000,NONE,5,1,P1Y,0.01,ON,OFF
FullTest_0663,"Rank(Ts_Rank(close, 20))",USA,TOP3000,NONE,5,1,P1Y,0.01,OFF,ON
FullTest_0664,"Rank(Ts_Rank(close, 20))",USA,TOP3000,NONE,5,1,P1Y,0.01,OFF,OFF
FullTest_0665,"Rank(Ts_Rank(close, 20))",USA,TOP3000,NONE,5,1,P2Y,0.08,ON,ON
FullTest_0666,"Rank(Ts_Rank(close, 20))",USA,TOP3000,NONE,5,1,P2Y,0.08,ON,OFF
FullTest_0667,"Rank(Ts_Rank(close, 20))",USA,TOP3000,NONE,5,1,P2Y,0.08,OFF,ON
FullTest_0668,"Rank(Ts_Rank(close, 20))",USA,TOP3000,NONE,5,1,P2Y,0.08,OFF,OFF
FullTest_0669,"Rank(Ts_Rank(close, 20))",USA,TOP3000,NONE,5,1,P2Y,0.01,ON,ON
FullTest_0670,"Rank(Ts_Rank(close, 20))",USA,TOP3000,NONE,5,1,P2Y,0.01,ON,OFF
FullTest_0671,"Rank(Ts_Rank(close, 20))",USA,TOP3000,NONE,5,1,P2Y,0.01,OFF,ON
FullTest_0672,"Rank(Ts_Rank(close, 20))",USA,TOP3000,NONE,5,1,P2Y,0.01,OFF,OFF
FullTest_0673,"Rank(Ts_Rank(close, 20))",USA,MINVOL3M,INDUSTRY,0,1,P1Y,0.08,ON,ON
FullTest_0674,"Rank(Ts_Rank(close, 20))",USA,MINVOL3M,INDUSTRY,0,1,P1Y,0.08,ON,OFF
FullTest_0675,"Rank(Ts_Rank(close, 20))",USA,MINVOL3M,INDUSTRY,0,1,P1Y,0.08,OFF,ON
FullTest_0676,"Rank(Ts_Rank(close, 20))",USA,MINVOL3M,INDUSTRY,0,1,P1Y,0.08,OFF,OFF
FullTest_0677,"Rank(Ts_Rank(close, 20))",USA,MINVOL3M,INDUSTRY,0,1,P1Y,0.01,ON,ON
FullTest_0678,"Rank(Ts_Rank(close, 20))",USA,MINVOL3M,INDUSTRY,0,1,P1Y,0.01,ON,OFF
FullTest_0679,"Rank(Ts_Rank(close, 20))",USA,MINVOL3M,INDUSTRY,0,1,P1Y,0.01,OFF,ON
FullTest_0680,"Rank(Ts_Rank(close, 20))",USA,MINVOL3M,INDUSTRY,0,1,P1Y,0.01,OFF,OFF
FullTest_0681,"Rank(Ts_Rank(close, 20))",USA,MINVOL3M,INDUSTRY,0,1,P2Y,0.08,ON,ON
FullTest_0682,"Rank(Ts_Rank(close, 20))",USA,MINVOL3M,INDUSTRY,0,1,P2Y,0.08,ON,OFF
FullTest_0683,"Rank(Ts_Rank(close, 20))",USA,MINVOL3M,INDUSTRY,0,1,P2Y,0.08,OFF,ON
FullTest_0684,"Rank(Ts_Rank(close, 20))",USA,MINVOL3M,INDUSTRY,0,1,P2Y,0.08,OFF,OFF
FullTest_0685,"Rank(Ts_Rank(close, 20))",USA,MINVOL3M,INDUSTRY,0,1,P2Y,0.01,ON,ON
FullTest_0686,"Rank(Ts_Rank(close, 20))",USA,MINVOL3M,INDUSTRY,0,1,P2Y,0.01,ON,OFF
FullTest_0687,"Rank(Ts_Rank(close, 20))",USA,MINVOL3M,INDUSTRY,0,1,P2Y,0.01,OFF,ON
FullTest_0688,"Rank(Ts_Rank(close, 20))",USA,MINVOL3M,INDUSTRY,0,1,P2Y,0.01,OFF,OFF
FullTest_0689,"Rank(Ts_Rank(close, 20))",USA,MINVOL3M,INDUSTRY,5,1,P1Y,0.08,ON,ON
FullTest_0690,"Rank(Ts_Rank(close, 20))",USA,MINVOL3M,INDUSTRY,5,1,P1Y,0.08,ON,OFF
FullTest_0691,"Rank(Ts_Rank(close, 20))",USA,MINVOL3M,INDUSTRY,5,1,P1Y,0.08,OFF,ON
FullTest_0692,"Rank(Ts_Rank(close, 20))",USA,MINVOL3M,INDUSTRY,5,1,P1Y,0.08,OFF,OFF
FullTest_0693,"Rank(Ts_Rank(close, 20))",USA,MINVOL3M,INDUSTRY,5,1,P1Y,0.01,ON,ON
FullTest_0694,"Rank(Ts_Rank(close, 20))",USA,MINVOL3M,INDUSTRY,5,1,P1Y,0.01,ON,OFF
FullTest_0695,"Rank(Ts_Rank(close, 20))",USA,MINVOL3M,INDUSTRY,5,1,P1Y,0.01,OFF,ON
FullTest_0696,"Rank(Ts_Rank(close, 20))",USA,MINVOL3M,INDUSTRY,5,1,P1Y,0.01,OFF,OFF
FullTest_0697,"Rank(Ts_Rank(close, 20))",USA,MINVOL3M,INDUSTRY,5,1,P2Y,0.08,ON,ON
FullTest_0698,"Rank(Ts_Rank(close, 20))",USA,MINVOL3M,INDUSTRY,5,1,P2Y,0.08,ON,OFF
FullTest_0699,"Rank(Ts_Rank(close, 20))",USA,MINVOL3M,INDUSTRY,5,1,P2Y,0.08,OFF,ON
FullTest_0700,"Rank(Ts_Rank(close, 20))",USA,MINVOL3M,INDUSTRY,5,1,P2Y,0.08,OFF,OFF
FullTest_0701,"Rank(Ts_Rank(close, 20))",USA,MINVOL3M,INDUSTRY,5,1,P2Y,0.01,ON,ON
FullTest_0702,"Rank(Ts_Rank(close, 20))",USA,MINVOL3M,INDUSTRY,5,1,P2Y,0.01,ON,OFF
FullTest_0703,"Rank(Ts_Rank(close, 20))",USA,MINVOL3M,INDUSTRY,5,1,P2Y,0.01,OFF,ON
FullTest_0704,"Rank(Ts_Rank(close, 20))",USA,MINVOL3M,INDUSTRY,5,1,P2Y,0.01,OFF,OFF
FullTest_0705,"Rank(Ts_Rank(close, 20))",USA,MINVOL3M,MARKET,0,1,P1Y,0.08,ON,ON
FullTest_0706,"Rank(Ts_Rank(close, 20))",USA,MINVOL3M,MARKET,0,1,P1Y,0.08,ON,OFF
FullTest_0707,"Rank(Ts_Rank(close, 20))",USA,MINVOL3M,MARKET,0,1,P1Y,0.08,OFF,ON
FullTest_0708,"Rank(Ts_Rank(close, 20))",USA,MINVOL3M,MARKET,0,1,P1Y,0.08,OFF,OFF
FullTest_0709,"Rank(Ts_Rank(close, 20))",USA,MINVOL3M,MARKET,0,1,P1Y,0.01,ON,ON
FullTest_0710,"Rank(Ts_Rank(close, 20))",USA,MINVOL3M,MARKET,0,1,P1Y,0.01,ON,OFF
FullTest_0711,"Rank(Ts_Rank(close, 20))",USA,MINVOL3M,MARKET,0,1,P1Y,0.01,OFF,ON
FullTest_0712,"Rank(Ts_Rank(close, 20))",USA,MINVOL3M,MARKET,0,1,P1Y,0.01,OFF,OFF
FullTest_0713,"Rank(Ts_Rank(close, 20))",USA,MINVOL3M,MARKET,0,1,P2Y,0.08,ON,ON
FullTest_0714,"Rank(Ts_Rank(close, 20))",USA,MINVOL3M,MARKET,0,1,P2Y,0.08,ON,OFF
FullTest_0715,"Rank(Ts_Rank(close, 20))",USA,MINVOL3M,MARKET,0,1,P2Y,0.08,OFF,ON
FullTest_0716,"Rank(Ts_Rank(close, 20))",USA,MINVOL3M,MARKET,0,1,P2Y,0.08,OFF,OFF
FullTest_0717,"Rank(Ts_Rank(close, 20))",USA,MINVOL3M,MARKET,0,1,P2Y,0.01,ON,ON
FullTest_0718,"Rank(Ts_Rank(close, 20))",USA,MINVOL3M,MARKET,0,1,P2Y,0.01,ON,OFF
FullTest_0719,"Rank(Ts_Rank(close, 20))",USA,MINVOL3M,MARKET,0,1,P2Y,0.01,OFF,ON
FullTest_0720,"Rank(Ts_Rank(close, 20))",USA,MINVOL3M,MARKET,0,1,P2Y,0.01,OFF,OFF
FullTest_0721,"Rank(Ts_Rank(close, 20))",USA,MINVOL3M,MARKET,5,1,P1Y,0.08,ON,ON
FullTest_0722,"Rank(Ts_Rank(close, 20))",USA,MINVOL3M,MARKET,5,1,P1Y,0.08,ON,OFF
FullTest_0723,"Rank(Ts_Rank(close, 20))",USA,MINVOL3M,MARKET,5,1,P1Y,0.08,OFF,ON
FullTest_0724,"Rank(Ts_Rank(close, 20))",USA,MINVOL3M,MARKET,5,1,P1Y,0.08,OFF,OFF
FullTest_0725,"Rank(Ts_Rank(close, 20))",USA,MINVOL3M,MARKET,5,1,P1Y,0.01,ON,ON
FullTest_0726,"Rank(Ts_Rank(close, 20))",USA,MINVOL3M,MARKET,5,1,P1Y,0.01,ON,OFF
FullTest_0727,"Rank(Ts_Rank(close, 20))",USA,MINVOL3M,MARKET,5,1,P1Y,0.01,OFF,ON
FullTest_0728,"Rank(Ts_Rank(close, 20))",USA,MINVOL3M,MARKET,5,1,P1Y,0.01,OFF,OFF
FullTest_0729,"Rank(Ts_Rank(close, 20))",USA,MINVOL3M,MARKET,5,1,P2Y,0.08,ON,ON
FullTest_0730,"Rank(Ts_Rank(close, 20))",USA,MINVOL3M,MARKET,5,1,P2Y,0.08,ON,OFF
FullTest_0731,"Rank(Ts_Rank(close, 20))",USA,MINVOL3M,MARKET,5,1,P2Y,0.08,OFF,ON
FullTest_0732,"Rank(Ts_Rank(close, 20))",USA,MINVOL3M,MARKET,5,1,P2Y,0.08,OFF,OFF
FullTest_0733,"Rank(Ts_Rank(close, 20))",USA,MINVOL3M,MARKET,5,1,P2Y,0.01,ON,ON
FullTest_0734,"Rank(Ts_Rank(close, 20))",USA,MINVOL3M,MARKET,5,1,P2Y,0.01,ON,OFF
FullTest_0735,"Rank(Ts_Rank(close, 20))",USA,MINVOL3M,MARKET,5,1,P2Y,0.01,OFF,ON
FullTest_0736,"Rank(Ts_Rank(close, 20))",USA,MINVOL3M,MARKET,5,1,P2Y,0.01,OFF,OFF
FullTest_0737,"Rank(Ts_Rank(close, 20))",USA,MINVOL3M,NONE,0,1,P1Y,0.08,ON,ON
FullTest_0738,"Rank(Ts_Rank(close, 20))",USA,MINVOL3M,NONE,0,1,P1Y,0.08,ON,OFF
FullTest_0739,"Rank(Ts_Rank(close, 20))",USA,MINVOL3M,NONE,0,1,P1Y,0.08,OFF,ON
FullTest_0740,"Rank(Ts_Rank(close, 20))",USA,MINVOL3M,NONE,0,1,P1Y,0.08,OFF,OFF
FullTest_0741,"Rank(Ts_Rank(close, 20))",USA,MINVOL3M,NONE,0,1,P1Y,0.01,ON,ON
FullTest_0742,"Rank(Ts_Rank(close, 20))",USA,MINVOL3M,NONE,0,1,P1Y,0.01,ON,OFF
FullTest_0743,"Rank(Ts_Rank(close, 20))",USA,MINVOL3M,NONE,0,1,P1Y,0.01,OFF,ON
FullTest_0744,"Rank(Ts_Rank(close, 20))",USA,MINVOL3M,NONE,0,1,P1Y,0.01,OFF,OFF
FullTest_0745,"Rank(Ts_Rank(close, 20))",USA,MINVOL3M,NONE,0,1,P2Y,0.08,ON,ON
FullTest_0746,"Rank(Ts_Rank(close, 20))",USA,MINVOL3M,NONE,0,1,P2Y,0.08,ON,OFF
FullTest_0747,"Rank(Ts_Rank(close, 20))",USA,MINVOL3M,NONE,0,1,P2Y,0.08,OFF,ON
FullTest_0748,"Rank(Ts_Rank(close, 20))",USA,MINVOL3M,NONE,0,1,P2Y,0.08,OFF,OFF
FullTest_0749,"Rank(Ts_Rank(close, 20))",USA,MINVOL3M,NONE,0,1,P2Y,0.01,ON,ON
FullTest_0750,"Rank(Ts_Rank(close, 20))",USA,MINVOL3M,NONE,0,1,P2Y,0.01,ON,OFF
FullTest_0751,"Rank(Ts_Rank(close, 20))",USA,MINVOL3M,NONE,0,1,P2Y,0.01,OFF,ON
FullTest_0752,"Rank(Ts_Rank(close, 20))",USA,MINVOL3M,NONE,0,1,P2Y,0.01,OFF,OFF
FullTest_0753,"Rank(Ts_Rank(close, 20))",USA,MINVOL3M,NONE,5,1,P1Y,0.08,ON,ON
FullTest_0754,"Rank(Ts_Rank(close, 20))",USA,MINVOL3M,NONE,5,1,P1Y,0.08,ON,OFF
FullTest_0755,"Rank(Ts_Rank(close, 20))",USA,MINVOL3M,NONE,5,1,P1Y,0.08,OFF,ON
FullTest_0756,"Rank(Ts_Rank(close, 20))",USA,MINVOL3M,NONE,5,1,P1Y,0.08,OFF,OFF
FullTest_0757,"Rank(Ts_Rank(close, 20))",USA,MINVOL3M,NONE,5,1,P1Y,0.01,ON,ON
FullTest_0758,"Rank(Ts_Rank(close, 20))",USA,MINVOL3M,NONE,5,1,P1Y,0.01,ON,OFF
FullTest_0759,"Rank(Ts_Rank(close, 20))",USA,MINVOL3M,NONE,5,1,P1Y,0.01,OFF,ON
FullTest_0760,"Rank(Ts_Rank(close, 20))",USA,MINVOL3M,NONE,5,1,P1Y,0.01,OFF,OFF
FullTest_0761,"Rank(Ts_Rank(close, 20))",USA,MINVOL3M,NONE,5,1,P2Y,0.08,ON,ON
FullTest_0762,"Rank(Ts_Rank(close, 20))",USA,MINVOL3M,NONE,5,1,P2Y,0.08,ON,OFF
FullTest_0763,"Rank(Ts_Rank(close, 20))",USA,MINVOL3M,NONE,5,1,P2Y,0.08,OFF,ON
FullTest_0764,"Rank(Ts_Rank(close, 20))",USA,MINVOL3M,NONE,5,1,P2Y,0.08,OFF,OFF
FullTest_0765,"Rank(Ts_Rank(close, 20))",USA,MINVOL3M,NONE,5,1,P2Y,0.01,ON,ON
FullTest_0766,"Rank(Ts_Rank(close, 20))",USA,MINVOL3M,NONE,5,1,P2Y,0.01,ON,OFF
FullTest_0767,"Rank(Ts_Rank(close, 20))",USA,MINVOL3M,NONE,5,1,P2Y,0.01,OFF,ON
FullTest_0768,"Rank(Ts_Rank(close, 20))",USA,MINVOL3M,NONE,5,1,P2Y,0.01,OFF,OFF
FullTest_0769,"Rank(Ts_Rank(close, 20))",ASI,TOP3000,INDUSTRY,0,1,P1Y,0.08,ON,ON
FullTest_0770,"Rank(Ts_Rank(close, 20))",ASI,TOP3000,INDUSTRY,0,1,P1Y,0.08,ON,OFF
FullTest_0771,"Rank(Ts_Rank(close, 20))",ASI,TOP3000,INDUSTRY,0,1,P1Y,0.08,OFF,ON
FullTest_0772,"Rank(Ts_Rank(close, 20))",ASI,TOP3000,INDUSTRY,0,1,P1Y,0.08,OFF,OFF
FullTest_0773,"Rank(Ts_Rank(close, 20))",ASI,TOP3000,INDUSTRY,0,1,P1Y,0.01,ON,ON
FullTest_0774,"Rank(Ts_Rank(close, 20))",ASI,TOP3000,INDUSTRY,0,1,P1Y,0.01,ON,OFF
FullTest_0775,"Rank(Ts_Rank(close, 20))",ASI,TOP3000,INDUSTRY,0,1,P1Y,0.01,OFF,ON
FullTest_0776,"Rank(Ts_Rank(close, 20))",ASI,TOP3000,INDUSTRY,0,1,P1Y,0.01,OFF,OFF
FullTest_0777,"Rank(Ts_Rank(close, 20))",ASI,TOP3000,INDUSTRY,0,1,P2Y,0.08,ON,ON
FullTest_0778,"Rank(Ts_Rank(close, 20))",ASI,TOP3000,INDUSTRY,0,1,P2Y,0.08,ON,OFF
FullTest_0779,"Rank(Ts_Rank(close, 20))",ASI,TOP3000,INDUSTRY,0,1,P2Y,0.08,OFF,ON
FullTest_0780,"Rank(Ts_Rank(close, 20))",ASI,TOP3000,INDUSTRY,0,1,P2Y,0.08,OFF,OFF
FullTest_0781,"Rank(Ts_Rank(close, 20))",ASI,TOP3000,INDUSTRY,0,1,P2Y,0.01,ON,ON
FullTest_0782,"Rank(Ts_Rank(close, 20))",ASI,TOP3000,INDUSTRY,0,1,P2Y,0.01,ON,OFF
FullTest_0783,"Rank(Ts_Rank(close, 20))",ASI,TOP3000,INDUSTRY,0,1,P2Y,0.01,OFF,ON
FullTest_0784,"Rank(Ts_Rank(close, 20))",ASI,TOP3000,INDUSTRY,0,1,P2Y,0.01,OFF,OFF
FullTest_0785,"Rank(Ts_Rank(close, 20))",ASI,TOP3000,INDUSTRY,5,1,P1Y,0.08,ON,ON
FullTest_0786,"Rank(Ts_Rank(close, 20))",ASI,TOP3000,INDUSTRY,5,1,P1Y,0.08,ON,OFF
FullTest_0787,"Rank(Ts_Rank(close, 20))",ASI,TOP3000,INDUSTRY,5,1,P1Y,0.08,OFF,ON
FullTest_0788,"Rank(Ts_Rank(close, 20))",ASI,TOP3000,INDUSTRY,5,1,P1Y,0.08,OFF,OFF
FullTest_0789,"Rank(Ts_Rank(close, 20))",ASI,TOP3000,INDUSTRY,5,1,P1Y,0.01,ON,ON
FullTest_0790,"Rank(Ts_Rank(close, 20))",ASI,TOP3000,INDUSTRY,5,1,P1Y,0.01,ON,OFF
FullTest_0791,"Rank(Ts_Rank(close, 20))",ASI,TOP3000,INDUSTRY,5,1,P1Y,0.01,OFF,ON
FullTest_0792,"Rank(Ts_Rank(close, 20))",ASI,TOP3000,INDUSTRY,5,1,P1Y,0.01,OFF,OFF
FullTest_0793,"Rank(Ts_Rank(close, 20))",ASI,TOP3000,INDUSTRY,5,1,P2Y,0.08,ON,ON
FullTest_0794,"Rank(Ts_Rank(close, 20))",ASI,TOP3000,INDUSTRY,5,1,P2Y,0.08,ON,OFF
FullTest_0795,"Rank(Ts_Rank(close, 20))",ASI,TOP3000,INDUSTRY,5,1,P2Y,0.08,OFF,ON
FullTest_0796,"Rank(Ts_Rank(close, 20))",ASI,TOP3000,INDUSTRY,5,1,P2Y,0.08,OFF,OFF
FullTest_0797,"Rank(Ts_Rank(close, 20))",ASI,TOP3000,INDUSTRY,5,1,P2Y,0.01,ON,ON
FullTest_0798,"Rank(Ts_Rank(close, 20))",ASI,TOP3000,INDUSTRY,5,1,P2Y,0.01,ON,OFF
FullTest_0799,"Rank(Ts_Rank(close, 20))",ASI,TOP3000,INDUSTRY,5,1,P2Y,0.01,OFF,ON
FullTest_0800,"Rank(Ts_Rank(close, 20))",ASI,TOP3000,INDUSTRY,5,1,P2Y,0.01,OFF,OFF
FullTest_0801,"Rank(Ts_Rank(close, 20))",ASI,TOP3000,MARKET,0,1,P1Y,0.08,ON,ON
FullTest_0802,"Rank(Ts_Rank(close, 20))",ASI,TOP3000,MARKET,0,1,P1Y,0.08,ON,OFF
FullTest_0803,"Rank(Ts_Rank(close, 20))",ASI,TOP3000,MARKET,0,1,P1Y,0.08,OFF,ON
FullTest_0804,"Rank(Ts_Rank(close, 20))",ASI,TOP3000,MARKET,0,1,P1Y,0.08,OFF,OFF
FullTest_0805,"Rank(Ts_Rank(close, 20))",ASI,TOP3000,MARKET,0,1,P1Y,0.01,ON,ON
FullTest_0806,"Rank(Ts_Rank(close, 20))",ASI,TOP3000,MARKET,0,1,P1Y,0.01,ON,OFF
FullTest_0807,"Rank(Ts_Rank(close, 20))",ASI,TOP3000,MARKET,0,1,P1Y,0.01,OFF,ON
FullTest_0808,"Rank(Ts_Rank(close, 20))",ASI,TOP3000,MARKET,0,1,P1Y,0.01,OFF,OFF
FullTest_0809,"Rank(Ts_Rank(close, 20))",ASI,TOP3000,MARKET,0,1,P2Y,0.08,ON,ON
FullTest_0810,"Rank(Ts_Rank(close, 20))",ASI,TOP3000,MARKET,0,1,P2Y,0.08,ON,OFF
FullTest_0811,"Rank(Ts_Rank(close, 20))",ASI,TOP3000,MARKET,0,1,P2Y,0.08,OFF,ON
FullTest_0812,"Rank(Ts_Rank(close, 20))",ASI,TOP3000,MARKET,0,1,P2Y,0.08,OFF,OFF
FullTest_0813,"Rank(Ts_Rank(close, 20))",ASI,TOP3000,MARKET,0,1,P2Y,0.01,ON,ON
FullTest_0814,"Rank(Ts_Rank(close, 20))",ASI,TOP3000,MARKET,0,1,P2Y,0.01,ON,OFF
FullTest_0815,"Rank(Ts_Rank(close, 20))",ASI,TOP3000,MARKET,0,1,P2Y,0.01,OFF,ON
FullTest_0816,"Rank(Ts_Rank(close, 20))",ASI,TOP3000,MARKET,0,1,P2Y,0.01,OFF,OFF
FullTest_0817,"Rank(Ts_Rank(close, 20))",ASI,TOP3000,MARKET,5,1,P1Y,0.08,ON,ON
FullTest_0818,"Rank(Ts_Rank(close, 20))",ASI,TOP3000,MARKET,5,1,P1Y,0.08,ON,OFF
FullTest_0819,"Rank(Ts_Rank(close, 20))",ASI,TOP3000,MARKET,5,1,P1Y,0.08,OFF,ON
FullTest_0820,"Rank(Ts_Rank(close, 20))",ASI,TOP3000,MARKET,5,1,P1Y,0.08,OFF,OFF
FullTest_0821,"Rank(Ts_Rank(close, 20))",ASI,TOP3000,MARKET,5,1,P1Y,0.01,ON,ON
FullTest_0822,"Rank(Ts_Rank(close, 20))",ASI,TOP3000,MARKET,5,1,P1Y,0.01,ON,OFF
FullTest_0823,"Rank(Ts_Rank(close, 20))",ASI,TOP3000,MARKET,5,1,P1Y,0.01,OFF,ON
FullTest_0824,"Rank(Ts_Rank(close, 20))",ASI,TOP3000,MARKET,5,1,P1Y,0.01,OFF,OFF
FullTest_0825,"Rank(Ts_Rank(close, 20))",ASI,TOP3000,MARKET,5,1,P2Y,0.08,ON,ON
FullTest_0826,"Rank(Ts_Rank(close, 20))",ASI,TOP3000,MARKET,5,1,P2Y,0.08,ON,OFF
FullTest_0827,"Rank(Ts_Rank(close, 20))",ASI,TOP3000,MARKET,5,1,P2Y,0.08,OFF,ON
FullTest_0828,"Rank(Ts_Rank(close, 20))",ASI,TOP3000,MARKET,5,1,P2Y,0.08,OFF,OFF
FullTest_0829,"Rank(Ts_Rank(close, 20))",ASI,TOP3000,MARKET,5,1,P2Y,0.01,ON,ON
FullTest_0830,"Rank(Ts_Rank(close, 20))",ASI,TOP3000,MARKET,5,1,P2Y,0.01,ON,OFF
FullTest_0831,"Rank(Ts_Rank(close, 20))",ASI,TOP3000,MARKET,5,1,P2Y,0.01,OFF,ON
FullTest_0832,"Rank(Ts_Rank(close, 20))",ASI,TOP3000,MARKET,5,1,P2Y,0.01,OFF,OFF
FullTest_0833,"Rank(Ts_Rank(close, 20))",ASI,TOP3000,NONE,0,1,P1Y,0.08,ON,ON
FullTest_0834,"Rank(Ts_Rank(close, 20))",ASI,TOP3000,NONE,0,1,P1Y,0.08,ON,OFF
FullTest_0835,"Rank(Ts_Rank(close, 20))",ASI,TOP3000,NONE,0,1,P1Y,0.08,OFF,ON
FullTest_0836,"Rank(Ts_Rank(close, 20))",ASI,TOP3000,NONE,0,1,P1Y,0.08,OFF,OFF
FullTest_0837,"Rank(Ts_Rank(close, 20))",ASI,TOP3000,NONE,0,1,P1Y,0.01,ON,ON
FullTest_0838,"Rank(Ts_Rank(close, 20))",ASI,TOP3000,NONE,0,1,P1Y,0.01,ON,OFF
FullTest_0839,"Rank(Ts_Rank(close, 20))",ASI,TOP3000,NONE,0,1,P1Y,0.01,OFF,ON
FullTest_0840,"Rank(Ts_Rank(close, 20))",ASI,TOP3000,NONE,0,1,P1Y,0.01,OFF,OFF
FullTest_0841,"Rank(Ts_Rank(close, 20))",ASI,TOP3000,NONE,0,1,P2Y,0.08,ON,ON
FullTest_0842,"Rank(Ts_Rank(close, 20))",ASI,TOP3000,NONE,0,1,P2Y,0.08,ON,OFF
FullTest_0843,"Rank(Ts_Rank(close, 20))",ASI,TOP3000,NONE,0,1,P2Y,0.08,OFF,ON
FullTest_0844,"Rank(Ts_Rank(close, 20))",ASI,TOP3000,NONE,0,1,P2Y,0.08,OFF,OFF
FullTest_0845,"Rank(Ts_Rank(close, 20))",ASI,TOP3000,NONE,0,1,P2Y,0.01,ON,ON
FullTest_0846,"Rank(Ts_Rank(close, 20))",ASI,TOP3000,NONE,0,1,P2Y,0.01,ON,OFF
FullTest_0847,"Rank(Ts_Rank(close, 20))",ASI,TOP3000,NONE,0,1,P2Y,0.01,OFF,ON
FullTest_0848,"Rank(Ts_Rank(close, 20))",ASI,TOP3000,NONE,0,1,P2Y,0.01,OFF,OFF
FullTest_0849,"Rank(Ts_Rank(close, 20))",ASI,TOP3000,NONE,5,1,P1Y,0.08,ON,ON
FullTest_0850,"Rank(Ts_Rank(close, 20))",ASI,TOP3000,NONE,5,1,P1Y,0.08,ON,OFF
FullTest_0851,"Rank(Ts_Rank(close, 20))",ASI,TOP3000,NONE,5,1,P1Y,0.08,OFF,ON
FullTest_0852,"Rank(Ts_Rank(close, 20))",ASI,TOP3000,NONE,5,1,P1Y,0.08,OFF,OFF
FullTest_0853,"Rank(Ts_Rank(close, 20))",ASI,TOP3000,NONE,5,1,P1Y,0.01,ON,ON
FullTest_0854,"Rank(Ts_Rank(close, 20))",ASI,TOP3000,NONE,5,1,P1Y,0.01,ON,OFF
FullTest_0855,"Rank(Ts_Rank(close, 20))",ASI,TOP3000,NONE,5,1,P1Y,0.01,OFF,ON
FullTest_0856,"Rank(Ts_Rank(close, 20))",ASI,TOP3000,NONE,5,1,P1Y,0.01,OFF,OFF
FullTest_0857,"Rank(Ts_Rank(close, 20))",ASI,TOP3000,NONE,5,1,P2Y,0.08,ON,ON
FullTest_0858,"Rank(Ts_Rank(close, 20))",ASI,TOP3000,NONE,5,1,P2Y,0.08,ON,OFF
FullTest_0859,"Rank(Ts_Rank(close, 20))",ASI,TOP3000,NONE,5,1,P2Y,0.08,OFF,ON
FullTest_0860,"Rank(Ts_Rank(close, 20))",ASI,TOP3000,NONE,5,1,P2Y,0.08,OFF,OFF
FullTest_0861,"Rank(Ts_Rank(close, 20))",ASI,TOP3000,NONE,5,1,P2Y,0.01,ON,ON
FullTest_0862,"Rank(Ts_Rank(close, 20))",ASI,TOP3000,NONE,5,1,P2Y,0.01,ON,OFF
FullTest_0863,"Rank(Ts_Rank(close, 20))",ASI,TOP3000,NONE,5,1,P2Y,0.01,OFF,ON
FullTest_0864,"Rank(Ts_Rank(close, 20))",ASI,TOP3000,NONE,5,1,P2Y,0.01,OFF,OFF
FullTest_0865,"Rank(Ts_Rank(close, 20))",ASI,MINVOL3M,INDUSTRY,0,1,P1Y,0.08,ON,ON
FullTest_0866,"Rank(Ts_Rank(close, 20))",ASI,MINVOL3M,INDUSTRY,0,1,P1Y,0.08,ON,OFF
FullTest_0867,"Rank(Ts_Rank(close, 20))",ASI,MINVOL3M,INDUSTRY,0,1,P1Y,0.08,OFF,ON
FullTest_0868,"Rank(Ts_Rank(close, 20))",ASI,MINVOL3M,INDUSTRY,0,1,P1Y,0.08,OFF,OFF
FullTest_0869,"Rank(Ts_Rank(close, 20))",ASI,MINVOL3M,INDUSTRY,0,1,P1Y,0.01,ON,ON
FullTest_0870,"Rank(Ts_Rank(close, 20))",ASI,MINVOL3M,INDUSTRY,0,1,P1Y,0.01,ON,OFF
FullTest_0871,"Rank(Ts_Rank(close, 20))",ASI,MINVOL3M,INDUSTRY,0,1,P1Y,0.01,OFF,ON
FullTest_0872,"Rank(Ts_Rank(close, 20))",ASI,MINVOL3M,INDUSTRY,0,1,P1Y,0.01,OFF,OFF
FullTest_0873,"Rank(Ts_Rank(close, 20))",ASI,MINVOL3M,INDUSTRY,0,1,P2Y,0.08,ON,ON
FullTest_0874,"Rank(Ts_Rank(close, 20))",ASI,MINVOL3M,INDUSTRY,0,1,P2Y,0.08,ON,OFF
FullTest_0875,"Rank(Ts_Rank(close, 20))",ASI,MINVOL3M,INDUSTRY,0,1,P2Y,0.08,OFF,ON
FullTest_0876,"Rank(Ts_Rank(close, 20))",ASI,MINVOL3M,INDUSTRY,0,1,P2Y,0.08,OFF,OFF
FullTest_0877,"Rank(Ts_Rank(close, 20))",ASI,MINVOL3M,INDUSTRY,0,1,P2Y,0.01,ON,ON
FullTest_0878,"Rank(Ts_Rank(close, 20))",ASI,MINVOL3M,INDUSTRY,0,1,P2Y,0.01,ON,OFF
FullTest_0879,"Rank(Ts_Rank(close, 20))",ASI,MINVOL3M,INDUSTRY,0,1,P2Y,0.01,OFF,ON
FullTest_0880,"Rank(Ts_Rank(close, 20))",ASI,MINVOL3M,INDUSTRY,0,1,P2Y,0.01,OFF,OFF
FullTest_0881,"Rank(Ts_Rank(close, 20))",ASI,MINVOL3M,INDUSTRY,5,1,P1Y,0.08,ON,ON
FullTest_0882,"Rank(Ts_Rank(close, 20))",ASI,MINVOL3M,INDUSTRY,5,1,P1Y,0.08,ON,OFF
FullTest_0883,"Rank(Ts_Rank(close, 20))",ASI,MINVOL3M,INDUSTRY,5,1,P1Y,0.08,OFF,ON
FullTest_0884,"Rank(Ts_Rank(close, 20))",ASI,MINVOL3M,INDUSTRY,5,1,P1Y,0.08,OFF,OFF
FullTest_0885,"Rank(Ts_Rank(close, 20))",ASI,MINVOL3M,INDUSTRY,5,1,P1Y,0.01,ON,ON
FullTest_0886,"Rank(Ts_Rank(close, 20))",ASI,MINVOL3M,INDUSTRY,5,1,P1Y,0.01,ON,OFF
FullTest_0887,"Rank(Ts_Rank(close, 20))",ASI,MINVOL3M,INDUSTRY,5,1,P1Y,0.01,OFF,ON
FullTest_0888,"Rank(Ts_Rank(close, 20))",ASI,MINVOL3M,INDUSTRY,5,1,P1Y,0.01,OFF,OFF
FullTest_0889,"Rank(Ts_Rank(close, 20))",ASI,MINVOL3M,INDUSTRY,5,1,P2Y,0.08,ON,ON
FullTest_0890,"Rank(Ts_Rank(close, 20))",ASI,MINVOL3M,INDUSTRY,5,1,P2Y,0.08,ON,OFF
FullTest_0891,"Rank(Ts_Rank(close, 20))",ASI,MINVOL3M,INDUSTRY,5,1,P2Y,0.08,OFF,ON
FullTest_0892,"Rank(Ts_Rank(close, 20))",ASI,MINVOL3M,INDUSTRY,5,1,P2Y,0.08,OFF,OFF
FullTest_0893,"Rank(Ts_Rank(close, 20))",ASI,MINVOL3M,INDUSTRY,5,1,P2Y,0.01,ON,ON
FullTest_0894,"Rank(Ts_Rank(close, 20))",ASI,MINVOL3M,INDUSTRY,5,1,P2Y,0.01,ON,OFF
FullTest_0895,"Rank(Ts_Rank(close, 20))",ASI,MINVOL3M,INDUSTRY,5,1,P2Y,0.01,OFF,ON
FullTest_0896,"Rank(Ts_Rank(close, 20))",ASI,MINVOL3M,INDUSTRY,5,1,P2Y,0.01,OFF,OFF
FullTest_0897,"Rank(Ts_Rank(close, 20))",ASI,MINVOL3M,MARKET,0,1,P1Y,0.08,ON,ON
FullTest_0898,"Rank(Ts_Rank(close, 20))",ASI,MINVOL3M,MARKET,0,1,P1Y,0.08,ON,OFF
FullTest_0899,"Rank(Ts_Rank(close, 20))",ASI,MINVOL3M,MARKET,0,1,P1Y,0.08,OFF,ON
FullTest_0900,"Rank(Ts_Rank(close, 20))",ASI,MINVOL3M,MARKET,0,1,P1Y,0.08,OFF,OFF
FullTest_0901,"Rank(Ts_Rank(close, 20))",ASI,MINVOL3M,MARKET,0,1,P1Y,0.01,ON,ON
FullTest_0902,"Rank(Ts_Rank(close, 20))",ASI,MINVOL3M,MARKET,0,1,P1Y,0.01,ON,OFF
FullTest_0903,"Rank(Ts_Rank(close, 20))",ASI,MINVOL3M,MARKET,0,1,P1Y,0.01,OFF,ON
FullTest_0904,"Rank(Ts_Rank(close, 20))",ASI,MINVOL3M,MARKET,0,1,P1Y,0.01,OFF,OFF
FullTest_0905,"Rank(Ts_Rank(close, 20))",ASI,MINVOL3M,MARKET,0,1,P2Y,0.08,ON,ON
FullTest_0906,"Rank(Ts_Rank(close, 20))",ASI,MINVOL3M,MARKET,0,1,P2Y,0.08,ON,OFF
FullTest_0907,"Rank(Ts_Rank(close, 20))",ASI,MINVOL3M,MARKET,0,1,P2Y,0.08,OFF,ON
FullTest_0908,"Rank(Ts_Rank(close, 20))",ASI,MINVOL3M,MARKET,0,1,P2Y,0.08,OFF,OFF
FullTest_0909,"Rank(Ts_Rank(close, 20))",ASI,MINVOL3M,MARKET,0,1,P2Y,0.01,ON,ON
FullTest_0910,"Rank(Ts_Rank(close, 20))",ASI,MINVOL3M,MARKET,0,1,P2Y,0.01,ON,OFF
FullTest_0911,"Rank(Ts_Rank(close, 20))",ASI,MINVOL3M,MARKET,0,1,P2Y,0.01,OFF,ON
FullTest_0912,"Rank(Ts_Rank(close, 20))",ASI,MINVOL3M,MARKET,0,1,P2Y,0.01,OFF,OFF
FullTest_0913,"Rank(Ts_Rank(close, 20))",ASI,MINVOL3M,MARKET,5,1,P1Y,0.08,ON,ON
FullTest_0914,"Rank(Ts_Rank(close, 20))",ASI,MINVOL3M,MARKET,5,1,P1Y,0.08,ON,OFF
FullTest_0915,"Rank(Ts_Rank(close, 20))",ASI,MINVOL3M,MARKET,5,1,P1Y,0.08,OFF,ON
FullTest_0916,"Rank(Ts_Rank(close, 20))",ASI,MINVOL3M,MARKET,5,1,P1Y,0.08,OFF,OFF
FullTest_0917,"Rank(Ts_Rank(close, 20))",ASI,MINVOL3M,MARKET,5,1,P1Y,0.01,ON,ON
FullTest_0918,"Rank(Ts_Rank(close, 20))",ASI,MINVOL3M,MARKET,5,1,P1Y,0.01,ON,OFF
FullTest_0919,"Rank(Ts_Rank(close, 20))",ASI,MINVOL3M,MARKET,5,1,P1Y,0.01,OFF,ON
FullTest_0920,"Rank(Ts_Rank(close, 20))",ASI,MINVOL3M,MARKET,5,1,P1Y,0.01,OFF,OFF
FullTest_0921,"Rank(Ts_Rank(close, 20))",ASI,MINVOL3M,MARKET,5,1,P2Y,0.08,ON,ON
FullTest_0922,"Rank(Ts_Rank(close, 20))",ASI,MINVOL3M,MARKET,5,1,P2Y,0.08,ON,OFF
FullTest_0923,"Rank(Ts_Rank(close, 20))",ASI,MINVOL3M,MARKET,5,1,P2Y,0.08,OFF,ON
FullTest_0924,"Rank(Ts_Rank(close, 20))",ASI,MINVOL3M,MARKET,5,1,P2Y,0.08,OFF,OFF
FullTest_0925,"Rank(Ts_Rank(close, 20))",ASI,MINVOL3M,MARKET,5,1,P2Y,0.01,ON,ON
FullTest_0926,"Rank(Ts_Rank(close, 20))",ASI,MINVOL3M,MARKET,5,1,P2Y,0.01,ON,OFF
FullTest_0927,"Rank(Ts_Rank(close, 20))",ASI,MINVOL3M,MARKET,5,1,P2Y,0.01,OFF,ON
FullTest_0928,"Rank(Ts_Rank(close, 20))",ASI,MINVOL3M,MARKET,5,1,P2Y,0.01,OFF,OFF
FullTest_0929,"Rank(Ts_Rank(close, 20))",ASI,MINVOL3M,NONE,0,1,P1Y,0.08,ON,ON
FullTest_0930,"Rank(Ts_Rank(close, 20))",ASI,MINVOL3M,NONE,0,1,P1Y,0.08,ON,OFF
FullTest_0931,"Rank(Ts_Rank(close, 20))",ASI,MINVOL3M,NONE,0,1,P1Y,0.08,OFF,ON
FullTest_0932,"Rank(Ts_Rank(close, 20))",ASI,MINVOL3M,NONE,0,1,P1Y,0.08,OFF,OFF
FullTest_0933,"Rank(Ts_Rank(close, 20))",ASI,MINVOL3M,NONE,0,1,P1Y,0.01,ON,ON
FullTest_0934,"Rank(Ts_Rank(close, 20))",ASI,MINVOL3M,NONE,0,1,P1Y,0.01,ON,OFF
FullTest_0935,"Rank(Ts_Rank(close, 20))",ASI,MINVOL3M,NONE,0,1,P1Y,0.01,OFF,ON
FullTest_0936,"Rank(Ts_Rank(close, 20))",ASI,MINVOL3M,NONE,0,1,P1Y,0.01,OFF,OFF
FullTest_0937,"Rank(Ts_Rank(close, 20))",ASI,MINVOL3M,NONE,0,1,P2Y,0.08,ON,ON
FullTest_0938,"Rank(Ts_Rank(close, 20))",ASI,MINVOL3M,NONE,0,1,P2Y,0.08,ON,OFF
FullTest_0939,"Rank(Ts_Rank(close, 20))",ASI,MINVOL3M,NONE,0,1,P2Y,0.08,OFF,ON
FullTest_0940,"Rank(Ts_Rank(close, 20))",ASI,MINVOL3M,NONE,0,1,P2Y,0.08,OFF,OFF
FullTest_0941,"Rank(Ts_Rank(close, 20))",ASI,MINVOL3M,NONE,0,1,P2Y,0.01,ON,ON
FullTest_0942,"Rank(Ts_Rank(close, 20))",ASI,MINVOL3M,NONE,0,1,P2Y,0.01,ON,OFF
FullTest_0943,"Rank(Ts_Rank(close, 20))",ASI,MINVOL3M,NONE,0,1,P2Y,0.01,OFF,ON
FullTest_0944,"Rank(Ts_Rank(close, 20))",ASI,MINVOL3M,NONE,0,1,P2Y,0.01,OFF,OFF
FullTest_0945,"Rank(Ts_Rank(close, 20))",ASI,MINVOL3M,NONE,5,1,P1Y,0.08,ON,ON
FullTest_0946,"Rank(Ts_Rank(close, 20))",ASI,MINVOL3M,NONE,5,1,P1Y,0.08,ON,OFF
FullTest_0947,"Rank(Ts_Rank(close, 20))",ASI,MINVOL3M,NONE,5,1,P1Y,0.08,OFF,ON
FullTest_0948,"Rank(Ts_Rank(close, 20))",ASI,MINVOL3M,NONE,5,1,P1Y,0.08,OFF,OFF
FullTest_0949,"Rank(Ts_Rank(close, 20))",ASI,MINVOL3M,NONE,5,1,P1Y,0.01,ON,ON
FullTest_0950,"Rank(Ts_Rank(close, 20))",ASI,MINVOL3M,NONE,5,1,P1Y,0.01,ON,OFF
FullTest_0951,"Rank(Ts_Rank(close, 20))",ASI,MINVOL3M,NONE,5,1,P1Y,0.01,OFF,ON
FullTest_0952,"Rank(Ts_Rank(close, 20))",ASI,MINVOL3M,NONE,5,1,P1Y,0.01,OFF,OFF
FullTest_0953,"Rank(Ts_Rank(close, 20))",ASI,MINVOL3M,NONE,5,1,P2Y,0.08,ON,ON
FullTest_0954,"Rank(Ts_Rank(close, 20))",ASI,MINVOL3M,NONE,5,1,P2Y,0.08,ON,OFF
FullTest_0955,"Rank(Ts_Rank(close, 20))",ASI,MINVOL3M,NONE,5,1,P2Y,0.08,OFF,ON
FullTest_0956,"Rank(Ts_Rank(close, 20))",ASI,MINVOL3M,NONE,5,1,P2Y,0.08,OFF,OFF
FullTest_0957,"Rank(Ts_Rank(close, 20))",ASI,MINVOL3M,NONE,5,1,P2Y,0.01,ON,ON
FullTest_0958,"Rank(Ts_Rank(close, 20))",ASI,MINVOL3M,NONE,5,1,P2Y,0.01,ON,OFF
FullTest_0959,"Rank(Ts_Rank(close, 20))",ASI,MINVOL3M,NONE,5,1,P2Y,0.01,OFF,ON
FullTest_0960,"Rank(Ts_Rank(close, 20))",ASI,MINVOL3M,NONE,5,1,P2Y,0.01,OFF,OFF
FullTest_0961,"Rank(Ts_Rank(close, 20))",EUR,TOP3000,INDUSTRY,0,1,P1Y,0.08,ON,ON
FullTest_0962,"Rank(Ts_Rank(close, 20))",EUR,TOP3000,INDUSTRY,0,1,P1Y,0.08,ON,OFF
FullTest_0963,"Rank(Ts_Rank(close, 20))",EUR,TOP3000,INDUSTRY,0,1,P1Y,0.08,OFF,ON
FullTest_0964,"Rank(Ts_Rank(close, 20))",EUR,TOP3000,INDUSTRY,0,1,P1Y,0.08,OFF,OFF
FullTest_0965,"Rank(Ts_Rank(close, 20))",EUR,TOP3000,INDUSTRY,0,1,P1Y,0.01,ON,ON
FullTest_0966,"Rank(Ts_Rank(close, 20))",EUR,TOP3000,INDUSTRY,0,1,P1Y,0.01,ON,OFF
FullTest_0967,"Rank(Ts_Rank(close, 20))",EUR,TOP3000,INDUSTRY,0,1,P1Y,0.01,OFF,ON
FullTest_0968,"Rank(Ts_Rank(close, 20))",EUR,TOP3000,INDUSTRY,0,1,P1Y,0.01,OFF,OFF
FullTest_0969,"Rank(Ts_Rank(close, 20))",EUR,TOP3000,INDUSTRY,0,1,P2Y,0.08,ON,ON
FullTest_0970,"Rank(Ts_Rank(close, 20))",EUR,TOP3000,INDUSTRY,0,1,P2Y,0.08,ON,OFF
FullTest_0971,"Rank(Ts_Rank(close, 20))",EUR,TOP3000,INDUSTRY,0,1,P2Y,0.08,OFF,ON
FullTest_0972,"Rank(Ts_Rank(close, 20))",EUR,TOP3000,INDUSTRY,0,1,P2Y,0.08,OFF,OFF
FullTest_0973,"Rank(Ts_Rank(close, 20))",EUR,TOP3000,INDUSTRY,0,1,P2Y,0.01,ON,ON
FullTest_0974,"Rank(Ts_Rank(close, 20))",EUR,TOP3000,INDUSTRY,0,1,P2Y,0.01,ON,OFF
FullTest_0975,"Rank(Ts_Rank(close, 20))",EUR,TOP3000,INDUSTRY,0,1,P2Y,0.01,OFF,ON
FullTest_0976,"Rank(Ts_Rank(close, 20))",EUR,TOP3000,INDUSTRY,0,1,P2Y,0.01,OFF,OFF
FullTest_0977,"Rank(Ts_Rank(close, 20))",EUR,TOP3000,INDUSTRY,5,1,P1Y,0.08,ON,ON
FullTest_0978,"Rank(Ts_Rank(close, 20))",EUR,TOP3000,INDUSTRY,5,1,P1Y,0.08,ON,OFF
FullTest_0979,"Rank(Ts_Rank(close, 20))",EUR,TOP3000,INDUSTRY,5,1,P1Y,0.08,OFF,ON
FullTest_0980,"Rank(Ts_Rank(close, 20))",EUR,TOP3000,INDUSTRY,5,1,P1Y,0.08,OFF,OFF
FullTest_0981,"Rank(Ts_Rank(close, 20))",EUR,TOP3000,INDUSTRY,5,1,P1Y,0.01,ON,ON
FullTest_0982,"Rank(Ts_Rank(close, 20))",EUR,TOP3000,INDUSTRY,5,1,P1Y,0.01,ON,OFF
FullTest_0983,"Rank(Ts_Rank(close, 20))",EUR,TOP3000,INDUSTRY,5,1,P1Y,0.01,OFF,ON
FullTest_0984,"Rank(Ts_Rank(close, 20))",EUR,TOP3000,INDUSTRY,5,1,P1Y,0.01,OFF,OFF
FullTest_0985,"Rank(Ts_Rank(close, 20))",EUR,TOP3000,INDUSTRY,5,1,P2Y,0.08,ON,ON
FullTest_0986,"Rank(Ts_Rank(close, 20))",EUR,TOP3000,INDUSTRY,5,1,P2Y,0.08,ON,OFF
FullTest_0987,"Rank(Ts_Rank(close, 20))",EUR,TOP3000,INDUSTRY,5,1,P2Y,0.08,OFF,ON
FullTest_0988,"Rank(Ts_Rank(close, 20))",EUR,TOP3000,INDUSTRY,5,1,P2Y,0.08,OFF,OFF
FullTest_0989,"Rank(Ts_Rank(close, 20))",EUR,TOP3000,INDUSTRY,5,1,P2Y,0.01,ON,ON
FullTest_0990,"Rank(Ts_Rank(close, 20))",EUR,TOP3000,INDUSTRY,5,1,P2Y,0.01,ON,OFF
FullTest_0991,"Rank(Ts_Rank(close, 20))",EUR,TOP3000,INDUSTRY,5,1,P2Y,0.01,OFF,ON
FullTest_0992,"Rank(Ts_Rank(close, 20))",EUR,TOP3000,INDUSTRY,5,1,P2Y,0.01,OFF,OFF
FullTest_0993,"Rank(Ts_Rank(close, 20))",EUR,TOP3000,MARKET,0,1,P1Y,0.08,ON,ON
FullTest_0994,"Rank(Ts_Rank(close, 20))",EUR,TOP3000,MARKET,0,1,P1Y,0.08,ON,OFF
FullTest_0995,"Rank(Ts_Rank(close, 20))",EUR,TOP3000,MARKET,0,1,P1Y,0.08,OFF,ON
FullTest_0996,"Rank(Ts_Rank(close, 20))",EUR,TOP3000,MARKET,0,1,P1Y,0.08,OFF,OFF
FullTest_0997,"Rank(Ts_Rank(close, 20))",EUR,TOP3000,MARKET,0,1,P1Y,0.01,ON,ON
FullTest_0998,"Rank(Ts_Rank(close, 20))",EUR,TOP3000,MARKET,0,1,P1Y,0.01,ON,OFF
FullTest_0999,"Rank(Ts_Rank(close, 20))",EUR,TOP3000,MARKET,0,1,P1Y,0.01,OFF,ON
FullTest_1000,"Rank(Ts_Rank(close, 20))",EUR,TOP3000,MARKET,0,1,P1Y,0.01,OFF,OFF
FullTest_1001,"Rank(Ts_Rank(close, 20))",EUR,TOP3000,MARKET,0,1,P2Y,0.08,ON,ON
FullTest_1002,"Rank(Ts_Rank(close, 20))",EUR,TOP3000,MARKET,0,1,P2Y,0.08,ON,OFF
FullTest_1003,"Rank(Ts_Rank(close, 20))",EUR,TOP3000,MARKET,0,1,P2Y,0.08,OFF,ON
FullTest_1004,"Rank(Ts_Rank(close, 20))",EUR,TOP3000,MARKET,0,1,P2Y,0.08,OFF,OFF
FullTest_1005,"Rank(Ts_Rank(close, 20))",EUR,TOP3000,MARKET,0,1,P2Y,0.01,ON,ON
FullTest_1006,"Rank(Ts_Rank(close, 20))",EUR,TOP3000,MARKET,0,1,P2Y,0.01,ON,OFF
FullTest_1007,"Rank(Ts_Rank(close, 20))",EUR,TOP3000,MARKET,0,1,P2Y,0.01,OFF,ON
FullTest_1008,"Rank(Ts_Rank(close, 20))",EUR,TOP3000,MARKET,0,1,P2Y,0.01,OFF,OFF
FullTest_1009,"Rank(Ts_Rank(close, 20))",EUR,TOP3000,MARKET,5,1,P1Y,0.08,ON,ON
FullTest_1010,"Rank(Ts_Rank(close, 20))",EUR,TOP3000,MARKET,5,1,P1Y,0.08,ON,OFF
FullTest_1011,"Rank(Ts_Rank(close, 20))",EUR,TOP3000,MARKET,5,1,P1Y,0.08,OFF,ON
FullTest_1012,"Rank(Ts_Rank(close, 20))",EUR,TOP3000,MARKET,5,1,P1Y,0.08,OFF,OFF
FullTest_1013,"Rank(Ts_Rank(close, 20))",EUR,TOP3000,MARKET,5,1,P1Y,0.01,ON,ON
FullTest_1014,"Rank(Ts_Rank(close, 20))",EUR,TOP3000,MARKET,5,1,P1Y,0.01,ON,OFF
FullTest_1015,"Rank(Ts_Rank(close, 20))",EUR,TOP3000,MARKET,5,1,P1Y,0.01,OFF,ON
FullTest_1016,"Rank(Ts_Rank(close, 20))",EUR,TOP3000,MARKET,5,1,P1Y,0.01,OFF,OFF
FullTest_1017,"Rank(Ts_Rank(close, 20))",EUR,TOP3000,MARKET,5,1,P2Y,0.08,ON,ON
FullTest_1018,"Rank(Ts_Rank(close, 20))",EUR,TOP3000,MARKET,5,1,P2Y,0.08,ON,OFF
FullTest_1019,"Rank(Ts_Rank(close, 20))",EUR,TOP3000,MARKET,5,1,P2Y,0.08,OFF,ON
FullTest_1020,"Rank(Ts_Rank(close, 20))",EUR,TOP3000,MARKET,5,1,P2Y,0.08,OFF,OFF
FullTest_1021,"Rank(Ts_Rank(close, 20))",EUR,TOP3000,MARKET,5,1,P2Y,0.01,ON,ON
FullTest_1022,"Rank(Ts_Rank(close, 20))",EUR,TOP3000,MARKET,5,1,P2Y,0.01,ON,OFF
FullTest_1023,"Rank(Ts_Rank(close, 20))",EUR,TOP3000,MARKET,5,1,P2Y,0.01,OFF,ON
FullTest_1024,"Rank(Ts_Rank(close, 20))",EUR,TOP3000,MARKET,5,1,P2Y,0.01,OFF,OFF
FullTest_1025,"Rank(Ts_Rank(close, 20))",EUR,TOP3000,NONE,0,1,P1Y,0.08,ON,ON
FullTest_1026,"Rank(Ts_Rank(close, 20))",EUR,TOP3000,NONE,0,1,P1Y,0.08,ON,OFF
FullTest_1027,"Rank(Ts_Rank(close, 20))",EUR,TOP3000,NONE,0,1,P1Y,0.08,OFF,ON
FullTest_1028,"Rank(Ts_Rank(close, 20))",EUR,TOP3000,NONE,0,1,P1Y,0.08,OFF,OFF
FullTest_1029,"Rank(Ts_Rank(close, 20))",EUR,TOP3000,NONE,0,1,P1Y,0.01,ON,ON
FullTest_1030,"Rank(Ts_Rank(close, 20))",EUR,TOP3000,NONE,0,1,P1Y,0.01,ON,OFF
FullTest_1031,"Rank(Ts_Rank(close, 20))",EUR,TOP3000,NONE,0,1,P1Y,0.01,OFF,ON
FullTest_1032,"Rank(Ts_Rank(close, 20))",EUR,TOP3000,NONE,0,1,P1Y,0.01,OFF,OFF
FullTest_1033,"Rank(Ts_Rank(close, 20))",EUR,TOP3000,NONE,0,1,P2Y,0.08,ON,ON
FullTest_1034,"Rank(Ts_Rank(close, 20))",EUR,TOP3000,NONE,0,1,P2Y,0.08,ON,OFF
FullTest_1035,"Rank(Ts_Rank(close, 20))",EUR,TOP3000,NONE,0,1,P2Y,0.08,OFF,ON
FullTest_1036,"Rank(Ts_Rank(close, 20))",EUR,TOP3000,NONE,0,1,P2Y,0.08,OFF,OFF
FullTest_1037,"Rank(Ts_Rank(close, 20))",EUR,TOP3000,NONE,0,1,P2Y,0.01,ON,ON
FullTest_1038,"Rank(Ts_Rank(close, 20))",EUR,TOP3000,NONE,0,1,P2Y,0.01,ON,OFF
FullTest_1039,"Rank(Ts_Rank(close, 20))",EUR,TOP3000,NONE,0,1,P2Y,0.01,OFF,ON
FullTest_1040,"Rank(Ts_Rank(close, 20))",EUR,TOP3000,NONE,0,1,P2Y,0.01,OFF,OFF
FullTest_1041,"Rank(Ts_Rank(close, 20))",EUR,TOP3000,NONE,5,1,P1Y,0.08,ON,ON
FullTest_1042,"Rank(Ts_Rank(close, 20))",EUR,TOP3000,NONE,5,1,P1Y,0.08,ON,OFF
FullTest_1043,"Rank(Ts_Rank(close, 20))",EUR,TOP3000,NONE,5,1,P1Y,0.08,OFF,ON
FullTest_1044,"Rank(Ts_Rank(close, 20))",EUR,TOP3000,NONE,5,1,P1Y,0.08,OFF,OFF
FullTest_1045,"Rank(Ts_Rank(close, 20))",EUR,TOP3000,NONE,5,1,P1Y,0.01,ON,ON
FullTest_1046,"Rank(Ts_Rank(close, 20))",EUR,TOP3000,NONE,5,1,P1Y,0.01,ON,OFF
FullTest_1047,"Rank(Ts_Rank(close, 20))",EUR,TOP3000,NONE,5,1,P1Y,0.01,OFF,ON
FullTest_1048,"Rank(Ts_Rank(close, 20))",EUR,TOP3000,NONE,5,1,P1Y,0.01,OFF,OFF
FullTest_1049,"Rank(Ts_Rank(close, 20))",EUR,TOP3000,NONE,5,1,P2Y,0.08,ON,ON
FullTest_1050,"Rank(Ts_Rank(close, 20))",EUR,TOP3000,NONE,5,1,P2Y,0.08,ON,OFF
FullTest_1051,"Rank(Ts_Rank(close, 20))",EUR,TOP3000,NONE,5,1,P2Y,0.08,OFF,ON
FullTest_1052,"Rank(Ts_Rank(close, 20))",EUR,TOP3000,NONE,5,1,P2Y,0.08,OFF,OFF
FullTest_1053,"Rank(Ts_Rank(close, 20))",EUR,TOP3000,NONE,5,1,P2Y,0.01,ON,ON
FullTest_1054,"Rank(Ts_Rank(close, 20))",EUR,TOP3000,NONE,5,1,P2Y,0.01,ON,OFF
FullTest_1055,"Rank(Ts_Rank(close, 20))",EUR,TOP3000,NONE,5,1,P2Y,0.01,OFF,ON
FullTest_1056,"Rank(Ts_Rank(close, 20))",EUR,TOP3000,NONE,5,1,P2Y,0.01,OFF,OFF
FullTest_1057,"Rank(Ts_Rank(close, 20))",EUR,MINVOL3M,INDUSTRY,0,1,P1Y,0.08,ON,ON
FullTest_1058,"Rank(Ts_Rank(close, 20))",EUR,MINVOL3M,INDUSTRY,0,1,P1Y,0.08,ON,OFF
FullTest_1059,"Rank(Ts_Rank(close, 20))",EUR,MINVOL3M,INDUSTRY,0,1,P1Y,0.08,OFF,ON
FullTest_1060,"Rank(Ts_Rank(close, 20))",EUR,MINVOL3M,INDUSTRY,0,1,P1Y,0.08,OFF,OFF
FullTest_1061,"Rank(Ts_Rank(close, 20))",EUR,MINVOL3M,INDUSTRY,0,1,P1Y,0.01,ON,ON
FullTest_1062,"Rank(Ts_Rank(close, 20))",EUR,MINVOL3M,INDUSTRY,0,1,P1Y,0.01,ON,OFF
FullTest_1063,"Rank(Ts_Rank(close, 20))",EUR,MINVOL3M,INDUSTRY,0,1,P1Y,0.01,OFF,ON
FullTest_1064,"Rank(Ts_Rank(close, 20))",EUR,MINVOL3M,INDUSTRY,0,1,P1Y,0.01,OFF,OFF
FullTest_1065,"Rank(Ts_Rank(close, 20))",EUR,MINVOL3M,INDUSTRY,0,1,P2Y,0.08,ON,ON
FullTest_1066,"Rank(Ts_Rank(close, 20))",EUR,MINVOL3M,INDUSTRY,0,1,P2Y,0.08,ON,OFF
FullTest_1067,"Rank(Ts_Rank(close, 20))",EUR,MINVOL3M,INDUSTRY,0,1,P2Y,0.08,OFF,ON
FullTest_1068,"Rank(Ts_Rank(close, 20))",EUR,MINVOL3M,INDUSTRY,0,1,P2Y,0.08,OFF,OFF
FullTest_1069,"Rank(Ts_Rank(close, 20))",EUR,MINVOL3M,INDUSTRY,0,1,P2Y,0.01,ON,ON
FullTest_1070,"Rank(Ts_Rank(close, 20))",EUR,MINVOL3M,INDUSTRY,0,1,P2Y,0.01,ON,OFF
FullTest_1071,"Rank(Ts_Rank(close, 20))",EUR,MINVOL3M,INDUSTRY,0,1,P2Y,0.01,OFF,ON
FullTest_1072,"Rank(Ts_Rank(close, 20))",EUR,MINVOL3M,INDUSTRY,0,1,P2Y,0.01,OFF,OFF
FullTest_1073,"Rank(Ts_Rank(close, 20))",EUR,MINVOL3M,INDUSTRY,5,1,P1Y,0.08,ON,ON
FullTest_1074,"Rank(Ts_Rank(close, 20))",EUR,MINVOL3M,INDUSTRY,5,1,P1Y,0.08,ON,OFF
FullTest_1075,"Rank(Ts_Rank(close, 20))",EUR,MINVOL3M,INDUSTRY,5,1,P1Y,0.08,OFF,ON
FullTest_1076,"Rank(Ts_Rank(close, 20))",EUR,MINVOL3M,INDUSTRY,5,1,P1Y,0.08,OFF,OFF
FullTest_1077,"Rank(Ts_Rank(close, 20))",EUR,MINVOL3M,INDUSTRY,5,1,P1Y,0.01,ON,ON
FullTest_1078,"Rank(Ts_Rank(close, 20))",EUR,MINVOL3M,INDUSTRY,5,1,P1Y,0.01,ON,OFF
FullTest_1079,"Rank(Ts_Rank(close, 20))",EUR,MINVOL3M,INDUSTRY,5,1,P1Y,0.01,OFF,ON
FullTest_1080,"Rank(Ts_Rank(close, 20))",EUR,MINVOL3M,INDUSTRY,5,1,P1Y,0.01,OFF,OFF
FullTest_1081,"Rank(Ts_Rank(close, 20))",EUR,MINVOL3M,INDUSTRY,5,1,P2Y,0.08,ON,ON
FullTest_1082,"Rank(Ts_Rank(close, 20))",EUR,MINVOL3M,INDUSTRY,5,1,P2Y,0.08,ON,OFF
FullTest_1083,"Rank(Ts_Rank(close, 20))",EUR,MINVOL3M,INDUSTRY,5,1,P2Y,0.08,OFF,ON
FullTest_1084,"Rank(Ts_Rank(close, 20))",EUR,MINVOL3M,INDUSTRY,5,1,P2Y,0.08,OFF,OFF
FullTest_1085,"Rank(Ts_Rank(close, 20))",EUR,MINVOL3M,INDUSTRY,5,1,P2Y,0.01,ON,ON
FullTest_1086,"Rank(Ts_Rank(close, 20))",EUR,MINVOL3M,INDUSTRY,5,1,P2Y,0.01,ON,OFF
FullTest_1087,"Rank(Ts_Rank(close, 20))",EUR,MINVOL3M,INDUSTRY,5,1,P2Y,0.01,OFF,ON
FullTest_1088,"Rank(Ts_Rank(close, 20))",EUR,MINVOL3M,INDUSTRY,5,1,P2Y,0.01,OFF,OFF
FullTest_1089,"Rank(Ts_Rank(close, 20))",EUR,MINVOL3M,MARKET,0,1,P1Y,0.08,ON,ON
FullTest_1090,"Rank(Ts_Rank(close, 20))",EUR,MINVOL3M,MARKET,0,1,P1Y,0.08,ON,OFF
FullTest_1091,"Rank(Ts_Rank(close, 20))",EUR,MINVOL3M,MARKET,0,1,P1Y,0.08,OFF,ON
FullTest_1092,"Rank(Ts_Rank(close, 20))",EUR,MINVOL3M,MARKET,0,1,P1Y,0.08,OFF,OFF
FullTest_1093,"Rank(Ts_Rank(close, 20))",EUR,MINVOL3M,MARKET,0,1,P1Y,0.01,ON,ON
FullTest_1094,"Rank(Ts_Rank(close, 20))",EUR,MINVOL3M,MARKET,0,1,P1Y,0.01,ON,OFF
FullTest_1095,"Rank(Ts_Rank(close, 20))",EUR,MINVOL3M,MARKET,0,1,P1Y,0.01,OFF,ON
FullTest_1096,"Rank(Ts_Rank(close, 20))",EUR,MINVOL3M,MARKET,0,1,P1Y,0.01,OFF,OFF
FullTest_1097,"Rank(Ts_Rank(close, 20))",EUR,MINVOL3M,MARKET,0,1,P2Y,0.08,ON,ON
FullTest_1098,"Rank(Ts_Rank(close, 20))",EUR,MINVOL3M,MARKET,0,1,P2Y,0.08,ON,OFF
FullTest_1099,"Rank(Ts_Rank(close, 20))",EUR,MINVOL3M,MARKET,0,1,P2Y,0.08,OFF,ON
FullTest_1100,"Rank(Ts_Rank(close, 20))",EUR,MINVOL3M,MARKET,0,1,P2Y,0.08,OFF,OFF
FullTest_1101,"Rank(Ts_Rank(close, 20))",EUR,MINVOL3M,MARKET,0,1,P2Y,0.01,ON,ON
FullTest_1102,"Rank(Ts_Rank(close, 20))",EUR,MINVOL3M,MARKET,0,1,P2Y,0.01,ON,OFF
FullTest_1103,"Rank(Ts_Rank(close, 20))",EUR,MINVOL3M,MARKET,0,1,P2Y,0.01,OFF,ON
FullTest_1104,"Rank(Ts_Rank(close, 20))",EUR,MINVOL3M,MARKET,0,1,P2Y,0.01,OFF,OFF
FullTest_1105,"Rank(Ts_Rank(close, 20))",EUR,MINVOL3M,MARKET,5,1,P1Y,0.08,ON,ON
FullTest_1106,"Rank(Ts_Rank(close, 20))",EUR,MINVOL3M,MARKET,5,1,P1Y,0.08,ON,OFF
FullTest_1107,"Rank(Ts_Rank(close, 20))",EUR,MINVOL3M,MARKET,5,1,P1Y,0.08,OFF,ON
FullTest_1108,"Rank(Ts_Rank(close, 20))",EUR,MINVOL3M,MARKET,5,1,P1Y,0.08,OFF,OFF
FullTest_1109,"Rank(Ts_Rank(close, 20))",EUR,MINVOL3M,MARKET,5,1,P1Y,0.01,ON,ON
FullTest_1110,"Rank(Ts_Rank(close, 20))",EUR,MINVOL3M,MARKET,5,1,P1Y,0.01,ON,OFF
FullTest_1111,"Rank(Ts_Rank(close, 20))",EUR,MINVOL3M,MARKET,5,1,P1Y,0.01,OFF,ON
FullTest_1112,"Rank(Ts_Rank(close, 20))",EUR,MINVOL3M,MARKET,5,1,P1Y,0.01,OFF,OFF
FullTest_1113,"Rank(Ts_Rank(close, 20))",EUR,MINVOL3M,MARKET,5,1,P2Y,0.08,ON,ON
FullTest_1114,"Rank(Ts_Rank(close, 20))",EUR,MINVOL3M,MARKET,5,1,P2Y,0.08,ON,OFF
FullTest_1115,"Rank(Ts_Rank(close, 20))",EUR,MINVOL3M,MARKET,5,1,P2Y,0.08,OFF,ON
FullTest_1116,"Rank(Ts_Rank(close, 20))",EUR,MINVOL3M,MARKET,5,1,P2Y,0.08,OFF,OFF
FullTest_1117,"Rank(Ts_Rank(close, 20))",EUR,MINVOL3M,MARKET,5,1,P2Y,0.01,ON,ON
FullTest_1118,"Rank(Ts_Rank(close, 20))",EUR,MINVOL3M,MARKET,5,1,P2Y,0.01,ON,OFF
FullTest_1119,"Rank(Ts_Rank(close, 20))",EUR,MINVOL3M,MARKET,5,1,P2Y,0.01,OFF,ON
FullTest_1120,"Rank(Ts_Rank(close, 20))",EUR,MINVOL3M,MARKET,5,1,P2Y,0.01,OFF,OFF
FullTest_1121,"Rank(Ts_Rank(close, 20))",EUR,MINVOL3M,NONE,0,1,P1Y,0.08,ON,ON
FullTest_1122,"Rank(Ts_Rank(close, 20))",EUR,MINVOL3M,NONE,0,1,P1Y,0.08,ON,OFF
FullTest_1123,"Rank(Ts_Rank(close, 20))",EUR,MINVOL3M,NONE,0,1,P1Y,0.08,OFF,ON
FullTest_1124,"Rank(Ts_Rank(close, 20))",EUR,MINVOL3M,NONE,0,1,P1Y,0.08,OFF,OFF
FullTest_1125,"Rank(Ts_Rank(close, 20))",EUR,MINVOL3M,NONE,0,1,P1Y,0.01,ON,ON
FullTest_1126,"Rank(Ts_Rank(close, 20))",EUR,MINVOL3M,NONE,0,1,P1Y,0.01,ON,OFF
FullTest_1127,"Rank(Ts_Rank(close, 20))",EUR,MINVOL3M,NONE,0,1,P1Y,0.01,OFF,ON
FullTest_1128,"Rank(Ts_Rank(close, 20))",EUR,MINVOL3M,NONE,0,1,P1Y,0.01,OFF,OFF
FullTest_1129,"Rank(Ts_Rank(close, 20))",EUR,MINVOL3M,NONE,0,1,P2Y,0.08,ON,ON
FullTest_1130,"Rank(Ts_Rank(close, 20))",EUR,MINVOL3M,NONE,0,1,P2Y,0.08,ON,OFF
FullTest_1131,"Rank(Ts_Rank(close, 20))",EUR,MINVOL3M,NONE,0,1,P2Y,0.08,OFF,ON
FullTest_1132,"Rank(Ts_Rank(close, 20))",EUR,MINVOL3M,NONE,0,1,P2Y,0.08,OFF,OFF
FullTest_1133,"Rank(Ts_Rank(close, 20))",EUR,MINVOL3M,NONE,0,1,P2Y,0.01,ON,ON
FullTest_1134,"Rank(Ts_Rank(close, 20))",EUR,MINVOL3M,NONE,0,1,P2Y,0.01,ON,OFF
FullTest_1135,"Rank(Ts_Rank(close, 20))",EUR,MINVOL3M,NONE,0,1,P2Y,0.01,OFF,ON
FullTest_1136,"Rank(Ts_Rank(close, 20))",EUR,MINVOL3M,NONE,0,1,P2Y,0.01,OFF,OFF
FullTest_1137,"Rank(Ts_Rank(close, 20))",EUR,MINVOL3M,NONE,5,1,P1Y,0.08,ON,ON
FullTest_1138,"Rank(Ts_Rank(close, 20))",EUR,MINVOL3M,NONE,5,1,P1Y,0.08,ON,OFF
FullTest_1139,"Rank(Ts_Rank(close, 20))",EUR,MINVOL3M,NONE,5,1,P1Y,0.08,OFF,ON
FullTest_1140,"Rank(Ts_Rank(close, 20))",EUR,MINVOL3M,NONE,5,1,P1Y,0.08,OFF,OFF
FullTest_1141,"Rank(Ts_Rank(close, 20))",EUR,MINVOL3M,NONE,5,1,P1Y,0.01,ON,ON
FullTest_1142,"Rank(Ts_Rank(close, 20))",EUR,MINVOL3M,NONE,5,1,P1Y,0.01,ON,OFF
FullTest_1143,"Rank(Ts_Rank(close, 20))",EUR,MINVOL3M,NONE,5,1,P1Y,0.01,OFF,ON
FullTest_1144,"Rank(Ts_Rank(close, 20))",EUR,MINVOL3M,NONE,5,1,P1Y,0.01,OFF,OFF
FullTest_1145,"Rank(Ts_Rank(close, 20))",EUR,MINVOL3M,NONE,5,1,P2Y,0.08,ON,ON
FullTest_1146,"Rank(Ts_Rank(close, 20))",EUR,MINVOL3M,NONE,5,1,P2Y,0.08,ON,OFF
FullTest_1147,"Rank(Ts_Rank(close, 20))",EUR,MINVOL3M,NONE,5,1,P2Y,0.08,OFF,ON
FullTest_1148,"Rank(Ts_Rank(close, 20))",EUR,MINVOL3M,NONE,5,1,P2Y,0.08,OFF,OFF
FullTest_1149,"Rank(Ts_Rank(close, 20))",EUR,MINVOL3M,NONE,5,1,P2Y,0.01,ON,ON
FullTest_1150,"Rank(Ts_Rank(close, 20))",EUR,MINVOL3M,NONE,5,1,P2Y,0.01,ON,OFF
FullTest_1151,"Rank(Ts_Rank(close, 20))",EUR,MINVOL3M,NONE,5,1,P2Y,0.01,OFF,ON
FullTest_1152,"Rank(Ts_Rank(close, 20))",EUR,MINVOL3M,NONE,5,1,P2Y,0.01,OFF,OFF
FullTest_1153,"Rank(Ts_Rank(open, 10))",USA,TOP3000,INDUSTRY,0,1,P1Y,0.08,ON,ON
FullTest_1154,"Rank(Ts_Rank(open, 10))",USA,TOP3000,INDUSTRY,0,1,P1Y,0.08,ON,OFF
FullTest_1155,"Rank(Ts_Rank(open, 10))",USA,TOP3000,INDUSTRY,0,1,P1Y,0.08,OFF,ON
FullTest_1156,"Rank(Ts_Rank(open, 10))",USA,TOP3000,INDUSTRY,0,1,P1Y,0.08,OFF,OFF
FullTest_1157,"Rank(Ts_Rank(open, 10))",USA,TOP3000,INDUSTRY,0,1,P1Y,0.01,ON,ON
FullTest_1158,"Rank(Ts_Rank(open, 10))",USA,TOP3000,INDUSTRY,0,1,P1Y,0.01,ON,OFF
FullTest_1159,"Rank(Ts_Rank(open, 10))",USA,TOP3000,INDUSTRY,0,1,P1Y,0.01,OFF,ON
FullTest_1160,"Rank(Ts_Rank(open, 10))",USA,TOP3000,INDUSTRY,0,1,P1Y,0.01,OFF,OFF
FullTest_1161,"Rank(Ts_Rank(open, 10))",USA,TOP3000,INDUSTRY,0,1,P2Y,0.08,ON,ON
FullTest_1162,"Rank(Ts_Rank(open, 10))",USA,TOP3000,INDUSTRY,0,1,P2Y,0.08,ON,OFF
FullTest_1163,"Rank(Ts_Rank(open, 10))",USA,TOP3000,INDUSTRY,0,1,P2Y,0.08,OFF,ON
FullTest_1164,"Rank(Ts_Rank(open, 10))",USA,TOP3000,INDUSTRY,0,1,P2Y,0.08,OFF,OFF
FullTest_1165,"Rank(Ts_Rank(open, 10))",USA,TOP3000,INDUSTRY,0,1,P2Y,0.01,ON,ON
FullTest_1166,"Rank(Ts_Rank(open, 10))",USA,TOP3000,INDUSTRY,0,1,P2Y,0.01,ON,OFF
FullTest_1167,"Rank(Ts_Rank(open, 10))",USA,TOP3000,INDUSTRY,0,1,P2Y,0.01,OFF,ON
FullTest_1168,"Rank(Ts_Rank(open, 10))",USA,TOP3000,INDUSTRY,0,1,P2Y,0.01,OFF,OFF
FullTest_1169,"Rank(Ts_Rank(open, 10))",USA,TOP3000,INDUSTRY,5,1,P1Y,0.08,ON,ON
FullTest_1170,"Rank(Ts_Rank(open, 10))",USA,TOP3000,INDUSTRY,5,1,P1Y,0.08,ON,OFF
FullTest_1171,"Rank(Ts_Rank(open, 10))",USA,TOP3000,INDUSTRY,5,1,P1Y,0.08,OFF,ON
FullTest_1172,"Rank(Ts_Rank(open, 10))",USA,TOP3000,INDUSTRY,5,1,P1Y,0.08,OFF,OFF
FullTest_1173,"Rank(Ts_Rank(open, 10))",USA,TOP3000,INDUSTRY,5,1,P1Y,0.01,ON,ON
FullTest_1174,"Rank(Ts_Rank(open, 10))",USA,TOP3000,INDUSTRY,5,1,P1Y,0.01,ON,OFF
FullTest_1175,"Rank(Ts_Rank(open, 10))",USA,TOP3000,INDUSTRY,5,1,P1Y,0.01,OFF,ON
FullTest_1176,"Rank(Ts_Rank(open, 10))",USA,TOP3000,INDUSTRY,5,1,P1Y,0.01,OFF,OFF
FullTest_1177,"Rank(Ts_Rank(open, 10))",USA,TOP3000,INDUSTRY,5,1,P2Y,0.08,ON,ON
FullTest_1178,"Rank(Ts_Rank(open, 10))",USA,TOP3000,INDUSTRY,5,1,P2Y,0.08,ON,OFF
FullTest_1179,"Rank(Ts_Rank(open, 10))",USA,TOP3000,INDUSTRY,5,1,P2Y,0.08,OFF,ON
FullTest_1180,"Rank(Ts_Rank(open, 10))",USA,TOP3000,INDUSTRY,5,1,P2Y,0.08,OFF,OFF
FullTest_1181,"Rank(Ts_Rank(open, 10))",USA,TOP3000,INDUSTRY,5,1,P2Y,0.01,ON,ON
FullTest_1182,"Rank(Ts_Rank(open, 10))",USA,TOP3000,INDUSTRY,5,1,P2Y,0.01,ON,OFF
FullTest_1183,"Rank(Ts_Rank(open, 10))",USA,TOP3000,INDUSTRY,5,1,P2Y,0.01,OFF,ON
FullTest_1184,"Rank(Ts_Rank(open, 10))",USA,TOP3000,INDUSTRY,5,1,P2Y,0.01,OFF,OFF
FullTest_1185,"Rank(Ts_Rank(open, 10))",USA,TOP3000,MARKET,0,1,P1Y,0.08,ON,ON
FullTest_1186,"Rank(Ts_Rank(open, 10))",USA,TOP3000,MARKET,0,1,P1Y,0.08,ON,OFF
FullTest_1187,"Rank(Ts_Rank(open, 10))",USA,TOP3000,MARKET,0,1,P1Y,0.08,OFF,ON
FullTest_1188,"Rank(Ts_Rank(open, 10))",USA,TOP3000,MARKET,0,1,P1Y,0.08,OFF,OFF
FullTest_1189,"Rank(Ts_Rank(open, 10))",USA,TOP3000,MARKET,0,1,P1Y,0.01,ON,ON
FullTest_1190,"Rank(Ts_Rank(open, 10))",USA,TOP3000,MARKET,0,1,P1Y,0.01,ON,OFF
FullTest_1191,"Rank(Ts_Rank(open, 10))",USA,TOP3000,MARKET,0,1,P1Y,0.01,OFF,ON
FullTest_1192,"Rank(Ts_Rank(open, 10))",USA,TOP3000,MARKET,0,1,P1Y,0.01,OFF,OFF
FullTest_1193,"Rank(Ts_Rank(open, 10))",USA,TOP3000,MARKET,0,1,P2Y,0.08,ON,ON
FullTest_1194,"Rank(Ts_Rank(open, 10))",USA,TOP3000,MARKET,0,1,P2Y,0.08,ON,OFF
FullTest_1195,"Rank(Ts_Rank(open, 10))",USA,TOP3000,MARKET,0,1,P2Y,0.08,OFF,ON
FullTest_1196,"Rank(Ts_Rank(open, 10))",USA,TOP3000,MARKET,0,1,P2Y,0.08,OFF,OFF
FullTest_1197,"Rank(Ts_Rank(open, 10))",USA,TOP3000,MARKET,0,1,P2Y,0.01,ON,ON
FullTest_1198,"Rank(Ts_Rank(open, 10))",USA,TOP3000,MARKET,0,1,P2Y,0.01,ON,OFF
FullTest_1199,"Rank(Ts_Rank(open, 10))",USA,TOP3000,MARKET,0,1,P2Y,0.01,OFF,ON
FullTest_1200,"Rank(Ts_Rank(open, 10))",USA,TOP3000,MARKET,0,1,P2Y,0.01,OFF,OFF
FullTest_1201,"Rank(Ts_Rank(open, 10))",USA,TOP3000,MARKET,5,1,P1Y,0.08,ON,ON
FullTest_1202,"Rank(Ts_Rank(open, 10))",USA,TOP3000,MARKET,5,1,P1Y,0.08,ON,OFF
FullTest_1203,"Rank(Ts_Rank(open, 10))",USA,TOP3000,MARKET,5,1,P1Y,0.08,OFF,ON
FullTest_1204,"Rank(Ts_Rank(open, 10))",USA,TOP3000,MARKET,5,1,P1Y,0.08,OFF,OFF
FullTest_1205,"Rank(Ts_Rank(open, 10))",USA,TOP3000,MARKET,5,1,P1Y,0.01,ON,ON
FullTest_1206,"Rank(Ts_Rank(open, 10))",USA,TOP3000,MARKET,5,1,P1Y,0.01,ON,OFF
FullTest_1207,"Rank(Ts_Rank(open, 10))",USA,TOP3000,MARKET,5,1,P1Y,0.01,OFF,ON
FullTest_1208,"Rank(Ts_Rank(open, 10))",USA,TOP3000,MARKET,5,1,P1Y,0.01,OFF,OFF
FullTest_1209,"Rank(Ts_Rank(open, 10))",USA,TOP3000,MARKET,5,1,P2Y,0.08,ON,ON
FullTest_1210,"Rank(Ts_Rank(open, 10))",USA,TOP3000,MARKET,5,1,P2Y,0.08,ON,OFF
FullTest_1211,"Rank(Ts_Rank(open, 10))",USA,TOP3000,MARKET,5,1,P2Y,0.08,OFF,ON
FullTest_1212,"Rank(Ts_Rank(open, 10))",USA,TOP3000,MARKET,5,1,P2Y,0.08,OFF,OFF
FullTest_1213,"Rank(Ts_Rank(open, 10))",USA,TOP3000,MARKET,5,1,P2Y,0.01,ON,ON
FullTest_1214,"Rank(Ts_Rank(open, 10))",USA,TOP3000,MARKET,5,1,P2Y,0.01,ON,OFF
FullTest_1215,"Rank(Ts_Rank(open, 10))",USA,TOP3000,MARKET,5,1,P2Y,0.01,OFF,ON
FullTest_1216,"Rank(Ts_Rank(open, 10))",USA,TOP3000,MARKET,5,1,P2Y,0.01,OFF,OFF
FullTest_1217,"Rank(Ts_Rank(open, 10))",USA,TOP3000,NONE,0,1,P1Y,0.08,ON,ON
FullTest_1218,"Rank(Ts_Rank(open, 10))",USA,TOP3000,NONE,0,1,P1Y,0.08,ON,OFF
FullTest_1219,"Rank(Ts_Rank(open, 10))",USA,TOP3000,NONE,0,1,P1Y,0.08,OFF,ON
FullTest_1220,"Rank(Ts_Rank(open, 10))",USA,TOP3000,NONE,0,1,P1Y,0.08,OFF,OFF
FullTest_1221,"Rank(Ts_Rank(open, 10))",USA,TOP3000,NONE,0,1,P1Y,0.01,ON,ON
FullTest_1222,"Rank(Ts_Rank(open, 10))",USA,TOP3000,NONE,0,1,P1Y,0.01,ON,OFF
FullTest_1223,"Rank(Ts_Rank(open, 10))",USA,TOP3000,NONE,0,1,P1Y,0.01,OFF,ON
FullTest_1224,"Rank(Ts_Rank(open, 10))",USA,TOP3000,NONE,0,1,P1Y,0.01,OFF,OFF
FullTest_1225,"Rank(Ts_Rank(open, 10))",USA,TOP3000,NONE,0,1,P2Y,0.08,ON,ON
FullTest_1226,"Rank(Ts_Rank(open, 10))",USA,TOP3000,NONE,0,1,P2Y,0.08,ON,OFF
FullTest_1227,"Rank(Ts_Rank(open, 10))",USA,TOP3000,NONE,0,1,P2Y,0.08,OFF,ON
FullTest_1228,"Rank(Ts_Rank(open, 10))",USA,TOP3000,NONE,0,1,P2Y,0.08,OFF,OFF
FullTest_1229,"Rank(Ts_Rank(open, 10))",USA,TOP3000,NONE,0,1,P2Y,0.01,ON,ON
FullTest_1230,"Rank(Ts_Rank(open, 10))",USA,TOP3000,NONE,0,1,P2Y,0.01,ON,OFF
FullTest_1231,"Rank(Ts_Rank(open, 10))",USA,TOP3000,NONE,0,1,P2Y,0.01,OFF,ON
FullTest_1232,"Rank(Ts_Rank(open, 10))",USA,TOP3000,NONE,0,1,P2Y,0.01,OFF,OFF
FullTest_1233,"Rank(Ts_Rank(open, 10))",USA,TOP3000,NONE,5,1,P1Y,0.08,ON,ON
FullTest_1234,"Rank(Ts_Rank(open, 10))",USA,TOP3000,NONE,5,1,P1Y,0.08,ON,OFF
FullTest_1235,"Rank(Ts_Rank(open, 10))",USA,TOP3000,NONE,5,1,P1Y,0.08,OFF,ON
FullTest_1236,"Rank(Ts_Rank(open, 10))",USA,TOP3000,NONE,5,1,P1Y,0.08,OFF,OFF
FullTest_1237,"Rank(Ts_Rank(open, 10))",USA,TOP3000,NONE,5,1,P1Y,0.01,ON,ON
FullTest_1238,"Rank(Ts_Rank(open, 10))",USA,TOP3000,NONE,5,1,P1Y,0.01,ON,OFF
FullTest_1239,"Rank(Ts_Rank(open, 10))",USA,TOP3000,NONE,5,1,P1Y,0.01,OFF,ON
FullTest_1240,"Rank(Ts_Rank(open, 10))",USA,TOP3000,NONE,5,1,P1Y,0.01,OFF,OFF
FullTest_1241,"Rank(Ts_Rank(open, 10))",USA,TOP3000,NONE,5,1,P2Y,0.08,ON,ON
FullTest_1242,"Rank(Ts_Rank(open, 10))",USA,TOP3000,NONE,5,1,P2Y,0.08,ON,OFF
FullTest_1243,"Rank(Ts_Rank(open, 10))",USA,TOP3000,NONE,5,1,P2Y,0.08,OFF,ON
FullTest_1244,"Rank(Ts_Rank(open, 10))",USA,TOP3000,NONE,5,1,P2Y,0.08,OFF,OFF
FullTest_1245,"Rank(Ts_Rank(open, 10))",USA,TOP3000,NONE,5,1,P2Y,0.01,ON,ON
FullTest_1246,"Rank(Ts_Rank(open, 10))",USA,TOP3000,NONE,5,1,P2Y,0.01,ON,OFF
FullTest_1247,"Rank(Ts_Rank(open, 10))",USA,TOP3000,NONE,5,1,P2Y,0.01,OFF,ON
FullTest_1248,"Rank(Ts_Rank(open, 10))",USA,TOP3000,NONE,5,1,P2Y,0.01,OFF,OFF
FullTest_1249,"Rank(Ts_Rank(open, 10))",USA,MINVOL3M,INDUSTRY,0,1,P1Y,0.08,ON,ON
FullTest_1250,"Rank(Ts_Rank(open, 10))",USA,MINVOL3M,INDUSTRY,0,1,P1Y,0.08,ON,OFF
FullTest_1251,"Rank(Ts_Rank(open, 10))",USA,MINVOL3M,INDUSTRY,0,1,P1Y,0.08,OFF,ON
FullTest_1252,"Rank(Ts_Rank(open, 10))",USA,MINVOL3M,INDUSTRY,0,1,P1Y,0.08,OFF,OFF
FullTest_1253,"Rank(Ts_Rank(open, 10))",USA,MINVOL3M,INDUSTRY,0,1,P1Y,0.01,ON,ON
FullTest_1254,"Rank(Ts_Rank(open, 10))",USA,MINVOL3M,INDUSTRY,0,1,P1Y,0.01,ON,OFF
FullTest_1255,"Rank(Ts_Rank(open, 10))",USA,MINVOL3M,INDUSTRY,0,1,P1Y,0.01,OFF,ON
FullTest_1256,"Rank(Ts_Rank(open, 10))",USA,MINVOL3M,INDUSTRY,0,1,P1Y,0.01,OFF,OFF
FullTest_1257,"Rank(Ts_Rank(open, 10))",USA,MINVOL3M,INDUSTRY,0,1,P2Y,0.08,ON,ON
FullTest_1258,"Rank(Ts_Rank(open, 10))",USA,MINVOL3M,INDUSTRY,0,1,P2Y,0.08,ON,OFF
FullTest_1259,"Rank(Ts_Rank(open, 10))",USA,MINVOL3M,INDUSTRY,0,1,P2Y,0.08,OFF,ON
FullTest_1260,"Rank(Ts_Rank(open, 10))",USA,MINVOL3M,INDUSTRY,0,1,P2Y,0.08,OFF,OFF
FullTest_1261,"Rank(Ts_Rank(open, 10))",USA,MINVOL3M,INDUSTRY,0,1,P2Y,0.01,ON,ON
FullTest_1262,"Rank(Ts_Rank(open, 10))",USA,MINVOL3M,INDUSTRY,0,1,P2Y,0.01,ON,OFF
FullTest_1263,"Rank(Ts_Rank(open, 10))",USA,MINVOL3M,INDUSTRY,0,1,P2Y,0.01,OFF,ON
FullTest_1264,"Rank(Ts_Rank(open, 10))",USA,MINVOL3M,INDUSTRY,0,1,P2Y,0.01,OFF,OFF
FullTest_1265,"Rank(Ts_Rank(open, 10))",USA,MINVOL3M,INDUSTRY,5,1,P1Y,0.08,ON,ON
FullTest_1266,"Rank(Ts_Rank(open, 10))",USA,MINVOL3M,INDUSTRY,5,1,P1Y,0.08,ON,OFF
FullTest_1267,"Rank(Ts_Rank(open, 10))",USA,MINVOL3M,INDUSTRY,5,1,P1Y,0.08,OFF,ON
FullTest_1268,"Rank(Ts_Rank(open, 10))",USA,MINVOL3M,INDUSTRY,5,1,P1Y,0.08,OFF,OFF
FullTest_1269,"Rank(Ts_Rank(open, 10))",USA,MINVOL3M,INDUSTRY,5,1,P1Y,0.01,ON,ON
FullTest_1270,"Rank(Ts_Rank(open, 10))",USA,MINVOL3M,INDUSTRY,5,1,P1Y,0.01,ON,OFF
FullTest_1271,"Rank(Ts_Rank(open, 10))",USA,MINVOL3M,INDUSTRY,5,1,P1Y,0.01,OFF,ON
FullTest_1272,"Rank(Ts_Rank(open, 10))",USA,MINVOL3M,INDUSTRY,5,1,P1Y,0.01,OFF,OFF
FullTest_1273,"Rank(Ts_Rank(open, 10))",USA,MINVOL3M,INDUSTRY,5,1,P2Y,0.08,ON,ON
FullTest_1274,"Rank(Ts_Rank(open, 10))",USA,MINVOL3M,INDUSTRY,5,1,P2Y,0.08,ON,OFF
FullTest_1275,"Rank(Ts_Rank(open, 10))",USA,MINVOL3M,INDUSTRY,5,1,P2Y,0.08,OFF,ON
FullTest_1276,"Rank(Ts_Rank(open, 10))",USA,MINVOL3M,INDUSTRY,5,1,P2Y,0.08,OFF,OFF
FullTest_1277,"Rank(Ts_Rank(open, 10))",USA,MINVOL3M,INDUSTRY,5,1,P2Y,0.01,ON,ON
FullTest_1278,"Rank(Ts_Rank(open, 10))",USA,MINVOL3M,INDUSTRY,5,1,P2Y,0.01,ON,OFF
FullTest_1279,"Rank(Ts_Rank(open, 10))",USA,MINVOL3M,INDUSTRY,5,1,P2Y,0.01,OFF,ON
FullTest_1280,"Rank(Ts_Rank(open, 10))",USA,MINVOL3M,INDUSTRY,5,1,P2Y,0.01,OFF,OFF
FullTest_1281,"Rank(Ts_Rank(open, 10))",USA,MINVOL3M,MARKET,0,1,P1Y,0.08,ON,ON
FullTest_1282,"Rank(Ts_Rank(open, 10))",USA,MINVOL3M,MARKET,0,1,P1Y,0.08,ON,OFF
FullTest_1283,"Rank(Ts_Rank(open, 10))",USA,MINVOL3M,MARKET,0,1,P1Y,0.08,OFF,ON
FullTest_1284,"Rank(Ts_Rank(open, 10))",USA,MINVOL3M,MARKET,0,1,P1Y,0.08,OFF,OFF
FullTest_1285,"Rank(Ts_Rank(open, 10))",USA,MINVOL3M,MARKET,0,1,P1Y,0.01,ON,ON
FullTest_1286,"Rank(Ts_Rank(open, 10))",USA,MINVOL3M,MARKET,0,1,P1Y,0.01,ON,OFF
FullTest_1287,"Rank(Ts_Rank(open, 10))",USA,MINVOL3M,MARKET,0,1,P1Y,0.01,OFF,ON
FullTest_1288,"Rank(Ts_Rank(open, 10))",USA,MINVOL3M,MARKET,0,1,P1Y,0.01,OFF,OFF
FullTest_1289,"Rank(Ts_Rank(open, 10))",USA,MINVOL3M,MARKET,0,1,P2Y,0.08,ON,ON
FullTest_1290,"Rank(Ts_Rank(open, 10))",USA,MINVOL3M,MARKET,0,1,P2Y,0.08,ON,OFF
FullTest_1291,"Rank(Ts_Rank(open, 10))",USA,MINVOL3M,MARKET,0,1,P2Y,0.08,OFF,ON
FullTest_1292,"Rank(Ts_Rank(open, 10))",USA,MINVOL3M,MARKET,0,1,P2Y,0.08,OFF,OFF
FullTest_1293,"Rank(Ts_Rank(open, 10))",USA,MINVOL3M,MARKET,0,1,P2Y,0.01,ON,ON
FullTest_1294,"Rank(Ts_Rank(open, 10))",USA,MINVOL3M,MARKET,0,1,P2Y,0.01,ON,OFF
FullTest_1295,"Rank(Ts_Rank(open, 10))",USA,MINVOL3M,MARKET,0,1,P2Y,0.01,OFF,ON
FullTest_1296,"Rank(Ts_Rank(open, 10))",USA,MINVOL3M,MARKET,0,1,P2Y,0.01,OFF,OFF
FullTest_1297,"Rank(Ts_Rank(open, 10))",USA,MINVOL3M,MARKET,5,1,P1Y,0.08,ON,ON
FullTest_1298,"Rank(Ts_Rank(open, 10))",USA,MINVOL3M,MARKET,5,1,P1Y,0.08,ON,OFF
FullTest_1299,"Rank(Ts_Rank(open, 10))",USA,MINVOL3M,MARKET,5,1,P1Y,0.08,OFF,ON
FullTest_1300,"Rank(Ts_Rank(open, 10))",USA,MINVOL3M,MARKET,5,1,P1Y,0.08,OFF,OFF
FullTest_1301,"Rank(Ts_Rank(open, 10))",USA,MINVOL3M,MARKET,5,1,P1Y,0.01,ON,ON
FullTest_1302,"Rank(Ts_Rank(open, 10))",USA,MINVOL3M,MARKET,5,1,P1Y,0.01,ON,OFF
FullTest_1303,"Rank(Ts_Rank(open, 10))",USA,MINVOL3M,MARKET,5,1,P1Y,0.01,OFF,ON
FullTest_1304,"Rank(Ts_Rank(open, 10))",USA,MINVOL3M,MARKET,5,1,P1Y,0.01,OFF,OFF
FullTest_1305,"Rank(Ts_Rank(open, 10))",USA,MINVOL3M,MARKET,5,1,P2Y,0.08,ON,ON
FullTest_1306,"Rank(Ts_Rank(open, 10))",USA,MINVOL3M,MARKET,5,1,P2Y,0.08,ON,OFF
FullTest_1307,"Rank(Ts_Rank(open, 10))",USA,MINVOL3M,MARKET,5,1,P2Y,0.08,OFF,ON
FullTest_1308,"Rank(Ts_Rank(open, 10))",USA,MINVOL3M,MARKET,5,1,P2Y,0.08,OFF,OFF
FullTest_1309,"Rank(Ts_Rank(open, 10))",USA,MINVOL3M,MARKET,5,1,P2Y,0.01,ON,ON
FullTest_1310,"Rank(Ts_Rank(open, 10))",USA,MINVOL3M,MARKET,5,1,P2Y,0.01,ON,OFF
FullTest_1311,"Rank(Ts_Rank(open, 10))",USA,MINVOL3M,MARKET,5,1,P2Y,0.01,OFF,ON
FullTest_1312,"Rank(Ts_Rank(open, 10))",USA,MINVOL3M,MARKET,5,1,P2Y,0.01,OFF,OFF
FullTest_1313,"Rank(Ts_Rank(open, 10))",USA,MINVOL3M,NONE,0,1,P1Y,0.08,ON,ON
FullTest_1314,"Rank(Ts_Rank(open, 10))",USA,MINVOL3M,NONE,0,1,P1Y,0.08,ON,OFF
FullTest_1315,"Rank(Ts_Rank(open, 10))",USA,MINVOL3M,NONE,0,1,P1Y,0.08,OFF,ON
FullTest_1316,"Rank(Ts_Rank(open, 10))",USA,MINVOL3M,NONE,0,1,P1Y,0.08,OFF,OFF
FullTest_1317,"Rank(Ts_Rank(open, 10))",USA,MINVOL3M,NONE,0,1,P1Y,0.01,ON,ON
FullTest_1318,"Rank(Ts_Rank(open, 10))",USA,MINVOL3M,NONE,0,1,P1Y,0.01,ON,OFF
FullTest_1319,"Rank(Ts_Rank(open, 10))",USA,MINVOL3M,NONE,0,1,P1Y,0.01,OFF,ON
FullTest_1320,"Rank(Ts_Rank(open, 10))",USA,MINVOL3M,NONE,0,1,P1Y,0.01,OFF,OFF
FullTest_1321,"Rank(Ts_Rank(open, 10))",USA,MINVOL3M,NONE,0,1,P2Y,0.08,ON,ON
FullTest_1322,"Rank(Ts_Rank(open, 10))",USA,MINVOL3M,NONE,0,1,P2Y,0.08,ON,OFF
FullTest_1323,"Rank(Ts_Rank(open, 10))",USA,MINVOL3M,NONE,0,1,P2Y,0.08,OFF,ON
FullTest_1324,"Rank(Ts_Rank(open, 10))",USA,MINVOL3M,NONE,0,1,P2Y,0.08,OFF,OFF
FullTest_1325,"Rank(Ts_Rank(open, 10))",USA,MINVOL3M,NONE,0,1,P2Y,0.01,ON,ON
FullTest_1326,"Rank(Ts_Rank(open, 10))",USA,MINVOL3M,NONE,0,1,P2Y,0.01,ON,OFF
FullTest_1327,"Rank(Ts_Rank(open, 10))",USA,MINVOL3M,NONE,0,1,P2Y,0.01,OFF,ON
FullTest_1328,"Rank(Ts_Rank(open, 10))",USA,MINVOL3M,NONE,0,1,P2Y,0.01,OFF,OFF
FullTest_1329,"Rank(Ts_Rank(open, 10))",USA,MINVOL3M,NONE,5,1,P1Y,0.08,ON,ON
FullTest_1330,"Rank(Ts_Rank(open, 10))",USA,MINVOL3M,NONE,5,1,P1Y,0.08,ON,OFF
FullTest_1331,"Rank(Ts_Rank(open, 10))",USA,MINVOL3M,NONE,5,1,P1Y,0.08,OFF,ON
FullTest_1332,"Rank(Ts_Rank(open, 10))",USA,MINVOL3M,NONE,5,1,P1Y,0.08,OFF,OFF
FullTest_1333,"Rank(Ts_Rank(open, 10))",USA,MINVOL3M,NONE,5,1,P1Y,0.01,ON,ON
FullTest_1334,"Rank(Ts_Rank(open, 10))",USA,MINVOL3M,NONE,5,1,P1Y,0.01,ON,OFF
FullTest_1335,"Rank(Ts_Rank(open, 10))",USA,MINVOL3M,NONE,5,1,P1Y,0.01,OFF,ON
FullTest_1336,"Rank(Ts_Rank(open, 10))",USA,MINVOL3M,NONE,5,1,P1Y,0.01,OFF,OFF
FullTest_1337,"Rank(Ts_Rank(open, 10))",USA,MINVOL3M,NONE,5,1,P2Y,0.08,ON,ON
FullTest_1338,"Rank(Ts_Rank(open, 10))",USA,MINVOL3M,NONE,5,1,P2Y,0.08,ON,OFF
FullTest_1339,"Rank(Ts_Rank(open, 10))",USA,MINVOL3M,NONE,5,1,P2Y,0.08,OFF,ON
FullTest_1340,"Rank(Ts_Rank(open, 10))",USA,MINVOL3M,NONE,5,1,P2Y,0.08,OFF,OFF
FullTest_1341,"Rank(Ts_Rank(open, 10))",USA,MINVOL3M,NONE,5,1,P2Y,0.01,ON,ON
FullTest_1342,"Rank(Ts_Rank(open, 10))",USA,MINVOL3M,NONE,5,1,P2Y,0.01,ON,OFF
FullTest_1343,"Rank(Ts_Rank(open, 10))",USA,MINVOL3M,NONE,5,1,P2Y,0.01,OFF,ON
FullTest_1344,"Rank(Ts_Rank(open, 10))",USA,MINVOL3M,NONE,5,1,P2Y,0.01,OFF,OFF
FullTest_1345,"Rank(Ts_Rank(open, 10))",ASI,TOP3000,INDUSTRY,0,1,P1Y,0.08,ON,ON
FullTest_1346,"Rank(Ts_Rank(open, 10))",ASI,TOP3000,INDUSTRY,0,1,P1Y,0.08,ON,OFF
FullTest_1347,"Rank(Ts_Rank(open, 10))",ASI,TOP3000,INDUSTRY,0,1,P1Y,0.08,OFF,ON
FullTest_1348,"Rank(Ts_Rank(open, 10))",ASI,TOP3000,INDUSTRY,0,1,P1Y,0.08,OFF,OFF
FullTest_1349,"Rank(Ts_Rank(open, 10))",ASI,TOP3000,INDUSTRY,0,1,P1Y,0.01,ON,ON
FullTest_1350,"Rank(Ts_Rank(open, 10))",ASI,TOP3000,INDUSTRY,0,1,P1Y,0.01,ON,OFF
FullTest_1351,"Rank(Ts_Rank(open, 10))",ASI,TOP3000,INDUSTRY,0,1,P1Y,0.01,OFF,ON
FullTest_1352,"Rank(Ts_Rank(open, 10))",ASI,TOP3000,INDUSTRY,0,1,P1Y,0.01,OFF,OFF
FullTest_1353,"Rank(Ts_Rank(open, 10))",ASI,TOP3000,INDUSTRY,0,1,P2Y,0.08,ON,ON
FullTest_1354,"Rank(Ts_Rank(open, 10))",ASI,TOP3000,INDUSTRY,0,1,P2Y,0.08,ON,OFF
FullTest_1355,"Rank(Ts_Rank(open, 10))",ASI,TOP3000,INDUSTRY,0,1,P2Y,0.08,OFF,ON
FullTest_1356,"Rank(Ts_Rank(open, 10))",ASI,TOP3000,INDUSTRY,0,1,P2Y,0.08,OFF,OFF
FullTest_1357,"Rank(Ts_Rank(open, 10))",ASI,TOP3000,INDUSTRY,0,1,P2Y,0.01,ON,ON
FullTest_1358,"Rank(Ts_Rank(open, 10))",ASI,TOP3000,INDUSTRY,0,1,P2Y,0.01,ON,OFF
FullTest_1359,"Rank(Ts_Rank(open, 10))",ASI,TOP3000,INDUSTRY,0,1,P2Y,0.01,OFF,ON
FullTest_1360,"Rank(Ts_Rank(open, 10))",ASI,TOP3000,INDUSTRY,0,1,P2Y,0.01,OFF,OFF
FullTest_1361,"Rank(Ts_Rank(open, 10))",ASI,TOP3000,INDUSTRY,5,1,P1Y,0.08,ON,ON
FullTest_1362,"Rank(Ts_Rank(open, 10))",ASI,TOP3000,INDUSTRY,5,1,P1Y,0.08,ON,OFF
FullTest_1363,"Rank(Ts_Rank(open, 10))",ASI,TOP3000,INDUSTRY,5,1,P1Y,0.08,OFF,ON
FullTest_1364,"Rank(Ts_Rank(open, 10))",ASI,TOP3000,INDUSTRY,5,1,P1Y,0.08,OFF,OFF
FullTest_1365,"Rank(Ts_Rank(open, 10))",ASI,TOP3000,INDUSTRY,5,1,P1Y,0.01,ON,ON
FullTest_1366,"Rank(Ts_Rank(open, 10))",ASI,TOP3000,INDUSTRY,5,1,P1Y,0.01,ON,OFF
FullTest_1367,"Rank(Ts_Rank(open, 10))",ASI,TOP3000,INDUSTRY,5,1,P1Y,0.01,OFF,ON
FullTest_1368,"Rank(Ts_Rank(open, 10))",ASI,TOP3000,INDUSTRY,5,1,P1Y,0.01,OFF,OFF
FullTest_1369,"Rank(Ts_Rank(open, 10))",ASI,TOP3000,INDUSTRY,5,1,P2Y,0.08,ON,ON
FullTest_1370,"Rank(Ts_Rank(open, 10))",ASI,TOP3000,INDUSTRY,5,1,P2Y,0.08,ON,OFF
FullTest_1371,"Rank(Ts_Rank(open, 10))",ASI,TOP3000,INDUSTRY,5,1,P2Y,0.08,OFF,ON
FullTest_1372,"Rank(Ts_Rank(open, 10))",ASI,TOP3000,INDUSTRY,5,1,P2Y,0.08,OFF,OFF
FullTest_1373,"Rank(Ts_Rank(open, 10))",ASI,TOP3000,INDUSTRY,5,1,P2Y,0.01,ON,ON
FullTest_1374,"Rank(Ts_Rank(open, 10))",ASI,TOP3000,INDUSTRY,5,1,P2Y,0.01,ON,OFF
FullTest_1375,"Rank(Ts_Rank(open, 10))",ASI,TOP3000,INDUSTRY,5,1,P2Y,0.01,OFF,ON
FullTest_1376,"Rank(Ts_Rank(open, 10))",ASI,TOP3000,INDUSTRY,5,1,P2Y,0.01,OFF,OFF
FullTest_1377,"Rank(Ts_Rank(open, 10))",ASI,TOP3000,MARKET,0,1,P1Y,0.08,ON,ON
FullTest_1378,"Rank(Ts_Rank(open, 10))",ASI,TOP3000,MARKET,0,1,P1Y,0.08,ON,OFF
FullTest_1379,"Rank(Ts_Rank(open, 10))",ASI,TOP3000,MARKET,0,1,P1Y,0.08,OFF,ON
FullTest_1380,"Rank(Ts_Rank(open, 10))",ASI,TOP3000,MARKET,0,1,P1Y,0.08,OFF,OFF
FullTest_1381,"Rank(Ts_Rank(open, 10))",ASI,TOP3000,MARKET,0,1,P1Y,0.01,ON,ON
FullTest_1382,"Rank(Ts_Rank(open, 10))",ASI,TOP3000,MARKET,0,1,P1Y,0.01,ON,OFF
FullTest_1383,"Rank(Ts_Rank(open, 10))",ASI,TOP3000,MARKET,0,1,P1Y,0.01,OFF,ON
FullTest_1384,"Rank(Ts_Rank(open, 10))",ASI,TOP3000,MARKET,0,1,P1Y,0.01,OFF,OFF
FullTest_1385,"Rank(Ts_Rank(open, 10))",ASI,TOP3000,MARKET,0,1,P2Y,0.08,ON,ON
FullTest_1386,"Rank(Ts_Rank(open, 10))",ASI,TOP3000,MARKET,0,1,P2Y,0.08,ON,OFF
FullTest_1387,"Rank(Ts_Rank(open, 10))",ASI,TOP3000,MARKET,0,1,P2Y,0.08,OFF,ON
FullTest_1388,"Rank(Ts_Rank(open, 10))",ASI,TOP3000,MARKET,0,1,P2Y,0.08,OFF,OFF
FullTest_1389,"Rank(Ts_Rank(open, 10))",ASI,TOP3000,MARKET,0,1,P2Y,0.01,ON,ON
FullTest_1390,"Rank(Ts_Rank(open, 10))",ASI,TOP3000,MARKET,0,1,P2Y,0.01,ON,OFF
FullTest_1391,"Rank(Ts_Rank(open, 10))",ASI,TOP3000,MARKET,0,1,P2Y,0.01,OFF,ON
FullTest_1392,"Rank(Ts_Rank(open, 10))",ASI,TOP3000,MARKET,0,1,P2Y,0.01,OFF,OFF
FullTest_1393,"Rank(Ts_Rank(open, 10))",ASI,TOP3000,MARKET,5,1,P1Y,0.08,ON,ON
FullTest_1394,"Rank(Ts_Rank(open, 10))",ASI,TOP3000,MARKET,5,1,P1Y,0.08,ON,OFF
FullTest_1395,"Rank(Ts_Rank(open, 10))",ASI,TOP3000,MARKET,5,1,P1Y,0.08,OFF,ON
FullTest_1396,"Rank(Ts_Rank(open, 10))",ASI,TOP3000,MARKET,5,1,P1Y,0.08,OFF,OFF
FullTest_1397,"Rank(Ts_Rank(open, 10))",ASI,TOP3000,MARKET,5,1,P1Y,0.01,ON,ON
FullTest_1398,"Rank(Ts_Rank(open, 10))",ASI,TOP3000,MARKET,5,1,P1Y,0.01,ON,OFF
FullTest_1399,"Rank(Ts_Rank(open, 10))",ASI,TOP3000,MARKET,5,1,P1Y,0.01,OFF,ON
FullTest_1400,"Rank(Ts_Rank(open, 10))",ASI,TOP3000,MARKET,5,1,P1Y,0.01,OFF,OFF
FullTest_1401,"Rank(Ts_Rank(open, 10))",ASI,TOP3000,MARKET,5,1,P2Y,0.08,ON,ON
FullTest_1402,"Rank(Ts_Rank(open, 10))",ASI,TOP3000,MARKET,5,1,P2Y,0.08,ON,OFF
FullTest_1403,"Rank(Ts_Rank(open, 10))",ASI,TOP3000,MARKET,5,1,P2Y,0.08,OFF,ON
FullTest_1404,"Rank(Ts_Rank(open, 10))",ASI,TOP3000,MARKET,5,1,P2Y,0.08,OFF,OFF
FullTest_1405,"Rank(Ts_Rank(open, 10))",ASI,TOP3000,MARKET,5,1,P2Y,0.01,ON,ON
FullTest_1406,"Rank(Ts_Rank(open, 10))",ASI,TOP3000,MARKET,5,1,P2Y,0.01,ON,OFF
FullTest_1407,"Rank(Ts_Rank(open, 10))",ASI,TOP3000,MARKET,5,1,P2Y,0.01,OFF,ON
FullTest_1408,"Rank(Ts_Rank(open, 10))",ASI,TOP3000,MARKET,5,1,P2Y,0.01,OFF,OFF
FullTest_1409,"Rank(Ts_Rank(open, 10))",ASI,TOP3000,NONE,0,1,P1Y,0.08,ON,ON
FullTest_1410,"Rank(Ts_Rank(open, 10))",ASI,TOP3000,NONE,0,1,P1Y,0.08,ON,OFF
FullTest_1411,"Rank(Ts_Rank(open, 10))",ASI,TOP3000,NONE,0,1,P1Y,0.08,OFF,ON
FullTest_1412,"Rank(Ts_Rank(open, 10))",ASI,TOP3000,NONE,0,1,P1Y,0.08,OFF,OFF
FullTest_1413,"Rank(Ts_Rank(open, 10))",ASI,TOP3000,NONE,0,1,P1Y,0.01,ON,ON
FullTest_1414,"Rank(Ts_Rank(open, 10))",ASI,TOP3000,NONE,0,1,P1Y,0.01,ON,OFF
FullTest_1415,"Rank(Ts_Rank(open, 10))",ASI,TOP3000,NONE,0,1,P1Y,0.01,OFF,ON
FullTest_1416,"Rank(Ts_Rank(open, 10))",ASI,TOP3000,NONE,0,1,P1Y,0.01,OFF,OFF
FullTest_1417,"Rank(Ts_Rank(open, 10))",ASI,TOP3000,NONE,0,1,P2Y,0.08,ON,ON
FullTest_1418,"Rank(Ts_Rank(open, 10))",ASI,TOP3000,NONE,0,1,P2Y,0.08,ON,OFF
FullTest_1419,"Rank(Ts_Rank(open, 10))",ASI,TOP3000,NONE,0,1,P2Y,0.08,OFF,ON
FullTest_1420,"Rank(Ts_Rank(open, 10))",ASI,TOP3000,NONE,0,1,P2Y,0.08,OFF,OFF
FullTest_1421,"Rank(Ts_Rank(open, 10))",ASI,TOP3000,NONE,0,1,P2Y,0.01,ON,ON
FullTest_1422,"Rank(Ts_Rank(open, 10))",ASI,TOP3000,NONE,0,1,P2Y,0.01,ON,OFF
FullTest_1423,"Rank(Ts_Rank(open, 10))",ASI,TOP3000,NONE,0,1,P2Y,0.01,OFF,ON
FullTest_1424,"Rank(Ts_Rank(open, 10))",ASI,TOP3000,NONE,0,1,P2Y,0.01,OFF,OFF
FullTest_1425,"Rank(Ts_Rank(open, 10))",ASI,TOP3000,NONE,5,1,P1Y,0.08,ON,ON
FullTest_1426,"Rank(Ts_Rank(open, 10))",ASI,TOP3000,NONE,5,1,P1Y,0.08,ON,OFF
FullTest_1427,"Rank(Ts_Rank(open, 10))",ASI,TOP3000,NONE,5,1,P1Y,0.08,OFF,ON
FullTest_1428,"Rank(Ts_Rank(open, 10))",ASI,TOP3000,NONE,5,1,P1Y,0.08,OFF,OFF
FullTest_1429,"Rank(Ts_Rank(open, 10))",ASI,TOP3000,NONE,5,1,P1Y,0.01,ON,ON
FullTest_1430,"Rank(Ts_Rank(open, 10))",ASI,TOP3000,NONE,5,1,P1Y,0.01,ON,OFF
FullTest_1431,"Rank(Ts_Rank(open, 10))",ASI,TOP3000,NONE,5,1,P1Y,0.01,OFF,ON
FullTest_1432,"Rank(Ts_Rank(open, 10))",ASI,TOP3000,NONE,5,1,P1Y,0.01,OFF,OFF
FullTest_1433,"Rank(Ts_Rank(open, 10))",ASI,TOP3000,NONE,5,1,P2Y,0.08,ON,ON
FullTest_1434,"Rank(Ts_Rank(open, 10))",ASI,TOP3000,NONE,5,1,P2Y,0.08,ON,OFF
FullTest_1435,"Rank(Ts_Rank(open, 10))",ASI,TOP3000,NONE,5,1,P2Y,0.08,OFF,ON
FullTest_1436,"Rank(Ts_Rank(open, 10))",ASI,TOP3000,NONE,5,1,P2Y,0.08,OFF,OFF
FullTest_1437,"Rank(Ts_Rank(open, 10))",ASI,TOP3000,NONE,5,1,P2Y,0.01,ON,ON
FullTest_1438,"Rank(Ts_Rank(open, 10))",ASI,TOP3000,NONE,5,1,P2Y,0.01,ON,OFF
FullTest_1439,"Rank(Ts_Rank(open, 10))",ASI,TOP3000,NONE,5,1,P2Y,0.01,OFF,ON
FullTest_1440,"Rank(Ts_Rank(open, 10))",ASI,TOP3000,NONE,5,1,P2Y,0.01,OFF,OFF
FullTest_1441,"Rank(Ts_Rank(open, 10))",ASI,MINVOL3M,INDUSTRY,0,1,P1Y,0.08,ON,ON
FullTest_1442,"Rank(Ts_Rank(open, 10))",ASI,MINVOL3M,INDUSTRY,0,1,P1Y,0.08,ON,OFF
FullTest_1443,"Rank(Ts_Rank(open, 10))",ASI,MINVOL3M,INDUSTRY,0,1,P1Y,0.08,OFF,ON
FullTest_1444,"Rank(Ts_Rank(open, 10))",ASI,MINVOL3M,INDUSTRY,0,1,P1Y,0.08,OFF,OFF
FullTest_1445,"Rank(Ts_Rank(open, 10))",ASI,MINVOL3M,INDUSTRY,0,1,P1Y,0.01,ON,ON
FullTest_1446,"Rank(Ts_Rank(open, 10))",ASI,MINVOL3M,INDUSTRY,0,1,P1Y,0.01,ON,OFF
FullTest_1447,"Rank(Ts_Rank(open, 10))",ASI,MINVOL3M,INDUSTRY,0,1,P1Y,0.01,OFF,ON
FullTest_1448,"Rank(Ts_Rank(open, 10))",ASI,MINVOL3M,INDUSTRY,0,1,P1Y,0.01,OFF,OFF
FullTest_1449,"Rank(Ts_Rank(open, 10))",ASI,MINVOL3M,INDUSTRY,0,1,P2Y,0.08,ON,ON
FullTest_1450,"Rank(Ts_Rank(open, 10))",ASI,MINVOL3M,INDUSTRY,0,1,P2Y,0.08,ON,OFF
FullTest_1451,"Rank(Ts_Rank(open, 10))",ASI,MINVOL3M,INDUSTRY,0,1,P2Y,0.08,OFF,ON
FullTest_1452,"Rank(Ts_Rank(open, 10))",ASI,MINVOL3M,INDUSTRY,0,1,P2Y,0.08,OFF,OFF
FullTest_1453,"Rank(Ts_Rank(open, 10))",ASI,MINVOL3M,INDUSTRY,0,1,P2Y,0.01,ON,ON
FullTest_1454,"Rank(Ts_Rank(open, 10))",ASI,MINVOL3M,INDUSTRY,0,1,P2Y,0.01,ON,OFF
FullTest_1455,"Rank(Ts_Rank(open, 10))",ASI,MINVOL3M,INDUSTRY,0,1,P2Y,0.01,OFF,ON
FullTest_1456,"Rank(Ts_Rank(open, 10))",ASI,MINVOL3M,INDUSTRY,0,1,P2Y,0.01,OFF,OFF
FullTest_1457,"Rank(Ts_Rank(open, 10))",ASI,MINVOL3M,INDUSTRY,5,1,P1Y,0.08,ON,ON
FullTest_1458,"Rank(Ts_Rank(open, 10))",ASI,MINVOL3M,INDUSTRY,5,1,P1Y,0.08,ON,OFF
FullTest_1459,"Rank(Ts_Rank(open, 10))",ASI,MINVOL3M,INDUSTRY,5,1,P1Y,0.08,OFF,ON
FullTest_1460,"Rank(Ts_Rank(open, 10))",ASI,MINVOL3M,INDUSTRY,5,1,P1Y,0.08,OFF,OFF
FullTest_1461,"Rank(Ts_Rank(open, 10))",ASI,MINVOL3M,INDUSTRY,5,1,P1Y,0.01,ON,ON
FullTest_1462,"Rank(Ts_Rank(open, 10))",ASI,MINVOL3M,INDUSTRY,5,1,P1Y,0.01,ON,OFF
FullTest_1463,"Rank(Ts_Rank(open, 10))",ASI,MINVOL3M,INDUSTRY,5,1,P1Y,0.01,OFF,ON
FullTest_1464,"Rank(Ts_Rank(open, 10))",ASI,MINVOL3M,INDUSTRY,5,1,P1Y,0.01,OFF,OFF
FullTest_1465,"Rank(Ts_Rank(open, 10))",ASI,MINVOL3M,INDUSTRY,5,1,P2Y,0.08,ON,ON
FullTest_1466,"Rank(Ts_Rank(open, 10))",ASI,MINVOL3M,INDUSTRY,5,1,P2Y,0.08,ON,OFF
FullTest_1467,"Rank(Ts_Rank(open, 10))",ASI,MINVOL3M,INDUSTRY,5,1,P2Y,0.08,OFF,ON
FullTest_1468,"Rank(Ts_Rank(open, 10))",ASI,MINVOL3M,INDUSTRY,5,1,P2Y,0.08,OFF,OFF
FullTest_1469,"Rank(Ts_Rank(open, 10))",ASI,MINVOL3M,INDUSTRY,5,1,P2Y,0.01,ON,ON
FullTest_1470,"Rank(Ts_Rank(open, 10))",ASI,MINVOL3M,INDUSTRY,5,1,P2Y,0.01,ON,OFF
FullTest_1471,"Rank(Ts_Rank(open, 10))",ASI,MINVOL3M,INDUSTRY,5,1,P2Y,0.01,OFF,ON
FullTest_1472,"Rank(Ts_Rank(open, 10))",ASI,MINVOL3M,INDUSTRY,5,1,P2Y,0.01,OFF,OFF
FullTest_1473,"Rank(Ts_Rank(open, 10))",ASI,MINVOL3M,MARKET,0,1,P1Y,0.08,ON,ON
FullTest_1474,"Rank(Ts_Rank(open, 10))",ASI,MINVOL3M,MARKET,0,1,P1Y,0.08,ON,OFF
FullTest_1475,"Rank(Ts_Rank(open, 10))",ASI,MINVOL3M,MARKET,0,1,P1Y,0.08,OFF,ON
FullTest_1476,"Rank(Ts_Rank(open, 10))",ASI,MINVOL3M,MARKET,0,1,P1Y,0.08,OFF,OFF
FullTest_1477,"Rank(Ts_Rank(open, 10))",ASI,MINVOL3M,MARKET,0,1,P1Y,0.01,ON,ON
FullTest_1478,"Rank(Ts_Rank(open, 10))",ASI,MINVOL3M,MARKET,0,1,P1Y,0.01,ON,OFF
FullTest_1479,"Rank(Ts_Rank(open, 10))",ASI,MINVOL3M,MARKET,0,1,P1Y,0.01,OFF,ON
FullTest_1480,"Rank(Ts_Rank(open, 10))",ASI,MINVOL3M,MARKET,0,1,P1Y,0.01,OFF,OFF
FullTest_1481,"Rank(Ts_Rank(open, 10))",ASI,MINVOL3M,MARKET,0,1,P2Y,0.08,ON,ON
FullTest_1482,"Rank(Ts_Rank(open, 10))",ASI,MINVOL3M,MARKET,0,1,P2Y,0.08,ON,OFF
FullTest_1483,"Rank(Ts_Rank(open, 10))",ASI,MINVOL3M,MARKET,0,1,P2Y,0.08,OFF,ON
FullTest_1484,"Rank(Ts_Rank(open, 10))",ASI,MINVOL3M,MARKET,0,1,P2Y,0.08,OFF,OFF
FullTest_1485,"Rank(Ts_Rank(open, 10))",ASI,MINVOL3M,MARKET,0,1,P2Y,0.01,ON,ON
FullTest_1486,"Rank(Ts_Rank(open, 10))",ASI,MINVOL3M,MARKET,0,1,P2Y,0.01,ON,OFF
FullTest_1487,"Rank(Ts_Rank(open, 10))",ASI,MINVOL3M,MARKET,0,1,P2Y,0.01,OFF,ON
FullTest_1488,"Rank(Ts_Rank(open, 10))",ASI,MINVOL3M,MARKET,0,1,P2Y,0.01,OFF,OFF
FullTest_1489,"Rank(Ts_Rank(open, 10))",ASI,MINVOL3M,MARKET,5,1,P1Y,0.08,ON,ON
FullTest_1490,"Rank(Ts_Rank(open, 10))",ASI,MINVOL3M,MARKET,5,1,P1Y,0.08,ON,OFF
FullTest_1491,"Rank(Ts_Rank(open, 10))",ASI,MINVOL3M,MARKET,5,1,P1Y,0.08,OFF,ON
FullTest_1492,"Rank(Ts_Rank(open, 10))",ASI,MINVOL3M,MARKET,5,1,P1Y,0.08,OFF,OFF
FullTest_1493,"Rank(Ts_Rank(open, 10))",ASI,MINVOL3M,MARKET,5,1,P1Y,0.01,ON,ON
FullTest_1494,"Rank(Ts_Rank(open, 10))",ASI,MINVOL3M,MARKET,5,1,P1Y,0.01,ON,OFF
FullTest_1495,"Rank(Ts_Rank(open, 10))",ASI,MINVOL3M,MARKET,5,1,P1Y,0.01,OFF,ON
FullTest_1496,"Rank(Ts_Rank(open, 10))",ASI,MINVOL3M,MARKET,5,1,P1Y,0.01,OFF,OFF
FullTest_1497,"Rank(Ts_Rank(open, 10))",ASI,MINVOL3M,MARKET,5,1,P2Y,0.08,ON,ON
FullTest_1498,"Rank(Ts_Rank(open, 10))",ASI,MINVOL3M,MARKET,5,1,P2Y,0.08,ON,OFF
FullTest_1499,"Rank(Ts_Rank(open, 10))",ASI,MINVOL3M,MARKET,5,1,P2Y,0.08,OFF,ON
FullTest_1500,"Rank(Ts_Rank(open, 10))",ASI,MINVOL3M,MARKET,5,1,P2Y,0.08,OFF,OFF
FullTest_1501,"Rank(Ts_Rank(open, 10))",ASI,MINVOL3M,MARKET,5,1,P2Y,0.01,ON,ON
FullTest_1502,"Rank(Ts_Rank(open, 10))",ASI,MINVOL3M,MARKET,5,1,P2Y,0.01,ON,OFF
FullTest_1503,"Rank(Ts_Rank(open, 10))",ASI,MINVOL3M,MARKET,5,1,P2Y,0.01,OFF,ON
FullTest_1504,"Rank(Ts_Rank(open, 10))",ASI,MINVOL3M,MARKET,5,1,P2Y,0.01,OFF,OFF
FullTest_1505,"Rank(Ts_Rank(open, 10))",ASI,MINVOL3M,NONE,0,1,P1Y,0.08,ON,ON
FullTest_1506,"Rank(Ts_Rank(open, 10))",ASI,MINVOL3M,NONE,0,1,P1Y,0.08,ON,OFF
FullTest_1507,"Rank(Ts_Rank(open, 10))",ASI,MINVOL3M,NONE,0,1,P1Y,0.08,OFF,ON
FullTest_1508,"Rank(Ts_Rank(open, 10))",ASI,MINVOL3M,NONE,0,1,P1Y,0.08,OFF,OFF
FullTest_1509,"Rank(Ts_Rank(open, 10))",ASI,MINVOL3M,NONE,0,1,P1Y,0.01,ON,ON
FullTest_1510,"Rank(Ts_Rank(open, 10))",ASI,MINVOL3M,NONE,0,1,P1Y,0.01,ON,OFF
FullTest_1511,"Rank(Ts_Rank(open, 10))",ASI,MINVOL3M,NONE,0,1,P1Y,0.01,OFF,ON
FullTest_1512,"Rank(Ts_Rank(open, 10))",ASI,MINVOL3M,NONE,0,1,P1Y,0.01,OFF,OFF
FullTest_1513,"Rank(Ts_Rank(open, 10))",ASI,MINVOL3M,NONE,0,1,P2Y,0.08,ON,ON
FullTest_1514,"Rank(Ts_Rank(open, 10))",ASI,MINVOL3M,NONE,0,1,P2Y,0.08,ON,OFF
FullTest_1515,"Rank(Ts_Rank(open, 10))",ASI,MINVOL3M,NONE,0,1,P2Y,0.08,OFF,ON
FullTest_1516,"Rank(Ts_Rank(open, 10))",ASI,MINVOL3M,NONE,0,1,P2Y,0.08,OFF,OFF
FullTest_1517,"Rank(Ts_Rank(open, 10))",ASI,MINVOL3M,NONE,0,1,P2Y,0.01,ON,ON
FullTest_1518,"Rank(Ts_Rank(open, 10))",ASI,MINVOL3M,NONE,0,1,P2Y,0.01,ON,OFF
FullTest_1519,"Rank(Ts_Rank(open, 10))",ASI,MINVOL3M,NONE,0,1,P2Y,0.01,OFF,ON
FullTest_1520,"Rank(Ts_Rank(open, 10))",ASI,MINVOL3M,NONE,0,1,P2Y,0.01,OFF,OFF
FullTest_1521,"Rank(Ts_Rank(open, 10))",ASI,MINVOL3M,NONE,5,1,P1Y,0.08,ON,ON
FullTest_1522,"Rank(Ts_Rank(open, 10))",ASI,MINVOL3M,NONE,5,1,P1Y,0.08,ON,OFF
FullTest_1523,"Rank(Ts_Rank(open, 10))",ASI,MINVOL3M,NONE,5,1,P1Y,0.08,OFF,ON
FullTest_1524,"Rank(Ts_Rank(open, 10))",ASI,MINVOL3M,NONE,5,1,P1Y,0.08,OFF,OFF
FullTest_1525,"Rank(Ts_Rank(open, 10))",ASI,MINVOL3M,NONE,5,1,P1Y,0.01,ON,ON
FullTest_1526,"Rank(Ts_Rank(open, 10))",ASI,MINVOL3M,NONE,5,1,P1Y,0.01,ON,OFF
FullTest_1527,"Rank(Ts_Rank(open, 10))",ASI,MINVOL3M,NONE,5,1,P1Y,0.01,OFF,ON
FullTest_1528,"Rank(Ts_Rank(open, 10))",ASI,MINVOL3M,NONE,5,1,P1Y,0.01,OFF,OFF
FullTest_1529,"Rank(Ts_Rank(open, 10))",ASI,MINVOL3M,NONE,5,1,P2Y,0.08,ON,ON
FullTest_1530,"Rank(Ts_Rank(open, 10))",ASI,MINVOL3M,NONE,5,1,P2Y,0.08,ON,OFF
FullTest_1531,"Rank(Ts_Rank(open, 10))",ASI,MINVOL3M,NONE,5,1,P2Y,0.08,OFF,ON
FullTest_1532,"Rank(Ts_Rank(open, 10))",ASI,MINVOL3M,NONE,5,1,P2Y,0.08,OFF,OFF
FullTest_1533,"Rank(Ts_Rank(open, 10))",ASI,MINVOL3M,NONE,5,1,P2Y,0.01,ON,ON
FullTest_1534,"Rank(Ts_Rank(open, 10))",ASI,MINVOL3M,NONE,5,1,P2Y,0.01,ON,OFF
FullTest_1535,"Rank(Ts_Rank(open, 10))",ASI,MINVOL3M,NONE,5,1,P2Y,0.01,OFF,ON
FullTest_1536,"Rank(Ts_Rank(open, 10))",ASI,MINVOL3M,NONE,5,1,P2Y,0.01,OFF,OFF
FullTest_1537,"Rank(Ts_Rank(open, 10))",EUR,TOP3000,INDUSTRY,0,1,P1Y,0.08,ON,ON
FullTest_1538,"Rank(Ts_Rank(open, 10))",EUR,TOP3000,INDUSTRY,0,1,P1Y,0.08,ON,OFF
FullTest_1539,"Rank(Ts_Rank(open, 10))",EUR,TOP3000,INDUSTRY,0,1,P1Y,0.08,OFF,ON
FullTest_1540,"Rank(Ts_Rank(open, 10))",EUR,TOP3000,INDUSTRY,0,1,P1Y,0.08,OFF,OFF
FullTest_1541,"Rank(Ts_Rank(open, 10))",EUR,TOP3000,INDUSTRY,0,1,P1Y,0.01,ON,ON
FullTest_1542,"Rank(Ts_Rank(open, 10))",EUR,TOP3000,INDUSTRY,0,1,P1Y,0.01,ON,OFF
FullTest_1543,"Rank(Ts_Rank(open, 10))",EUR,TOP3000,INDUSTRY,0,1,P1Y,0.01,OFF,ON
FullTest_1544,"Rank(Ts_Rank(open, 10))",EUR,TOP3000,INDUSTRY,0,1,P1Y,0.01,OFF,OFF
FullTest_1545,"Rank(Ts_Rank(open, 10))",EUR,TOP3000,INDUSTRY,0,1,P2Y,0.08,ON,ON
FullTest_1546,"Rank(Ts_Rank(open, 10))",EUR,TOP3000,INDUSTRY,0,1,P2Y,0.08,ON,OFF
FullTest_1547,"Rank(Ts_Rank(open, 10))",EUR,TOP3000,INDUSTRY,0,1,P2Y,0.08,OFF,ON
FullTest_1548,"Rank(Ts_Rank(open, 10))",EUR,TOP3000,INDUSTRY,0,1,P2Y,0.08,OFF,OFF
FullTest_1549,"Rank(Ts_Rank(open, 10))",EUR,TOP3000,INDUSTRY,0,1,P2Y,0.01,ON,ON
FullTest_1550,"Rank(Ts_Rank(open, 10))",EUR,TOP3000,INDUSTRY,0,1,P2Y,0.01,ON,OFF
FullTest_1551,"Rank(Ts_Rank(open, 10))",EUR,TOP3000,INDUSTRY,0,1,P2Y,0.01,OFF,ON
FullTest_1552,"Rank(Ts_Rank(open, 10))",EUR,TOP3000,INDUSTRY,0,1,P2Y,0.01,OFF,OFF
FullTest_1553,"Rank(Ts_Rank(open, 10))",EUR,TOP3000,INDUSTRY,5,1,P1Y,0.08,ON,ON
FullTest_1554,"Rank(Ts_Rank(open, 10))",EUR,TOP3000,INDUSTRY,5,1,P1Y,0.08,ON,OFF
FullTest_1555,"Rank(Ts_Rank(open, 10))",EUR,TOP3000,INDUSTRY,5,1,P1Y,0.08,OFF,ON
FullTest_1556,"Rank(Ts_Rank(open, 10))",EUR,TOP3000,INDUSTRY,5,1,P1Y,0.08,OFF,OFF
FullTest_1557,"Rank(Ts_Rank(open, 10))",EUR,TOP3000,INDUSTRY,5,1,P1Y,0.01,ON,ON
FullTest_1558,"Rank(Ts_Rank(open, 10))",EUR,TOP3000,INDUSTRY,5,1,P1Y,0.01,ON,OFF
FullTest_1559,"Rank(Ts_Rank(open, 10))",EUR,TOP3000,INDUSTRY,5,1,P1Y,0.01,OFF,ON
FullTest_1560,"Rank(Ts_Rank(open, 10))",EUR,TOP3000,INDUSTRY,5,1,P1Y,0.01,OFF,OFF
FullTest_1561,"Rank(Ts_Rank(open, 10))",EUR,TOP3000,INDUSTRY,5,1,P2Y,0.08,ON,ON
FullTest_1562,"Rank(Ts_Rank(open, 10))",EUR,TOP3000,INDUSTRY,5,1,P2Y,0.08,ON,OFF
FullTest_1563,"Rank(Ts_Rank(open, 10))",EUR,TOP3000,INDUSTRY,5,1,P2Y,0.08,OFF,ON
FullTest_1564,"Rank(Ts_Rank(open, 10))",EUR,TOP3000,INDUSTRY,5,1,P2Y,0.08,OFF,OFF
FullTest_1565,"Rank(Ts_Rank(open, 10))",EUR,TOP3000,INDUSTRY,5,1,P2Y,0.01,ON,ON
FullTest_1566,"Rank(Ts_Rank(open, 10))",EUR,TOP3000,INDUSTRY,5,1,P2Y,0.01,ON,OFF
FullTest_1567,"Rank(Ts_Rank(open, 10))",EUR,TOP3000,INDUSTRY,5,1,P2Y,0.01,OFF,ON
FullTest_1568,"Rank(Ts_Rank(open, 10))",EUR,TOP3000,INDUSTRY,5,1,P2Y,0.01,OFF,OFF
FullTest_1569,"Rank(Ts_Rank(open, 10))",EUR,TOP3000,MARKET,0,1,P1Y,0.08,ON,ON
FullTest_1570,"Rank(Ts_Rank(open, 10))",EUR,TOP3000,MARKET,0,1,P1Y,0.08,ON,OFF
FullTest_1571,"Rank(Ts_Rank(open, 10))",EUR,TOP3000,MARKET,0,1,P1Y,0.08,OFF,ON
FullTest_1572,"Rank(Ts_Rank(open, 10))",EUR,TOP3000,MARKET,0,1,P1Y,0.08,OFF,OFF
FullTest_1573,"Rank(Ts_Rank(open, 10))",EUR,TOP3000,MARKET,0,1,P1Y,0.01,ON,ON
FullTest_1574,"Rank(Ts_Rank(open, 10))",EUR,TOP3000,MARKET,0,1,P1Y,0.01,ON,OFF
FullTest_1575,"Rank(Ts_Rank(open, 10))",EUR,TOP3000,MARKET,0,1,P1Y,0.01,OFF,ON
FullTest_1576,"Rank(Ts_Rank(open, 10))",EUR,TOP3000,MARKET,0,1,P1Y,0.01,OFF,OFF
FullTest_1577,"Rank(Ts_Rank(open, 10))",EUR,TOP3000,MARKET,0,1,P2Y,0.08,ON,ON
FullTest_1578,"Rank(Ts_Rank(open, 10))",EUR,TOP3000,MARKET,0,1,P2Y,0.08,ON,OFF
FullTest_1579,"Rank(Ts_Rank(open, 10))",EUR,TOP3000,MARKET,0,1,P2Y,0.08,OFF,ON
FullTest_1580,"Rank(Ts_Rank(open, 10))",EUR,TOP3000,MARKET,0,1,P2Y,0.08,OFF,OFF
FullTest_1581,"Rank(Ts_Rank(open, 10))",EUR,TOP3000,MARKET,0,1,P2Y,0.01,ON,ON
FullTest_1582,"Rank(Ts_Rank(open, 10))",EUR,TOP3000,MARKET,0,1,P2Y,0.01,ON,OFF
FullTest_1583,"Rank(Ts_Rank(open, 10))",EUR,TOP3000,MARKET,0,1,P2Y,0.01,OFF,ON
FullTest_1584,"Rank(Ts_Rank(open, 10))",EUR,TOP3000,MARKET,0,1,P2Y,0.01,OFF,OFF
FullTest_1585,"Rank(Ts_Rank(open, 10))",EUR,TOP3000,MARKET,5,1,P1Y,0.08,ON,ON
FullTest_1586,"Rank(Ts_Rank(open, 10))",EUR,TOP3000,MARKET,5,1,P1Y,0.08,ON,OFF
FullTest_1587,"Rank(Ts_Rank(open, 10))",EUR,TOP3000,MARKET,5,1,P1Y,0.08,OFF,ON
FullTest_1588,"Rank(Ts_Rank(open, 10))",EUR,TOP3000,MARKET,5,1,P1Y,0.08,OFF,OFF
FullTest_1589,"Rank(Ts_Rank(open, 10))",EUR,TOP3000,MARKET,5,1,P1Y,0.01,ON,ON
FullTest_1590,"Rank(Ts_Rank(open, 10))",EUR,TOP3000,MARKET,5,1,P1Y,0.01,ON,OFF
FullTest_1591,"Rank(Ts_Rank(open, 10))",EUR,TOP3000,MARKET,5,1,P1Y,0.01,OFF,ON
FullTest_1592,"Rank(Ts_Rank(open, 10))",EUR,TOP3000,MARKET,5,1,P1Y,0.01,OFF,OFF
FullTest_1593,"Rank(Ts_Rank(open, 10))",EUR,TOP3000,MARKET,5,1,P2Y,0.08,ON,ON
FullTest_1594,"Rank(Ts_Rank(open, 10))",EUR,TOP3000,MARKET,5,1,P2Y,0.08,ON,OFF
FullTest_1595,"Rank(Ts_Rank(open, 10))",EUR,TOP3000,MARKET,5,1,P2Y,0.08,OFF,ON
FullTest_1596,"Rank(Ts_Rank(open, 10))",EUR,TOP3000,MARKET,5,1,P2Y,0.08,OFF,OFF
FullTest_1597,"Rank(Ts_Rank(open, 10))",EUR,TOP3000,MARKET,5,1,P2Y,0.01,ON,ON
FullTest_1598,"Rank(Ts_Rank(open, 10))",EUR,TOP3000,MARKET,5,1,P2Y,0.01,ON,OFF
FullTest_1599,"Rank(Ts_Rank(open, 10))",EUR,TOP3000,MARKET,5,1,P2Y,0.01,OFF,ON
FullTest_1600,"Rank(Ts_Rank(open, 10))",EUR,TOP3000,MARKET,5,1,P2Y,0.01,OFF,OFF
FullTest_1601,"Rank(Ts_Rank(open, 10))",EUR,TOP3000,NONE,0,1,P1Y,0.08,ON,ON
FullTest_1602,"Rank(Ts_Rank(open, 10))",EUR,TOP3000,NONE,0,1,P1Y,0.08,ON,OFF
FullTest_1603,"Rank(Ts_Rank(open, 10))",EUR,TOP3000,NONE,0,1,P1Y,0.08,OFF,ON
FullTest_1604,"Rank(Ts_Rank(open, 10))",EUR,TOP3000,NONE,0,1,P1Y,0.08,OFF,OFF
FullTest_1605,"Rank(Ts_Rank(open, 10))",EUR,TOP3000,NONE,0,1,P1Y,0.01,ON,ON
FullTest_1606,"Rank(Ts_Rank(open, 10))",EUR,TOP3000,NONE,0,1,P1Y,0.01,ON,OFF
FullTest_1607,"Rank(Ts_Rank(open, 10))",EUR,TOP3000,NONE,0,1,P1Y,0.01,OFF,ON
FullTest_1608,"Rank(Ts_Rank(open, 10))",EUR,TOP3000,NONE,0,1,P1Y,0.01,OFF,OFF
FullTest_1609,"Rank(Ts_Rank(open, 10))",EUR,TOP3000,NONE,0,1,P2Y,0.08,ON,ON
FullTest_1610,"Rank(Ts_Rank(open, 10))",EUR,TOP3000,NONE,0,1,P2Y,0.08,ON,OFF
FullTest_1611,"Rank(Ts_Rank(open, 10))",EUR,TOP3000,NONE,0,1,P2Y,0.08,OFF,ON
FullTest_1612,"Rank(Ts_Rank(open, 10))",EUR,TOP3000,NONE,0,1,P2Y,0.08,OFF,OFF
FullTest_1613,"Rank(Ts_Rank(open, 10))",EUR,TOP3000,NONE,0,1,P2Y,0.01,ON,ON
FullTest_1614,"Rank(Ts_Rank(open, 10))",EUR,TOP3000,NONE,0,1,P2Y,0.01,ON,OFF
FullTest_1615,"Rank(Ts_Rank(open, 10))",EUR,TOP3000,NONE,0,1,P2Y,0.01,OFF,ON
FullTest_1616,"Rank(Ts_Rank(open, 10))",EUR,TOP3000,NONE,0,1,P2Y,0.01,OFF,OFF
FullTest_1617,"Rank(Ts_Rank(open, 10))",EUR,TOP3000,NONE,5,1,P1Y,0.08,ON,ON
FullTest_1618,"Rank(Ts_Rank(open, 10))",EUR,TOP3000,NONE,5,1,P1Y,0.08,ON,OFF
FullTest_1619,"Rank(Ts_Rank(open, 10))",EUR,TOP3000,NONE,5,1,P1Y,0.08,OFF,ON
FullTest_1620,"Rank(Ts_Rank(open, 10))",EUR,TOP3000,NONE,5,1,P1Y,0.08,OFF,OFF
FullTest_1621,"Rank(Ts_Rank(open, 10))",EUR,TOP3000,NONE,5,1,P1Y,0.01,ON,ON
FullTest_1622,"Rank(Ts_Rank(open, 10))",EUR,TOP3000,NONE,5,1,P1Y,0.01,ON,OFF
FullTest_1623,"Rank(Ts_Rank(open, 10))",EUR,TOP3000,NONE,5,1,P1Y,0.01,OFF,ON
FullTest_1624,"Rank(Ts_Rank(open, 10))",EUR,TOP3000,NONE,5,1,P1Y,0.01,OFF,OFF
FullTest_1625,"Rank(Ts_Rank(open, 10))",EUR,TOP3000,NONE,5,1,P2Y,0.08,ON,ON
FullTest_1626,"Rank(Ts_Rank(open, 10))",EUR,TOP3000,NONE,5,1,P2Y,0.08,ON,OFF
FullTest_1627,"Rank(Ts_Rank(open, 10))",EUR,TOP3000,NONE,5,1,P2Y,0.08,OFF,ON
FullTest_1628,"Rank(Ts_Rank(open, 10))",EUR,TOP3000,NONE,5,1,P2Y,0.08,OFF,OFF
FullTest_1629,"Rank(Ts_Rank(open, 10))",EUR,TOP3000,NONE,5,1,P2Y,0.01,ON,ON
FullTest_1630,"Rank(Ts_Rank(open, 10))",EUR,TOP3000,NONE,5,1,P2Y,0.01,ON,OFF
FullTest_1631,"Rank(Ts_Rank(open, 10))",EUR,TOP3000,NONE,5,1,P2Y,0.01,OFF,ON
FullTest_1632,"Rank(Ts_Rank(open, 10))",EUR,TOP3000,NONE,5,1,P2Y,0.01,OFF,OFF
FullTest_1633,"Rank(Ts_Rank(open, 10))",EUR,MINVOL3M,INDUSTRY,0,1,P1Y,0.08,ON,ON
FullTest_1634,"Rank(Ts_Rank(open, 10))",EUR,MINVOL3M,INDUSTRY,0,1,P1Y,0.08,ON,OFF
FullTest_1635,"Rank(Ts_Rank(open, 10))",EUR,MINVOL3M,INDUSTRY,0,1,P1Y,0.08,OFF,ON
FullTest_1636,"Rank(Ts_Rank(open, 10))",EUR,MINVOL3M,INDUSTRY,0,1,P1Y,0.08,OFF,OFF
FullTest_1637,"Rank(Ts_Rank(open, 10))",EUR,MINVOL3M,INDUSTRY,0,1,P1Y,0.01,ON,ON
FullTest_1638,"Rank(Ts_Rank(open, 10))",EUR,MINVOL3M,INDUSTRY,0,1,P1Y,0.01,ON,OFF
FullTest_1639,"Rank(Ts_Rank(open, 10))",EUR,MINVOL3M,INDUSTRY,0,1,P1Y,0.01,OFF,ON
FullTest_1640,"Rank(Ts_Rank(open, 10))",EUR,MINVOL3M,INDUSTRY,0,1,P1Y,0.01,OFF,OFF
FullTest_1641,"Rank(Ts_Rank(open, 10))",EUR,MINVOL3M,INDUSTRY,0,1,P2Y,0.08,ON,ON
FullTest_1642,"Rank(Ts_Rank(open, 10))",EUR,MINVOL3M,INDUSTRY,0,1,P2Y,0.08,ON,OFF
FullTest_1643,"Rank(Ts_Rank(open, 10))",EUR,MINVOL3M,INDUSTRY,0,1,P2Y,0.08,OFF,ON
FullTest_1644,"Rank(Ts_Rank(open, 10))",EUR,MINVOL3M,INDUSTRY,0,1,P2Y,0.08,OFF,OFF
FullTest_1645,"Rank(Ts_Rank(open, 10))",EUR,MINVOL3M,INDUSTRY,0,1,P2Y,0.01,ON,ON
FullTest_1646,"Rank(Ts_Rank(open, 10))",EUR,MINVOL3M,INDUSTRY,0,1,P2Y,0.01,ON,OFF
FullTest_1647,"Rank(Ts_Rank(open, 10))",EUR,MINVOL3M,INDUSTRY,0,1,P2Y,0.01,OFF,ON
FullTest_1648,"Rank(Ts_Rank(open, 10))",EUR,MINVOL3M,INDUSTRY,0,1,P2Y,0.01,OFF,OFF
FullTest_1649,"Rank(Ts_Rank(open, 10))",EUR,MINVOL3M,INDUSTRY,5,1,P1Y,0.08,ON,ON
FullTest_1650,"Rank(Ts_Rank(open, 10))",EUR,MINVOL3M,INDUSTRY,5,1,P1Y,0.08,ON,OFF
FullTest_1651,"Rank(Ts_Rank(open, 10))",EUR,MINVOL3M,INDUSTRY,5,1,P1Y,0.08,OFF,ON
FullTest_1652,"Rank(Ts_Rank(open, 10))",EUR,MINVOL3M,INDUSTRY,5,1,P1Y,0.08,OFF,OFF
FullTest_1653,"Rank(Ts_Rank(open, 10))",EUR,MINVOL3M,INDUSTRY,5,1,P1Y,0.01,ON,ON
FullTest_1654,"Rank(Ts_Rank(open, 10))",EUR,MINVOL3M,INDUSTRY,5,1,P1Y,0.01,ON,OFF
FullTest_1655,"Rank(Ts_Rank(open, 10))",EUR,MINVOL3M,INDUSTRY,5,1,P1Y,0.01,OFF,ON
FullTest_1656,"Rank(Ts_Rank(open, 10))",EUR,MINVOL3M,INDUSTRY,5,1,P1Y,0.01,OFF,OFF
FullTest_1657,"Rank(Ts_Rank(open, 10))",EUR,MINVOL3M,INDUSTRY,5,1,P2Y,0.08,ON,ON
FullTest_1658,"Rank(Ts_Rank(open, 10))",EUR,MINVOL3M,INDUSTRY,5,1,P2Y,0.08,ON,OFF
FullTest_1659,"Rank(Ts_Rank(open, 10))",EUR,MINVOL3M,INDUSTRY,5,1,P2Y,0.08,OFF,ON
FullTest_1660,"Rank(Ts_Rank(open, 10))",EUR,MINVOL3M,INDUSTRY,5,1,P2Y,0.08,OFF,OFF
FullTest_1661,"Rank(Ts_Rank(open, 10))",EUR,MINVOL3M,INDUSTRY,5,1,P2Y,0.01,ON,ON
FullTest_1662,"Rank(Ts_Rank(open, 10))",EUR,MINVOL3M,INDUSTRY,5,1,P2Y,0.01,ON,OFF
FullTest_1663,"Rank(Ts_Rank(open, 10))",EUR,MINVOL3M,INDUSTRY,5,1,P2Y,0.01,OFF,ON
FullTest_1664,"Rank(Ts_Rank(open, 10))",EUR,MINVOL3M,INDUSTRY,5,1,P2Y,0.01,OFF,OFF
FullTest_1665,"Rank(Ts_Rank(open, 10))",EUR,MINVOL3M,MARKET,0,1,P1Y,0.08,ON,ON
FullTest_1666,"Rank(Ts_Rank(open, 10))",EUR,MINVOL3M,MARKET,0,1,P1Y,0.08,ON,OFF
FullTest_1667,"Rank(Ts_Rank(open, 10))",EUR,MINVOL3M,MARKET,0,1,P1Y,0.08,OFF,ON
FullTest_1668,"Rank(Ts_Rank(open, 10))",EUR,MINVOL3M,MARKET,0,1,P1Y,0.08,OFF,OFF
FullTest_1669,"Rank(Ts_Rank(open, 10))",EUR,MINVOL3M,MARKET,0,1,P1Y,0.01,ON,ON
FullTest_1670,"Rank(Ts_Rank(open, 10))",EUR,MINVOL3M,MARKET,0,1,P1Y,0.01,ON,OFF
FullTest_1671,"Rank(Ts_Rank(open, 10))",EUR,MINVOL3M,MARKET,0,1,P1Y,0.01,OFF,ON
FullTest_1672,"Rank(Ts_Rank(open, 10))",EUR,MINVOL3M,MARKET,0,1,P1Y,0.01,OFF,OFF
FullTest_1673,"Rank(Ts_Rank(open, 10))",EUR,MINVOL3M,MARKET,0,1,P2Y,0.08,ON,ON
FullTest_1674,"Rank(Ts_Rank(open, 10))",EUR,MINVOL3M,MARKET,0,1,P2Y,0.08,ON,OFF
FullTest_1675,"Rank(Ts_Rank(open, 10))",EUR,MINVOL3M,MARKET,0,1,P2Y,0.08,OFF,ON
FullTest_1676,"Rank(Ts_Rank(open, 10))",EUR,MINVOL3M,MARKET,0,1,P2Y,0.08,OFF,OFF
FullTest_1677,"Rank(Ts_Rank(open, 10))",EUR,MINVOL3M,MARKET,0,1,P2Y,0.01,ON,ON
FullTest_1678,"Rank(Ts_Rank(open, 10))",EUR,MINVOL3M,MARKET,0,1,P2Y,0.01,ON,OFF
FullTest_1679,"Rank(Ts_Rank(open, 10))",EUR,MINVOL3M,MARKET,0,1,P2Y,0.01,OFF,ON
FullTest_1680,"Rank(Ts_Rank(open, 10))",EUR,MINVOL3M,MARKET,0,1,P2Y,0.01,OFF,OFF
FullTest_1681,"Rank(Ts_Rank(open, 10))",EUR,MINVOL3M,MARKET,5,1,P1Y,0.08,ON,ON
FullTest_1682,"Rank(Ts_Rank(open, 10))",EUR,MINVOL3M,MARKET,5,1,P1Y,0.08,ON,OFF
FullTest_1683,"Rank(Ts_Rank(open, 10))",EUR,MINVOL3M,MARKET,5,1,P1Y,0.08,OFF,ON
FullTest_1684,"Rank(Ts_Rank(open, 10))",EUR,MINVOL3M,MARKET,5,1,P1Y,0.08,OFF,OFF
FullTest_1685,"Rank(Ts_Rank(open, 10))",EUR,MINVOL3M,MARKET,5,1,P1Y,0.01,ON,ON
FullTest_1686,"Rank(Ts_Rank(open, 10))",EUR,MINVOL3M,MARKET,5,1,P1Y,0.01,ON,OFF
FullTest_1687,"Rank(Ts_Rank(open, 10))",EUR,MINVOL3M,MARKET,5,1,P1Y,0.01,OFF,ON
FullTest_1688,"Rank(Ts_Rank(open, 10))",EUR,MINVOL3M,MARKET,5,1,P1Y,0.01,OFF,OFF
FullTest_1689,"Rank(Ts_Rank(open, 10))",EUR,MINVOL3M,MARKET,5,1,P2Y,0.08,ON,ON
FullTest_1690,"Rank(Ts_Rank(open, 10))",EUR,MINVOL3M,MARKET,5,1,P2Y,0.08,ON,OFF
FullTest_1691,"Rank(Ts_Rank(open, 10))",EUR,MINVOL3M,MARKET,5,1,P2Y,0.08,OFF,ON
FullTest_1692,"Rank(Ts_Rank(open, 10))",EUR,MINVOL3M,MARKET,5,1,P2Y,0.08,OFF,OFF
FullTest_1693,"Rank(Ts_Rank(open, 10))",EUR,MINVOL3M,MARKET,5,1,P2Y,0.01,ON,ON
FullTest_1694,"Rank(Ts_Rank(open, 10))",EUR,MINVOL3M,MARKET,5,1,P2Y,0.01,ON,OFF
FullTest_1695,"Rank(Ts_Rank(open, 10))",EUR,MINVOL3M,MARKET,5,1,P2Y,0.01,OFF,ON
FullTest_1696,"Rank(Ts_Rank(open, 10))",EUR,MINVOL3M,MARKET,5,1,P2Y,0.01,OFF,OFF
FullTest_1697,"Rank(Ts_Rank(open, 10))",EUR,MINVOL3M,NONE,0,1,P1Y,0.08,ON,ON
FullTest_1698,"Rank(Ts_Rank(open, 10))",EUR,MINVOL3M,NONE,0,1,P1Y,0.08,ON,OFF
FullTest_1699,"Rank(Ts_Rank(open, 10))",EUR,MINVOL3M,NONE,0,1,P1Y,0.08,OFF,ON
FullTest_1700,"Rank(Ts_Rank(open, 10))",EUR,MINVOL3M,NONE,0,1,P1Y,0.08,OFF,OFF
FullTest_1701,"Rank(Ts_Rank(open, 10))",EUR,MINVOL3M,NONE,0,1,P1Y,0.01,ON,ON
FullTest_1702,"Rank(Ts_Rank(open, 10))",EUR,MINVOL3M,NONE,0,1,P1Y,0.01,ON,OFF
FullTest_1703,"Rank(Ts_Rank(open, 10))",EUR,MINVOL3M,NONE,0,1,P1Y,0.01,OFF,ON
FullTest_1704,"Rank(Ts_Rank(open, 10))",EUR,MINVOL3M,NONE,0,1,P1Y,0.01,OFF,OFF
FullTest_1705,"Rank(Ts_Rank(open, 10))",EUR,MINVOL3M,NONE,0,1,P2Y,0.08,ON,ON
FullTest_1706,"Rank(Ts_Rank(open, 10))",EUR,MINVOL3M,NONE,0,1,P2Y,0.08,ON,OFF
FullTest_1707,"Rank(Ts_Rank(open, 10))",EUR,MINVOL3M,NONE,0,1,P2Y,0.08,OFF,ON
FullTest_1708,"Rank(Ts_Rank(open, 10))",EUR,MINVOL3M,NONE,0,1,P2Y,0.08,OFF,OFF
FullTest_1709,"Rank(Ts_Rank(open, 10))",EUR,MINVOL3M,NONE,0,1,P2Y,0.01,ON,ON
FullTest_1710,"Rank(Ts_Rank(open, 10))",EUR,MINVOL3M,NONE,0,1,P2Y,0.01,ON,OFF
FullTest_1711,"Rank(Ts_Rank(open, 10))",EUR,MINVOL3M,NONE,0,1,P2Y,0.01,OFF,ON
FullTest_1712,"Rank(Ts_Rank(open, 10))",EUR,MINVOL3M,NONE,0,1,P2Y,0.01,OFF,OFF
FullTest_1713,"Rank(Ts_Rank(open, 10))",EUR,MINVOL3M,NONE,5,1,P1Y,0.08,ON,ON
FullTest_1714,"Rank(Ts_Rank(open, 10))",EUR,MINVOL3M,NONE,5,1,P1Y,0.08,ON,OFF
FullTest_1715,"Rank(Ts_Rank(open, 10))",EUR,MINVOL3M,NONE,5,1,P1Y,0.08,OFF,ON
FullTest_1716,"Rank(Ts_Rank(open, 10))",EUR,MINVOL3M,NONE,5,1,P1Y,0.08,OFF,OFF
FullTest_1717,"Rank(Ts_Rank(open, 10))",EUR,MINVOL3M,NONE,5,1,P1Y,0.01,ON,ON
FullTest_1718,"Rank(Ts_Rank(open, 10))",EUR,MINVOL3M,NONE,5,1,P1Y,0.01,ON,OFF
FullTest_1719,"Rank(Ts_Rank(open, 10))",EUR,MINVOL3M,NONE,5,1,P1Y,0.01,OFF,ON
FullTest_1720,"Rank(Ts_Rank(open, 10))",EUR,MINVOL3M,NONE,5,1,P1Y,0.01,OFF,OFF
FullTest_1721,"Rank(Ts_Rank(open, 10))",EUR,MINVOL3M,NONE,5,1,P2Y,0.08,ON,ON
FullTest_1722,"Rank(Ts_Rank(open, 10))",EUR,MINVOL3M,NONE,5,1,P2Y,0.08,ON,OFF
FullTest_1723,"Rank(Ts_Rank(open, 10))",EUR,MINVOL3M,NONE,5,1,P2Y,0.08,OFF,ON
FullTest_1724,"Rank(Ts_Rank(open, 10))",EUR,MINVOL3M,NONE,5,1,P2Y,0.08,OFF,OFF
FullTest_1725,"Rank(Ts_Rank(open, 10))",EUR,MINVOL3M,NONE,5,1,P2Y,0.01,ON,ON
FullTest_1726,"Rank(Ts_Rank(open, 10))",EUR,MINVOL3M,NONE,5,1,P2Y,0.01,ON,OFF
FullTest_1727,"Rank(Ts_Rank(open, 10))",EUR,MINVOL3M,NONE,5,1,P2Y,0.01,OFF,ON
FullTest_1728,"Rank(Ts_Rank(open, 10))",EUR,MINVOL3M,NONE,5,1,P2Y,0.01,OFF,OFF
FullTest_1729,"Rank(Ts_Rank(open, 20))",USA,TOP3000,INDUSTRY,0,1,P1Y,0.08,ON,ON
FullTest_1730,"Rank(Ts_Rank(open, 20))",USA,TOP3000,INDUSTRY,0,1,P1Y,0.08,ON,OFF
FullTest_1731,"Rank(Ts_Rank(open, 20))",USA,TOP3000,INDUSTRY,0,1,P1Y,0.08,OFF,ON
FullTest_1732,"Rank(Ts_Rank(open, 20))",USA,TOP3000,INDUSTRY,0,1,P1Y,0.08,OFF,OFF
FullTest_1733,"Rank(Ts_Rank(open, 20))",USA,TOP3000,INDUSTRY,0,1,P1Y,0.01,ON,ON
FullTest_1734,"Rank(Ts_Rank(open, 20))",USA,TOP3000,INDUSTRY,0,1,P1Y,0.01,ON,OFF
FullTest_1735,"Rank(Ts_Rank(open, 20))",USA,TOP3000,INDUSTRY,0,1,P1Y,0.01,OFF,ON
FullTest_1736,"Rank(Ts_Rank(open, 20))",USA,TOP3000,INDUSTRY,0,1,P1Y,0.01,OFF,OFF
FullTest_1737,"Rank(Ts_Rank(open, 20))",USA,TOP3000,INDUSTRY,0,1,P2Y,0.08,ON,ON
FullTest_1738,"Rank(Ts_Rank(open, 20))",USA,TOP3000,INDUSTRY,0,1,P2Y,0.08,ON,OFF
FullTest_1739,"Rank(Ts_Rank(open, 20))",USA,TOP3000,INDUSTRY,0,1,P2Y,0.08,OFF,ON
FullTest_1740,"Rank(Ts_Rank(open, 20))",USA,TOP3000,INDUSTRY,0,1,P2Y,0.08,OFF,OFF
FullTest_1741,"Rank(Ts_Rank(open, 20))",USA,TOP3000,INDUSTRY,0,1,P2Y,0.01,ON,ON
FullTest_1742,"Rank(Ts_Rank(open, 20))",USA,TOP3000,INDUSTRY,0,1,P2Y,0.01,ON,OFF
FullTest_1743,"Rank(Ts_Rank(open, 20))",USA,TOP3000,INDUSTRY,0,1,P2Y,0.01,OFF,ON
FullTest_1744,"Rank(Ts_Rank(open, 20))",USA,TOP3000,INDUSTRY,0,1,P2Y,0.01,OFF,OFF
FullTest_1745,"Rank(Ts_Rank(open, 20))",USA,TOP3000,INDUSTRY,5,1,P1Y,0.08,ON,ON
FullTest_1746,"Rank(Ts_Rank(open, 20))",USA,TOP3000,INDUSTRY,5,1,P1Y,0.08,ON,OFF
FullTest_1747,"Rank(Ts_Rank(open, 20))",USA,TOP3000,INDUSTRY,5,1,P1Y,0.08,OFF,ON
FullTest_1748,"Rank(Ts_Rank(open, 20))",USA,TOP3000,INDUSTRY,5,1,P1Y,0.08,OFF,OFF
FullTest_1749,"Rank(Ts_Rank(open, 20))",USA,TOP3000,INDUSTRY,5,1,P1Y,0.01,ON,ON
FullTest_1750,"Rank(Ts_Rank(open, 20))",USA,TOP3000,INDUSTRY,5,1,P1Y,0.01,ON,OFF
FullTest_1751,"Rank(Ts_Rank(open, 20))",USA,TOP3000,INDUSTRY,5,1,P1Y,0.01,OFF,ON
FullTest_1752,"Rank(Ts_Rank(open, 20))",USA,TOP3000,INDUSTRY,5,1,P1Y,0.01,OFF,OFF
FullTest_1753,"Rank(Ts_Rank(open, 20))",USA,TOP3000,INDUSTRY,5,1,P2Y,0.08,ON,ON
FullTest_1754,"Rank(Ts_Rank(open, 20))",USA,TOP3000,INDUSTRY,5,1,P2Y,0.08,ON,OFF
FullTest_1755,"Rank(Ts_Rank(open, 20))",USA,TOP3000,INDUSTRY,5,1,P2Y,0.08,OFF,ON
FullTest_1756,"Rank(Ts_Rank(open, 20))",USA,TOP3000,INDUSTRY,5,1,P2Y,0.08,OFF,OFF
FullTest_1757,"Rank(Ts_Rank(open, 20))",USA,TOP3000,INDUSTRY,5,1,P2Y,0.01,ON,ON
FullTest_1758,"Rank(Ts_Rank(open, 20))",USA,TOP3000,INDUSTRY,5,1,P2Y,0.01,ON,OFF
FullTest_1759,"Rank(Ts_Rank(open, 20))",USA,TOP3000,INDUSTRY,5,1,P2Y,0.01,OFF,ON
FullTest_1760,"Rank(Ts_Rank(open, 20))",USA,TOP3000,INDUSTRY,5,1,P2Y,0.01,OFF,OFF
FullTest_1761,"Rank(Ts_Rank(open, 20))",USA,TOP3000,MARKET,0,1,P1Y,0.08,ON,ON
FullTest_1762,"Rank(Ts_Rank(open, 20))",USA,TOP3000,MARKET,0,1,P1Y,0.08,ON,OFF
FullTest_1763,"Rank(Ts_Rank(open, 20))",USA,TOP3000,MARKET,0,1,P1Y,0.08,OFF,ON
FullTest_1764,"Rank(Ts_Rank(open, 20))",USA,TOP3000,MARKET,0,1,P1Y,0.08,OFF,OFF
FullTest_1765,"Rank(Ts_Rank(open, 20))",USA,TOP3000,MARKET,0,1,P1Y,0.01,ON,ON
FullTest_1766,"Rank(Ts_Rank(open, 20))",USA,TOP3000,MARKET,0,1,P1Y,0.01,ON,OFF
FullTest_1767,"Rank(Ts_Rank(open, 20))",USA,TOP3000,MARKET,0,1,P1Y,0.01,OFF,ON
FullTest_1768,"Rank(Ts_Rank(open, 20))",USA,TOP3000,MARKET,0,1,P1Y,0.01,OFF,OFF
FullTest_1769,"Rank(Ts_Rank(open, 20))",USA,TOP3000,MARKET,0,1,P2Y,0.08,ON,ON
FullTest_1770,"Rank(Ts_Rank(open, 20))",USA,TOP3000,MARKET,0,1,P2Y,0.08,ON,OFF
FullTest_1771,"Rank(Ts_Rank(open, 20))",USA,TOP3000,MARKET,0,1,P2Y,0.08,OFF,ON
FullTest_1772,"Rank(Ts_Rank(open, 20))",USA,TOP3000,MARKET,0,1,P2Y,0.08,OFF,OFF
FullTest_1773,"Rank(Ts_Rank(open, 20))",USA,TOP3000,MARKET,0,1,P2Y,0.01,ON,ON
FullTest_1774,"Rank(Ts_Rank(open, 20))",USA,TOP3000,MARKET,0,1,P2Y,0.01,ON,OFF
FullTest_1775,"Rank(Ts_Rank(open, 20))",USA,TOP3000,MARKET,0,1,P2Y,0.01,OFF,ON
FullTest_1776,"Rank(Ts_Rank(open, 20))",USA,TOP3000,MARKET,0,1,P2Y,0.01,OFF,OFF
FullTest_1777,"Rank(Ts_Rank(open, 20))",USA,TOP3000,MARKET,5,1,P1Y,0.08,ON,ON
FullTest_1778,"Rank(Ts_Rank(open, 20))",USA,TOP3000,MARKET,5,1,P1Y,0.08,ON,OFF
FullTest_1779,"Rank(Ts_Rank(open, 20))",USA,TOP3000,MARKET,5,1,P1Y,0.08,OFF,ON
FullTest_1780,"Rank(Ts_Rank(open, 20))",USA,TOP3000,MARKET,5,1,P1Y,0.08,OFF,OFF
FullTest_1781,"Rank(Ts_Rank(open, 20))",USA,TOP3000,MARKET,5,1,P1Y,0.01,ON,ON
FullTest_1782,"Rank(Ts_Rank(open, 20))",USA,TOP3000,MARKET,5,1,P1Y,0.01,ON,OFF
FullTest_1783,"Rank(Ts_Rank(open, 20))",USA,TOP3000,MARKET,5,1,P1Y,0.01,OFF,ON
FullTest_1784,"Rank(Ts_Rank(open, 20))",USA,TOP3000,MARKET,5,1,P1Y,0.01,OFF,OFF
FullTest_1785,"Rank(Ts_Rank(open, 20))",USA,TOP3000,MARKET,5,1,P2Y,0.08,ON,ON
FullTest_1786,"Rank(Ts_Rank(open, 20))",USA,TOP3000,MARKET,5,1,P2Y,0.08,ON,OFF
FullTest_1787,"Rank(Ts_Rank(open, 20))",USA,TOP3000,MARKET,5,1,P2Y,0.08,OFF,ON
FullTest_1788,"Rank(Ts_Rank(open, 20))",USA,TOP3000,MARKET,5,1,P2Y,0.08,OFF,OFF
FullTest_1789,"Rank(Ts_Rank(open, 20))",USA,TOP3000,MARKET,5,1,P2Y,0.01,ON,ON
FullTest_1790,"Rank(Ts_Rank(open, 20))",USA,TOP3000,MARKET,5,1,P2Y,0.01,ON,OFF
FullTest_1791,"Rank(Ts_Rank(open, 20))",USA,TOP3000,MARKET,5,1,P2Y,0.01,OFF,ON
FullTest_1792,"Rank(Ts_Rank(open, 20))",USA,TOP3000,MARKET,5,1,P2Y,0.01,OFF,OFF
FullTest_1793,"Rank(Ts_Rank(open, 20))",USA,TOP3000,NONE,0,1,P1Y,0.08,ON,ON
FullTest_1794,"Rank(Ts_Rank(open, 20))",USA,TOP3000,NONE,0,1,P1Y,0.08,ON,OFF
FullTest_1795,"Rank(Ts_Rank(open, 20))",USA,TOP3000,NONE,0,1,P1Y,0.08,OFF,ON
FullTest_1796,"Rank(Ts_Rank(open, 20))",USA,TOP3000,NONE,0,1,P1Y,0.08,OFF,OFF
FullTest_1797,"Rank(Ts_Rank(open, 20))",USA,TOP3000,NONE,0,1,P1Y,0.01,ON,ON
FullTest_1798,"Rank(Ts_Rank(open, 20))",USA,TOP3000,NONE,0,1,P1Y,0.01,ON,OFF
FullTest_1799,"Rank(Ts_Rank(open, 20))",USA,TOP3000,NONE,0,1,P1Y,0.01,OFF,ON
FullTest_1800,"Rank(Ts_Rank(open, 20))",USA,TOP3000,NONE,0,1,P1Y,0.01,OFF,OFF
FullTest_1801,"Rank(Ts_Rank(open, 20))",USA,TOP3000,NONE,0,1,P2Y,0.08,ON,ON
FullTest_1802,"Rank(Ts_Rank(open, 20))",USA,TOP3000,NONE,0,1,P2Y,0.08,ON,OFF
FullTest_1803,"Rank(Ts_Rank(open, 20))",USA,TOP3000,NONE,0,1,P2Y,0.08,OFF,ON
FullTest_1804,"Rank(Ts_Rank(open, 20))",USA,TOP3000,NONE,0,1,P2Y,0.08,OFF,OFF
FullTest_1805,"Rank(Ts_Rank(open, 20))",USA,TOP3000,NONE,0,1,P2Y,0.01,ON,ON
FullTest_1806,"Rank(Ts_Rank(open, 20))",USA,TOP3000,NONE,0,1,P2Y,0.01,ON,OFF
FullTest_1807,"Rank(Ts_Rank(open, 20))",USA,TOP3000,NONE,0,1,P2Y,0.01,OFF,ON
FullTest_1808,"Rank(Ts_Rank(open, 20))",USA,TOP3000,NONE,0,1,P2Y,0.01,OFF,OFF
FullTest_1809,"Rank(Ts_Rank(open, 20))",USA,TOP3000,NONE,5,1,P1Y,0.08,ON,ON
FullTest_1810,"Rank(Ts_Rank(open, 20))",USA,TOP3000,NONE,5,1,P1Y,0.08,ON,OFF
FullTest_1811,"Rank(Ts_Rank(open, 20))",USA,TOP3000,NONE,5,1,P1Y,0.08,OFF,ON
FullTest_1812,"Rank(Ts_Rank(open, 20))",USA,TOP3000,NONE,5,1,P1Y,0.08,OFF,OFF
FullTest_1813,"Rank(Ts_Rank(open, 20))",USA,TOP3000,NONE,5,1,P1Y,0.01,ON,ON
FullTest_1814,"Rank(Ts_Rank(open, 20))",USA,TOP3000,NONE,5,1,P1Y,0.01,ON,OFF
FullTest_1815,"Rank(Ts_Rank(open, 20))",USA,TOP3000,NONE,5,1,P1Y,0.01,OFF,ON
FullTest_1816,"Rank(Ts_Rank(open, 20))",USA,TOP3000,NONE,5,1,P1Y,0.01,OFF,OFF
FullTest_1817,"Rank(Ts_Rank(open, 20))",USA,TOP3000,NONE,5,1,P2Y,0.08,ON,ON
FullTest_1818,"Rank(Ts_Rank(open, 20))",USA,TOP3000,NONE,5,1,P2Y,0.08,ON,OFF
FullTest_1819,"Rank(Ts_Rank(open, 20))",USA,TOP3000,NONE,5,1,P2Y,0.08,OFF,ON
FullTest_1820,"Rank(Ts_Rank(open, 20))",USA,TOP3000,NONE,5,1,P2Y,0.08,OFF,OFF
FullTest_1821,"Rank(Ts_Rank(open, 20))",USA,TOP3000,NONE,5,1,P2Y,0.01,ON,ON
FullTest_1822,"Rank(Ts_Rank(open, 20))",USA,TOP3000,NONE,5,1,P2Y,0.01,ON,OFF
FullTest_1823,"Rank(Ts_Rank(open, 20))",USA,TOP3000,NONE,5,1,P2Y,0.01,OFF,ON
FullTest_1824,"Rank(Ts_Rank(open, 20))",USA,TOP3000,NONE,5,1,P2Y,0.01,OFF,OFF
FullTest_1825,"Rank(Ts_Rank(open, 20))",USA,MINVOL3M,INDUSTRY,0,1,P1Y,0.08,ON,ON
FullTest_1826,"Rank(Ts_Rank(open, 20))",USA,MINVOL3M,INDUSTRY,0,1,P1Y,0.08,ON,OFF
FullTest_1827,"Rank(Ts_Rank(open, 20))",USA,MINVOL3M,INDUSTRY,0,1,P1Y,0.08,OFF,ON
FullTest_1828,"Rank(Ts_Rank(open, 20))",USA,MINVOL3M,INDUSTRY,0,1,P1Y,0.08,OFF,OFF
FullTest_1829,"Rank(Ts_Rank(open, 20))",USA,MINVOL3M,INDUSTRY,0,1,P1Y,0.01,ON,ON
FullTest_1830,"Rank(Ts_Rank(open, 20))",USA,MINVOL3M,INDUSTRY,0,1,P1Y,0.01,ON,OFF
FullTest_1831,"Rank(Ts_Rank(open, 20))",USA,MINVOL3M,INDUSTRY,0,1,P1Y,0.01,OFF,ON
FullTest_1832,"Rank(Ts_Rank(open, 20))",USA,MINVOL3M,INDUSTRY,0,1,P1Y,0.01,OFF,OFF
FullTest_1833,"Rank(Ts_Rank(open, 20))",USA,MINVOL3M,INDUSTRY,0,1,P2Y,0.08,ON,ON
FullTest_1834,"Rank(Ts_Rank(open, 20))",USA,MINVOL3M,INDUSTRY,0,1,P2Y,0.08,ON,OFF
FullTest_1835,"Rank(Ts_Rank(open, 20))",USA,MINVOL3M,INDUSTRY,0,1,P2Y,0.08,OFF,ON
FullTest_1836,"Rank(Ts_Rank(open, 20))",USA,MINVOL3M,INDUSTRY,0,1,P2Y,0.08,OFF,OFF
FullTest_1837,"Rank(Ts_Rank(open, 20))",USA,MINVOL3M,INDUSTRY,0,1,P2Y,0.01,ON,ON
FullTest_1838,"Rank(Ts_Rank(open, 20))",USA,MINVOL3M,INDUSTRY,0,1,P2Y,0.01,ON,OFF
FullTest_1839,"Rank(Ts_Rank(open, 20))",USA,MINVOL3M,INDUSTRY,0,1,P2Y,0.01,OFF,ON
FullTest_1840,"Rank(Ts_Rank(open, 20))",USA,MINVOL3M,INDUSTRY,0,1,P2Y,0.01,OFF,OFF
FullTest_1841,"Rank(Ts_Rank(open, 20))",USA,MINVOL3M,INDUSTRY,5,1,P1Y,0.08,ON,ON
FullTest_1842,"Rank(Ts_Rank(open, 20))",USA,MINVOL3M,INDUSTRY,5,1,P1Y,0.08,ON,OFF
FullTest_1843,"Rank(Ts_Rank(open, 20))",USA,MINVOL3M,INDUSTRY,5,1,P1Y,0.08,OFF,ON
FullTest_1844,"Rank(Ts_Rank(open, 20))",USA,MINVOL3M,INDUSTRY,5,1,P1Y,0.08,OFF,OFF
FullTest_1845,"Rank(Ts_Rank(open, 20))",USA,MINVOL3M,INDUSTRY,5,1,P1Y,0.01,ON,ON
FullTest_1846,"Rank(Ts_Rank(open, 20))",USA,MINVOL3M,INDUSTRY,5,1,P1Y,0.01,ON,OFF
FullTest_1847,"Rank(Ts_Rank(open, 20))",USA,MINVOL3M,INDUSTRY,5,1,P1Y,0.01,OFF,ON
FullTest_1848,"Rank(Ts_Rank(open, 20))",USA,MINVOL3M,INDUSTRY,5,1,P1Y,0.01,OFF,OFF
FullTest_1849,"Rank(Ts_Rank(open, 20))",USA,MINVOL3M,INDUSTRY,5,1,P2Y,0.08,ON,ON
FullTest_1850,"Rank(Ts_Rank(open, 20))",USA,MINVOL3M,INDUSTRY,5,1,P2Y,0.08,ON,OFF
FullTest_1851,"Rank(Ts_Rank(open, 20))",USA,MINVOL3M,INDUSTRY,5,1,P2Y,0.08,OFF,ON
FullTest_1852,"Rank(Ts_Rank(open, 20))",USA,MINVOL3M,INDUSTRY,5,1,P2Y,0.08,OFF,OFF
FullTest_1853,"Rank(Ts_Rank(open, 20))",USA,MINVOL3M,INDUSTRY,5,1,P2Y,0.01,ON,ON
FullTest_1854,"Rank(Ts_Rank(open, 20))",USA,MINVOL3M,INDUSTRY,5,1,P2Y,0.01,ON,OFF
FullTest_1855,"Rank(Ts_Rank(open, 20))",USA,MINVOL3M,INDUSTRY,5,1,P2Y,0.01,OFF,ON
FullTest_1856,"Rank(Ts_Rank(open, 20))",USA,MINVOL3M,INDUSTRY,5,1,P2Y,0.01,OFF,OFF
FullTest_1857,"Rank(Ts_Rank(open, 20))",USA,MINVOL3M,MARKET,0,1,P1Y,0.08,ON,ON
FullTest_1858,"Rank(Ts_Rank(open, 20))",USA,MINVOL3M,MARKET,0,1,P1Y,0.08,ON,OFF
FullTest_1859,"Rank(Ts_Rank(open, 20))",USA,MINVOL3M,MARKET,0,1,P1Y,0.08,OFF,ON
FullTest_1860,"Rank(Ts_Rank(open, 20))",USA,MINVOL3M,MARKET,0,1,P1Y,0.08,OFF,OFF
FullTest_1861,"Rank(Ts_Rank(open, 20))",USA,MINVOL3M,MARKET,0,1,P1Y,0.01,ON,ON
FullTest_1862,"Rank(Ts_Rank(open, 20))",USA,MINVOL3M,MARKET,0,1,P1Y,0.01,ON,OFF
FullTest_1863,"Rank(Ts_Rank(open, 20))",USA,MINVOL3M,MARKET,0,1,P1Y,0.01,OFF,ON
FullTest_1864,"Rank(Ts_Rank(open, 20))",USA,MINVOL3M,MARKET,0,1,P1Y,0.01,OFF,OFF
FullTest_1865,"Rank(Ts_Rank(open, 20))",USA,MINVOL3M,MARKET,0,1,P2Y,0.08,ON,ON
FullTest_1866,"Rank(Ts_Rank(open, 20))",USA,MINVOL3M,MARKET,0,1,P2Y,0.08,ON,OFF
FullTest_1867,"Rank(Ts_Rank(open, 20))",USA,MINVOL3M,MARKET,0,1,P2Y,0.08,OFF,ON
FullTest_1868,"Rank(Ts_Rank(open, 20))",USA,MINVOL3M,MARKET,0,1,P2Y,0.08,OFF,OFF
FullTest_1869,"Rank(Ts_Rank(open, 20))",USA,MINVOL3M,MARKET,0,1,P2Y,0.01,ON,ON
FullTest_1870,"Rank(Ts_Rank(open, 20))",USA,MINVOL3M,MARKET,0,1,P2Y,0.01,ON,OFF
FullTest_1871,"Rank(Ts_Rank(open, 20))",USA,MINVOL3M,MARKET,0,1,P2Y,0.01,OFF,ON
FullTest_1872,"Rank(Ts_Rank(open, 20))",USA,MINVOL3M,MARKET,0,1,P2Y,0.01,OFF,OFF
FullTest_1873,"Rank(Ts_Rank(open, 20))",USA,MINVOL3M,MARKET,5,1,P1Y,0.08,ON,ON
FullTest_1874,"Rank(Ts_Rank(open, 20))",USA,MINVOL3M,MARKET,5,1,P1Y,0.08,ON,OFF
FullTest_1875,"Rank(Ts_Rank(open, 20))",USA,MINVOL3M,MARKET,5,1,P1Y,0.08,OFF,ON
FullTest_1876,"Rank(Ts_Rank(open, 20))",USA,MINVOL3M,MARKET,5,1,P1Y,0.08,OFF,OFF
FullTest_1877,"Rank(Ts_Rank(open, 20))",USA,MINVOL3M,MARKET,5,1,P1Y,0.01,ON,ON
FullTest_1878,"Rank(Ts_Rank(open, 20))",USA,MINVOL3M,MARKET,5,1,P1Y,0.01,ON,OFF
FullTest_1879,"Rank(Ts_Rank(open, 20))",USA,MINVOL3M,MARKET,5,1,P1Y,0.01,OFF,ON
FullTest_1880,"Rank(Ts_Rank(open, 20))",USA,MINVOL3M,MARKET,5,1,P1Y,0.01,OFF,OFF
FullTest_1881,"Rank(Ts_Rank(open, 20))",USA,MINVOL3M,MARKET,5,1,P2Y,0.08,ON,ON
FullTest_1882,"Rank(Ts_Rank(open, 20))",USA,MINVOL3M,MARKET,5,1,P2Y,0.08,ON,OFF
FullTest_1883,"Rank(Ts_Rank(open, 20))",USA,MINVOL3M,MARKET,5,1,P2Y,0.08,OFF,ON
FullTest_1884,"Rank(Ts_Rank(open, 20))",USA,MINVOL3M,MARKET,5,1,P2Y,0.08,OFF,OFF
FullTest_1885,"Rank(Ts_Rank(open, 20))",USA,MINVOL3M,MARKET,5,1,P2Y,0.01,ON,ON
FullTest_1886,"Rank(Ts_Rank(open, 20))",USA,MINVOL3M,MARKET,5,1,P2Y,0.01,ON,OFF
FullTest_1887,"Rank(Ts_Rank(open, 20))",USA,MINVOL3M,MARKET,5,1,P2Y,0.01,OFF,ON
FullTest_1888,"Rank(Ts_Rank(open, 20))",USA,MINVOL3M,MARKET,5,1,P2Y,0.01,OFF,OFF
FullTest_1889,"Rank(Ts_Rank(open, 20))",USA,MINVOL3M,NONE,0,1,P1Y,0.08,ON,ON
FullTest_1890,"Rank(Ts_Rank(open, 20))",USA,MINVOL3M,NONE,0,1,P1Y,0.08,ON,OFF
FullTest_1891,"Rank(Ts_Rank(open, 20))",USA,MINVOL3M,NONE,0,1,P1Y,0.08,OFF,ON
FullTest_1892,"Rank(Ts_Rank(open, 20))",USA,MINVOL3M,NONE,0,1,P1Y,0.08,OFF,OFF
FullTest_1893,"Rank(Ts_Rank(open, 20))",USA,MINVOL3M,NONE,0,1,P1Y,0.01,ON,ON
FullTest_1894,"Rank(Ts_Rank(open, 20))",USA,MINVOL3M,NONE,0,1,P1Y,0.01,ON,OFF
FullTest_1895,"Rank(Ts_Rank(open, 20))",USA,MINVOL3M,NONE,0,1,P1Y,0.01,OFF,ON
FullTest_1896,"Rank(Ts_Rank(open, 20))",USA,MINVOL3M,NONE,0,1,P1Y,0.01,OFF,OFF
FullTest_1897,"Rank(Ts_Rank(open, 20))",USA,MINVOL3M,NONE,0,1,P2Y,0.08,ON,ON
FullTest_1898,"Rank(Ts_Rank(open, 20))",USA,MINVOL3M,NONE,0,1,P2Y,0.08,ON,OFF
FullTest_1899,"Rank(Ts_Rank(open, 20))",USA,MINVOL3M,NONE,0,1,P2Y,0.08,OFF,ON
FullTest_1900,"Rank(Ts_Rank(open, 20))",USA,MINVOL3M,NONE,0,1,P2Y,0.08,OFF,OFF
FullTest_1901,"Rank(Ts_Rank(open, 20))",USA,MINVOL3M,NONE,0,1,P2Y,0.01,ON,ON
FullTest_1902,"Rank(Ts_Rank(open, 20))",USA,MINVOL3M,NONE,0,1,P2Y,0.01,ON,OFF
FullTest_1903,"Rank(Ts_Rank(open, 20))",USA,MINVOL3M,NONE,0,1,P2Y,0.01,OFF,ON
FullTest_1904,"Rank(Ts_Rank(open, 20))",USA,MINVOL3M,NONE,0,1,P2Y,0.01,OFF,OFF
FullTest_1905,"Rank(Ts_Rank(open, 20))",USA,MINVOL3M,NONE,5,1,P1Y,0.08,ON,ON
FullTest_1906,"Rank(Ts_Rank(open, 20))",USA,MINVOL3M,NONE,5,1,P1Y,0.08,ON,OFF
FullTest_1907,"Rank(Ts_Rank(open, 20))",USA,MINVOL3M,NONE,5,1,P1Y,0.08,OFF,ON
FullTest_1908,"Rank(Ts_Rank(open, 20))",USA,MINVOL3M,NONE,5,1,P1Y,0.08,OFF,OFF
FullTest_1909,"Rank(Ts_Rank(open, 20))",USA,MINVOL3M,NONE,5,1,P1Y,0.01,ON,ON
FullTest_1910,"Rank(Ts_Rank(open, 20))",USA,MINVOL3M,NONE,5,1,P1Y,0.01,ON,OFF
FullTest_1911,"Rank(Ts_Rank(open, 20))",USA,MINVOL3M,NONE,5,1,P1Y,0.01,OFF,ON
FullTest_1912,"Rank(Ts_Rank(open, 20))",USA,MINVOL3M,NONE,5,1,P1Y,0.01,OFF,OFF
FullTest_1913,"Rank(Ts_Rank(open, 20))",USA,MINVOL3M,NONE,5,1,P2Y,0.08,ON,ON
FullTest_1914,"Rank(Ts_Rank(open, 20))",USA,MINVOL3M,NONE,5,1,P2Y,0.08,ON,OFF
FullTest_1915,"Rank(Ts_Rank(open, 20))",USA,MINVOL3M,NONE,5,1,P2Y,0.08,OFF,ON
FullTest_1916,"Rank(Ts_Rank(open, 20))",USA,MINVOL3M,NONE,5,1,P2Y,0.08,OFF,OFF
FullTest_1917,"Rank(Ts_Rank(open, 20))",USA,MINVOL3M,NONE,5,1,P2Y,0.01,ON,ON
FullTest_1918,"Rank(Ts_Rank(open, 20))",USA,MINVOL3M,NONE,5,1,P2Y,0.01,ON,OFF
FullTest_1919,"Rank(Ts_Rank(open, 20))",USA,MINVOL3M,NONE,5,1,P2Y,0.01,OFF,ON
FullTest_1920,"Rank(Ts_Rank(open, 20))",USA,MINVOL3M,NONE,5,1,P2Y,0.01,OFF,OFF
FullTest_1921,"Rank(Ts_Rank(open, 20))",ASI,TOP3000,INDUSTRY,0,1,P1Y,0.08,ON,ON
FullTest_1922,"Rank(Ts_Rank(open, 20))",ASI,TOP3000,INDUSTRY,0,1,P1Y,0.08,ON,OFF
FullTest_1923,"Rank(Ts_Rank(open, 20))",ASI,TOP3000,INDUSTRY,0,1,P1Y,0.08,OFF,ON
FullTest_1924,"Rank(Ts_Rank(open, 20))",ASI,TOP3000,INDUSTRY,0,1,P1Y,0.08,OFF,OFF
FullTest_1925,"Rank(Ts_Rank(open, 20))",ASI,TOP3000,INDUSTRY,0,1,P1Y,0.01,ON,ON
FullTest_1926,"Rank(Ts_Rank(open, 20))",ASI,TOP3000,INDUSTRY,0,1,P1Y,0.01,ON,OFF
FullTest_1927,"Rank(Ts_Rank(open, 20))",ASI,TOP3000,INDUSTRY,0,1,P1Y,0.01,OFF,ON
FullTest_1928,"Rank(Ts_Rank(open, 20))",ASI,TOP3000,INDUSTRY,0,1,P1Y,0.01,OFF,OFF
FullTest_1929,"Rank(Ts_Rank(open, 20))",ASI,TOP3000,INDUSTRY,0,1,P2Y,0.08,ON,ON
FullTest_1930,"Rank(Ts_Rank(open, 20))",ASI,TOP3000,INDUSTRY,0,1,P2Y,0.08,ON,OFF
FullTest_1931,"Rank(Ts_Rank(open, 20))",ASI,TOP3000,INDUSTRY,0,1,P2Y,0.08,OFF,ON
FullTest_1932,"Rank(Ts_Rank(open, 20))",ASI,TOP3000,INDUSTRY,0,1,P2Y,0.08,OFF,OFF
FullTest_1933,"Rank(Ts_Rank(open, 20))",ASI,TOP3000,INDUSTRY,0,1,P2Y,0.01,ON,ON
FullTest_1934,"Rank(Ts_Rank(open, 20))",ASI,TOP3000,INDUSTRY,0,1,P2Y,0.01,ON,OFF
FullTest_1935,"Rank(Ts_Rank(open, 20))",ASI,TOP3000,INDUSTRY,0,1,P2Y,0.01,OFF,ON
FullTest_1936,"Rank(Ts_Rank(open, 20))",ASI,TOP3000,INDUSTRY,0,1,P2Y,0.01,OFF,OFF
FullTest_1937,"Rank(Ts_Rank(open, 20))",ASI,TOP3000,INDUSTRY,5,1,P1Y,0.08,ON,ON
FullTest_1938,"Rank(Ts_Rank(open, 20))",ASI,TOP3000,INDUSTRY,5,1,P1Y,0.08,ON,OFF
FullTest_1939,"Rank(Ts_Rank(open, 20))",ASI,TOP3000,INDUSTRY,5,1,P1Y,0.08,OFF,ON
FullTest_1940,"Rank(Ts_Rank(open, 20))",ASI,TOP3000,INDUSTRY,5,1,P1Y,0.08,OFF,OFF
FullTest_1941,"Rank(Ts_Rank(open, 20))",ASI,TOP3000,INDUSTRY,5,1,P1Y,0.01,ON,ON
FullTest_1942,"Rank(Ts_Rank(open, 20))",ASI,TOP3000,INDUSTRY,5,1,P1Y,0.01,ON,OFF
FullTest_1943,"Rank(Ts_Rank(open, 20))",ASI,TOP3000,INDUSTRY,5,1,P1Y,0.01,OFF,ON
FullTest_1944,"Rank(Ts_Rank(open, 20))",ASI,TOP3000,INDUSTRY,5,1,P1Y,0.01,OFF,OFF
FullTest_1945,"Rank(Ts_Rank(open, 20))",ASI,TOP3000,INDUSTRY,5,1,P2Y,0.08,ON,ON
FullTest_1946,"Rank(Ts_Rank(open, 20))",ASI,TOP3000,INDUSTRY,5,1,P2Y,0.08,ON,OFF
FullTest_1947,"Rank(Ts_Rank(open, 20))",ASI,TOP3000,INDUSTRY,5,1,P2Y,0.08,OFF,ON
FullTest_1948,"Rank(Ts_Rank(open, 20))",ASI,TOP3000,INDUSTRY,5,1,P2Y,0.08,OFF,OFF
FullTest_1949,"Rank(Ts_Rank(open, 20))",ASI,TOP3000,INDUSTRY,5,1,P2Y,0.01,ON,ON
FullTest_1950,"Rank(Ts_Rank(open, 20))",ASI,TOP3000,INDUSTRY,5,1,P2Y,0.01,ON,OFF
FullTest_1951,"Rank(Ts_Rank(open, 20))",ASI,TOP3000,INDUSTRY,5,1,P2Y,0.01,OFF,ON
FullTest_1952,"Rank(Ts_Rank(open, 20))",ASI,TOP3000,INDUSTRY,5,1,P2Y,0.01,OFF,OFF
FullTest_1953,"Rank(Ts_Rank(open, 20))",ASI,TOP3000,MARKET,0,1,P1Y,0.08,ON,ON
FullTest_1954,"Rank(Ts_Rank(open, 20))",ASI,TOP3000,MARKET,0,1,P1Y,0.08,ON,OFF
FullTest_1955,"Rank(Ts_Rank(open, 20))",ASI,TOP3000,MARKET,0,1,P1Y,0.08,OFF,ON
FullTest_1956,"Rank(Ts_Rank(open, 20))",ASI,TOP3000,MARKET,0,1,P1Y,0.08,OFF,OFF
FullTest_1957,"Rank(Ts_Rank(open, 20))",ASI,TOP3000,MARKET,0,1,P1Y,0.01,ON,ON
FullTest_1958,"Rank(Ts_Rank(open, 20))",ASI,TOP3000,MARKET,0,1,P1Y,0.01,ON,OFF
FullTest_1959,"Rank(Ts_Rank(open, 20))",ASI,TOP3000,MARKET,0,1,P1Y,0.01,OFF,ON
FullTest_1960,"Rank(Ts_Rank(open, 20))",ASI,TOP3000,MARKET,0,1,P1Y,0.01,OFF,OFF
FullTest_1961,"Rank(Ts_Rank(open, 20))",ASI,TOP3000,MARKET,0,1,P2Y,0.08,ON,ON
FullTest_1962,"Rank(Ts_Rank(open, 20))",ASI,TOP3000,MARKET,0,1,P2Y,0.08,ON,OFF
FullTest_1963,"Rank(Ts_Rank(open, 20))",ASI,TOP3000,MARKET,0,1,P2Y,0.08,OFF,ON
FullTest_1964,"Rank(Ts_Rank(open, 20))",ASI,TOP3000,MARKET,0,1,P2Y,0.08,OFF,OFF
FullTest_1965,"Rank(Ts_Rank(open, 20))",ASI,TOP3000,MARKET,0,1,P2Y,0.01,ON,ON
FullTest_1966,"Rank(Ts_Rank(open, 20))",ASI,TOP3000,MARKET,0,1,P2Y,0.01,ON,OFF
FullTest_1967,"Rank(Ts_Rank(open, 20))",ASI,TOP3000,MARKET,0,1,P2Y,0.01,OFF,ON
FullTest_1968,"Rank(Ts_Rank(open, 20))",ASI,TOP3000,MARKET,0,1,P2Y,0.01,OFF,OFF
FullTest_1969,"Rank(Ts_Rank(open, 20))",ASI,TOP3000,MARKET,5,1,P1Y,0.08,ON,ON
FullTest_1970,"Rank(Ts_Rank(open, 20))",ASI,TOP3000,MARKET,5,1,P1Y,0.08,ON,OFF
FullTest_1971,"Rank(Ts_Rank(open, 20))",ASI,TOP3000,MARKET,5,1,P1Y,0.08,OFF,ON
FullTest_1972,"Rank(Ts_Rank(open, 20))",ASI,TOP3000,MARKET,5,1,P1Y,0.08,OFF,OFF
FullTest_1973,"Rank(Ts_Rank(open, 20))",ASI,TOP3000,MARKET,5,1,P1Y,0.01,ON,ON
FullTest_1974,"Rank(Ts_Rank(open, 20))",ASI,TOP3000,MARKET,5,1,P1Y,0.01,ON,OFF
FullTest_1975,"Rank(Ts_Rank(open, 20))",ASI,TOP3000,MARKET,5,1,P1Y,0.01,OFF,ON
FullTest_1976,"Rank(Ts_Rank(open, 20))",ASI,TOP3000,MARKET,5,1,P1Y,0.01,OFF,OFF
FullTest_1977,"Rank(Ts_Rank(open, 20))",ASI,TOP3000,MARKET,5,1,P2Y,0.08,ON,ON
FullTest_1978,"Rank(Ts_Rank(open, 20))",ASI,TOP3000,MARKET,5,1,P2Y,0.08,ON,OFF
FullTest_1979,"Rank(Ts_Rank(open, 20))",ASI,TOP3000,MARKET,5,1,P2Y,0.08,OFF,ON
FullTest_1980,"Rank(Ts_Rank(open, 20))",ASI,TOP3000,MARKET,5,1,P2Y,0.08,OFF,OFF
FullTest_1981,"Rank(Ts_Rank(open, 20))",ASI,TOP3000,MARKET,5,1,P2Y,0.01,ON,ON
FullTest_1982,"Rank(Ts_Rank(open, 20))",ASI,TOP3000,MARKET,5,1,P2Y,0.01,ON,OFF
FullTest_1983,"Rank(Ts_Rank(open, 20))",ASI,TOP3000,MARKET,5,1,P2Y,0.01,OFF,ON
FullTest_1984,"Rank(Ts_Rank(open, 20))",ASI,TOP3000,MARKET,5,1,P2Y,0.01,OFF,OFF
FullTest_1985,"Rank(Ts_Rank(open, 20))",ASI,TOP3000,NONE,0,1,P1Y,0.08,ON,ON
FullTest_1986,"Rank(Ts_Rank(open, 20))",ASI,TOP3000,NONE,0,1,P1Y,0.08,ON,OFF
FullTest_1987,"Rank(Ts_Rank(open, 20))",ASI,TOP3000,NONE,0,1,P1Y,0.08,OFF,ON
FullTest_1988,"Rank(Ts_Rank(open, 20))",ASI,TOP3000,NONE,0,1,P1Y,0.08,OFF,OFF
FullTest_1989,"Rank(Ts_Rank(open, 20))",ASI,TOP3000,NONE,0,1,P1Y,0.01,ON,ON
FullTest_1990,"Rank(Ts_Rank(open, 20))",ASI,TOP3000,NONE,0,1,P1Y,0.01,ON,OFF
FullTest_1991,"Rank(Ts_Rank(open, 20))",ASI,TOP3000,NONE,0,1,P1Y,0.01,OFF,ON
FullTest_1992,"Rank(Ts_Rank(open, 20))",ASI,TOP3000,NONE,0,1,P1Y,0.01,OFF,OFF
FullTest_1993,"Rank(Ts_Rank(open, 20))",ASI,TOP3000,NONE,0,1,P2Y,0.08,ON,ON
FullTest_1994,"Rank(Ts_Rank(open, 20))",ASI,TOP3000,NONE,0,1,P2Y,0.08,ON,OFF
FullTest_1995,"Rank(Ts_Rank(open, 20))",ASI,TOP3000,NONE,0,1,P2Y,0.08,OFF,ON
FullTest_1996,"Rank(Ts_Rank(open, 20))",ASI,TOP3000,NONE,0,1,P2Y,0.08,OFF,OFF
FullTest_1997,"Rank(Ts_Rank(open, 20))",ASI,TOP3000,NONE,0,1,P2Y,0.01,ON,ON
FullTest_1998,"Rank(Ts_Rank(open, 20))",ASI,TOP3000,NONE,0,1,P2Y,0.01,ON,OFF
FullTest_1999,"Rank(Ts_Rank(open, 20))",ASI,TOP3000,NONE,0,1,P2Y,0.01,OFF,ON
FullTest_2000,"Rank(Ts_Rank(open, 20))",ASI,TOP3000,NONE,0,1,P2Y,0.01,OFF,OFF
FullTest_2001,"Rank(Ts_Rank(open, 20))",ASI,TOP3000,NONE,5,1,P1Y,0.08,ON,ON
FullTest_2002,"Rank(Ts_Rank(open, 20))",ASI,TOP3000,NONE,5,1,P1Y,0.08,ON,OFF
FullTest_2003,"Rank(Ts_Rank(open, 20))",ASI,TOP3000,NONE,5,1,P1Y,0.08,OFF,ON
FullTest_2004,"Rank(Ts_Rank(open, 20))",ASI,TOP3000,NONE,5,1,P1Y,0.08,OFF,OFF
FullTest_2005,"Rank(Ts_Rank(open, 20))",ASI,TOP3000,NONE,5,1,P1Y,0.01,ON,ON
FullTest_2006,"Rank(Ts_Rank(open, 20))",ASI,TOP3000,NONE,5,1,P1Y,0.01,ON,OFF
FullTest_2007,"Rank(Ts_Rank(open, 20))",ASI,TOP3000,NONE,5,1,P1Y,0.01,OFF,ON
FullTest_2008,"Rank(Ts_Rank(open, 20))",ASI,TOP3000,NONE,5,1,P1Y,0.01,OFF,OFF
FullTest_2009,"Rank(Ts_Rank(open, 20))",ASI,TOP3000,NONE,5,1,P2Y,0.08,ON,ON
FullTest_2010,"Rank(Ts_Rank(open, 20))",ASI,TOP3000,NONE,5,1,P2Y,0.08,ON,OFF
FullTest_2011,"Rank(Ts_Rank(open, 20))",ASI,TOP3000,NONE,5,1,P2Y,0.08,OFF,ON
FullTest_2012,"Rank(Ts_Rank(open, 20))",ASI,TOP3000,NONE,5,1,P2Y,0.08,OFF,OFF
FullTest_2013,"Rank(Ts_Rank(open, 20))",ASI,TOP3000,NONE,5,1,P2Y,0.01,ON,ON
FullTest_2014,"Rank(Ts_Rank(open, 20))",ASI,TOP3000,NONE,5,1,P2Y,0.01,ON,OFF
FullTest_2015,"Rank(Ts_Rank(open, 20))",ASI,TOP3000,NONE,5,1,P2Y,0.01,OFF,ON
FullTest_2016,"Rank(Ts_Rank(open, 20))",ASI,TOP3000,NONE,5,1,P2Y,0.01,OFF,OFF
FullTest_2017,"Rank(Ts_Rank(open, 20))",ASI,MINVOL3M,INDUSTRY,0,1,P1Y,0.08,ON,ON
FullTest_2018,"Rank(Ts_Rank(open, 20))",ASI,MINVOL3M,INDUSTRY,0,1,P1Y,0.08,ON,OFF
FullTest_2019,"Rank(Ts_Rank(open, 20))",ASI,MINVOL3M,INDUSTRY,0,1,P1Y,0.08,OFF,ON
FullTest_2020,"Rank(Ts_Rank(open, 20))",ASI,MINVOL3M,INDUSTRY,0,1,P1Y,0.08,OFF,OFF
FullTest_2021,"Rank(Ts_Rank(open, 20))",ASI,MINVOL3M,INDUSTRY,0,1,P1Y,0.01,ON,ON
FullTest_2022,"Rank(Ts_Rank(open, 20))",ASI,MINVOL3M,INDUSTRY,0,1,P1Y,0.01,ON,OFF
FullTest_2023,"Rank(Ts_Rank(open, 20))",ASI,MINVOL3M,INDUSTRY,0,1,P1Y,0.01,OFF,ON
FullTest_2024,"Rank(Ts_Rank(open, 20))",ASI,MINVOL3M,INDUSTRY,0,1,P1Y,0.01,OFF,OFF
FullTest_2025,"Rank(Ts_Rank(open, 20))",ASI,MINVOL3M,INDUSTRY,0,1,P2Y,0.08,ON,ON
FullTest_2026,"Rank(Ts_Rank(open, 20))",ASI,MINVOL3M,INDUSTRY,0,1,P2Y,0.08,ON,OFF
FullTest_2027,"Rank(Ts_Rank(open, 20))",ASI,MINVOL3M,INDUSTRY,0,1,P2Y,0.08,OFF,ON
FullTest_2028,"Rank(Ts_Rank(open, 20))",ASI,MINVOL3M,INDUSTRY,0,1,P2Y,0.08,OFF,OFF
FullTest_2029,"Rank(Ts_Rank(open, 20))",ASI,MINVOL3M,INDUSTRY,0,1,P2Y,0.01,ON,ON
FullTest_2030,"Rank(Ts_Rank(open, 20))",ASI,MINVOL3M,INDUSTRY,0,1,P2Y,0.01,ON,OFF
FullTest_2031,"Rank(Ts_Rank(open, 20))",ASI,MINVOL3M,INDUSTRY,0,1,P2Y,0.01,OFF,ON
FullTest_2032,"Rank(Ts_Rank(open, 20))",ASI,MINVOL3M,INDUSTRY,0,1,P2Y,0.01,OFF,OFF
FullTest_2033,"Rank(Ts_Rank(open, 20))",ASI,MINVOL3M,INDUSTRY,5,1,P1Y,0.08,ON,ON
FullTest_2034,"Rank(Ts_Rank(open, 20))",ASI,MINVOL3M,INDUSTRY,5,1,P1Y,0.08,ON,OFF
FullTest_2035,"Rank(Ts_Rank(open, 20))",ASI,MINVOL3M,INDUSTRY,5,1,P1Y,0.08,OFF,ON
FullTest_2036,"Rank(Ts_Rank(open, 20))",ASI,MINVOL3M,INDUSTRY,5,1,P1Y,0.08,OFF,OFF
FullTest_2037,"Rank(Ts_Rank(open, 20))",ASI,MINVOL3M,INDUSTRY,5,1,P1Y,0.01,ON,ON
FullTest_2038,"Rank(Ts_Rank(open, 20))",ASI,MINVOL3M,INDUSTRY,5,1,P1Y,0.01,ON,OFF
FullTest_2039,"Rank(Ts_Rank(open, 20))",ASI,MINVOL3M,INDUSTRY,5,1,P1Y,0.01,OFF,ON
FullTest_2040,"Rank(Ts_Rank(open, 20))",ASI,MINVOL3M,INDUSTRY,5,1,P1Y,0.01,OFF,OFF
FullTest_2041,"Rank(Ts_Rank(open, 20))",ASI,MINVOL3M,INDUSTRY,5,1,P2Y,0.08,ON,ON
FullTest_2042,"Rank(Ts_Rank(open, 20))",ASI,MINVOL3M,INDUSTRY,5,1,P2Y,0.08,ON,OFF
FullTest_2043,"Rank(Ts_Rank(open, 20))",ASI,MINVOL3M,INDUSTRY,5,1,P2Y,0.08,OFF,ON
FullTest_2044,"Rank(Ts_Rank(open, 20))",ASI,MINVOL3M,INDUSTRY,5,1,P2Y,0.08,OFF,OFF
FullTest_2045,"Rank(Ts_Rank(open, 20))",ASI,MINVOL3M,INDUSTRY,5,1,P2Y,0.01,ON,ON
FullTest_2046,"Rank(Ts_Rank(open, 20))",ASI,MINVOL3M,INDUSTRY,5,1,P2Y,0.01,ON,OFF
FullTest_2047,"Rank(Ts_Rank(open, 20))",ASI,MINVOL3M,INDUSTRY,5,1,P2Y,0.01,OFF,ON
FullTest_2048,"Rank(Ts_Rank(open, 20))",ASI,MINVOL3M,INDUSTRY,5,1,P2Y,0.01,OFF,OFF
FullTest_2049,"Rank(Ts_Rank(open, 20))",ASI,MINVOL3M,MARKET,0,1,P1Y,0.08,ON,ON
FullTest_2050,"Rank(Ts_Rank(open, 20))",ASI,MINVOL3M,MARKET,0,1,P1Y,0.08,ON,OFF
FullTest_2051,"Rank(Ts_Rank(open, 20))",ASI,MINVOL3M,MARKET,0,1,P1Y,0.08,OFF,ON
FullTest_2052,"Rank(Ts_Rank(open, 20))",ASI,MINVOL3M,MARKET,0,1,P1Y,0.08,OFF,OFF
FullTest_2053,"Rank(Ts_Rank(open, 20))",ASI,MINVOL3M,MARKET,0,1,P1Y,0.01,ON,ON
FullTest_2054,"Rank(Ts_Rank(open, 20))",ASI,MINVOL3M,MARKET,0,1,P1Y,0.01,ON,OFF
FullTest_2055,"Rank(Ts_Rank(open, 20))",ASI,MINVOL3M,MARKET,0,1,P1Y,0.01,OFF,ON
FullTest_2056,"Rank(Ts_Rank(open, 20))",ASI,MINVOL3M,MARKET,0,1,P1Y,0.01,OFF,OFF
FullTest_2057,"Rank(Ts_Rank(open, 20))",ASI,MINVOL3M,MARKET,0,1,P2Y,0.08,ON,ON
FullTest_2058,"Rank(Ts_Rank(open, 20))",ASI,MINVOL3M,MARKET,0,1,P2Y,0.08,ON,OFF
FullTest_2059,"Rank(Ts_Rank(open, 20))",ASI,MINVOL3M,MARKET,0,1,P2Y,0.08,OFF,ON
FullTest_2060,"Rank(Ts_Rank(open, 20))",ASI,MINVOL3M,MARKET,0,1,P2Y,0.08,OFF,OFF
FullTest_2061,"Rank(Ts_Rank(open, 20))",ASI,MINVOL3M,MARKET,0,1,P2Y,0.01,ON,ON
FullTest_2062,"Rank(Ts_Rank(open, 20))",ASI,MINVOL3M,MARKET,0,1,P2Y,0.01,ON,OFF
FullTest_2063,"Rank(Ts_Rank(open, 20))",ASI,MINVOL3M,MARKET,0,1,P2Y,0.01,OFF,ON
FullTest_2064,"Rank(Ts_Rank(open, 20))",ASI,MINVOL3M,MARKET,0,1,P2Y,0.01,OFF,OFF
FullTest_2065,"Rank(Ts_Rank(open, 20))",ASI,MINVOL3M,MARKET,5,1,P1Y,0.08,ON,ON
FullTest_2066,"Rank(Ts_Rank(open, 20))",ASI,MINVOL3M,MARKET,5,1,P1Y,0.08,ON,OFF
FullTest_2067,"Rank(Ts_Rank(open, 20))",ASI,MINVOL3M,MARKET,5,1,P1Y,0.08,OFF,ON
FullTest_2068,"Rank(Ts_Rank(open, 20))",ASI,MINVOL3M,MARKET,5,1,P1Y,0.08,OFF,OFF
FullTest_2069,"Rank(Ts_Rank(open, 20))",ASI,MINVOL3M,MARKET,5,1,P1Y,0.01,ON,ON
FullTest_2070,"Rank(Ts_Rank(open, 20))",ASI,MINVOL3M,MARKET,5,1,P1Y,0.01,ON,OFF
FullTest_2071,"Rank(Ts_Rank(open, 20))",ASI,MINVOL3M,MARKET,5,1,P1Y,0.01,OFF,ON
FullTest_2072,"Rank(Ts_Rank(open, 20))",ASI,MINVOL3M,MARKET,5,1,P1Y,0.01,OFF,OFF
FullTest_2073,"Rank(Ts_Rank(open, 20))",ASI,MINVOL3M,MARKET,5,1,P2Y,0.08,ON,ON
FullTest_2074,"Rank(Ts_Rank(open, 20))",ASI,MINVOL3M,MARKET,5,1,P2Y,0.08,ON,OFF
FullTest_2075,"Rank(Ts_Rank(open, 20))",ASI,MINVOL3M,MARKET,5,1,P2Y,0.08,OFF,ON
FullTest_2076,"Rank(Ts_Rank(open, 20))",ASI,MINVOL3M,MARKET,5,1,P2Y,0.08,OFF,OFF
FullTest_2077,"Rank(Ts_Rank(open, 20))",ASI,MINVOL3M,MARKET,5,1,P2Y,0.01,ON,ON
FullTest_2078,"Rank(Ts_Rank(open, 20))",ASI,MINVOL3M,MARKET,5,1,P2Y,0.01,ON,OFF
FullTest_2079,"Rank(Ts_Rank(open, 20))",ASI,MINVOL3M,MARKET,5,1,P2Y,0.01,OFF,ON
FullTest_2080,"Rank(Ts_Rank(open, 20))",ASI,MINVOL3M,MARKET,5,1,P2Y,0.01,OFF,OFF
FullTest_2081,"Rank(Ts_Rank(open, 20))",ASI,MINVOL3M,NONE,0,1,P1Y,0.08,ON,ON
FullTest_2082,"Rank(Ts_Rank(open, 20))",ASI,MINVOL3M,NONE,0,1,P1Y,0.08,ON,OFF
FullTest_2083,"Rank(Ts_Rank(open, 20))",ASI,MINVOL3M,NONE,0,1,P1Y,0.08,OFF,ON
FullTest_2084,"Rank(Ts_Rank(open, 20))",ASI,MINVOL3M,NONE,0,1,P1Y,0.08,OFF,OFF
FullTest_2085,"Rank(Ts_Rank(open, 20))",ASI,MINVOL3M,NONE,0,1,P1Y,0.01,ON,ON
FullTest_2086,"Rank(Ts_Rank(open, 20))",ASI,MINVOL3M,NONE,0,1,P1Y,0.01,ON,OFF
FullTest_2087,"Rank(Ts_Rank(open, 20))",ASI,MINVOL3M,NONE,0,1,P1Y,0.01,OFF,ON
FullTest_2088,"Rank(Ts_Rank(open, 20))",ASI,MINVOL3M,NONE,0,1,P1Y,0.01,OFF,OFF
FullTest_2089,"Rank(Ts_Rank(open, 20))",ASI,MINVOL3M,NONE,0,1,P2Y,0.08,ON,ON
FullTest_2090,"Rank(Ts_Rank(open, 20))",ASI,MINVOL3M,NONE,0,1,P2Y,0.08,ON,OFF
FullTest_2091,"Rank(Ts_Rank(open, 20))",ASI,MINVOL3M,NONE,0,1,P2Y,0.08,OFF,ON
FullTest_2092,"Rank(Ts_Rank(open, 20))",ASI,MINVOL3M,NONE,0,1,P2Y,0.08,OFF,OFF
FullTest_2093,"Rank(Ts_Rank(open, 20))",ASI,MINVOL3M,NONE,0,1,P2Y,0.01,ON,ON
FullTest_2094,"Rank(Ts_Rank(open, 20))",ASI,MINVOL3M,NONE,0,1,P2Y,0.01,ON,OFF
FullTest_2095,"Rank(Ts_Rank(open, 20))",ASI,MINVOL3M,NONE,0,1,P2Y,0.01,OFF,ON
FullTest_2096,"Rank(Ts_Rank(open, 20))",ASI,MINVOL3M,NONE,0,1,P2Y,0.01,OFF,OFF
FullTest_2097,"Rank(Ts_Rank(open, 20))",ASI,MINVOL3M,NONE,5,1,P1Y,0.08,ON,ON
FullTest_2098,"Rank(Ts_Rank(open, 20))",ASI,MINVOL3M,NONE,5,1,P1Y,0.08,ON,OFF
FullTest_2099,"Rank(Ts_Rank(open, 20))",ASI,MINVOL3M,NONE,5,1,P1Y,0.08,OFF,ON
FullTest_2100,"Rank(Ts_Rank(open, 20))",ASI,MINVOL3M,NONE,5,1,P1Y,0.08,OFF,OFF
FullTest_2101,"Rank(Ts_Rank(open, 20))",ASI,MINVOL3M,NONE,5,1,P1Y,0.01,ON,ON
FullTest_2102,"Rank(Ts_Rank(open, 20))",ASI,MINVOL3M,NONE,5,1,P1Y,0.01,ON,OFF
FullTest_2103,"Rank(Ts_Rank(open, 20))",ASI,MINVOL3M,NONE,5,1,P1Y,0.01,OFF,ON
FullTest_2104,"Rank(Ts_Rank(open, 20))",ASI,MINVOL3M,NONE,5,1,P1Y,0.01,OFF,OFF
FullTest_2105,"Rank(Ts_Rank(open, 20))",ASI,MINVOL3M,NONE,5,1,P2Y,0.08,ON,ON
FullTest_2106,"Rank(Ts_Rank(open, 20))",ASI,MINVOL3M,NONE,5,1,P2Y,0.08,ON,OFF
FullTest_2107,"Rank(Ts_Rank(open, 20))",ASI,MINVOL3M,NONE,5,1,P2Y,0.08,OFF,ON
FullTest_2108,"Rank(Ts_Rank(open, 20))",ASI,MINVOL3M,NONE,5,1,P2Y,0.08,OFF,OFF
FullTest_2109,"Rank(Ts_Rank(open, 20))",ASI,MINVOL3M,NONE,5,1,P2Y,0.01,ON,ON
FullTest_2110,"Rank(Ts_Rank(open, 20))",ASI,MINVOL3M,NONE,5,1,P2Y,0.01,ON,OFF
FullTest_2111,"Rank(Ts_Rank(open, 20))",ASI,MINVOL3M,NONE,5,1,P2Y,0.01,OFF,ON
FullTest_2112,"Rank(Ts_Rank(open, 20))",ASI,MINVOL3M,NONE,5,1,P2Y,0.01,OFF,OFF
FullTest_2113,"Rank(Ts_Rank(open, 20))",EUR,TOP3000,INDUSTRY,0,1,P1Y,0.08,ON,ON
FullTest_2114,"Rank(Ts_Rank(open, 20))",EUR,TOP3000,INDUSTRY,0,1,P1Y,0.08,ON,OFF
FullTest_2115,"Rank(Ts_Rank(open, 20))",EUR,TOP3000,INDUSTRY,0,1,P1Y,0.08,OFF,ON
FullTest_2116,"Rank(Ts_Rank(open, 20))",EUR,TOP3000,INDUSTRY,0,1,P1Y,0.08,OFF,OFF
FullTest_2117,"Rank(Ts_Rank(open, 20))",EUR,TOP3000,INDUSTRY,0,1,P1Y,0.01,ON,ON
FullTest_2118,"Rank(Ts_Rank(open, 20))",EUR,TOP3000,INDUSTRY,0,1,P1Y,0.01,ON,OFF
FullTest_2119,"Rank(Ts_Rank(open, 20))",EUR,TOP3000,INDUSTRY,0,1,P1Y,0.01,OFF,ON
FullTest_2120,"Rank(Ts_Rank(open, 20))",EUR,TOP3000,INDUSTRY,0,1,P1Y,0.01,OFF,OFF
FullTest_2121,"Rank(Ts_Rank(open, 20))",EUR,TOP3000,INDUSTRY,0,1,P2Y,0.08,ON,ON
FullTest_2122,"Rank(Ts_Rank(open, 20))",EUR,TOP3000,INDUSTRY,0,1,P2Y,0.08,ON,OFF
FullTest_2123,"Rank(Ts_Rank(open, 20))",EUR,TOP3000,INDUSTRY,0,1,P2Y,0.08,OFF,ON
FullTest_2124,"Rank(Ts_Rank(open, 20))",EUR,TOP3000,INDUSTRY,0,1,P2Y,0.08,OFF,OFF
FullTest_2125,"Rank(Ts_Rank(open, 20))",EUR,TOP3000,INDUSTRY,0,1,P2Y,0.01,ON,ON
FullTest_2126,"Rank(Ts_Rank(open, 20))",EUR,TOP3000,INDUSTRY,0,1,P2Y,0.01,ON,OFF
FullTest_2127,"Rank(Ts_Rank(open, 20))",EUR,TOP3000,INDUSTRY,0,1,P2Y,0.01,OFF,ON
FullTest_2128,"Rank(Ts_Rank(open, 20))",EUR,TOP3000,INDUSTRY,0,1,P2Y,0.01,OFF,OFF
FullTest_2129,"Rank(Ts_Rank(open, 20))",EUR,TOP3000,INDUSTRY,5,1,P1Y,0.08,ON,ON
FullTest_2130,"Rank(Ts_Rank(open, 20))",EUR,TOP3000,INDUSTRY,5,1,P1Y,0.08,ON,OFF
FullTest_2131,"Rank(Ts_Rank(open, 20))",EUR,TOP3000,INDUSTRY,5,1,P1Y,0.08,OFF,ON
FullTest_2132,"Rank(Ts_Rank(open, 20))",EUR,TOP3000,INDUSTRY,5,1,P1Y,0.08,OFF,OFF
FullTest_2133,"Rank(Ts_Rank(open, 20))",EUR,TOP3000,INDUSTRY,5,1,P1Y,0.01,ON,ON
FullTest_2134,"Rank(Ts_Rank(open, 20))",EUR,TOP3000,INDUSTRY,5,1,P1Y,0.01,ON,OFF
FullTest_2135,"Rank(Ts_Rank(open, 20))",EUR,TOP3000,INDUSTRY,5,1,P1Y,0.01,OFF,ON
FullTest_2136,"Rank(Ts_Rank(open, 20))",EUR,TOP3000,INDUSTRY,5,1,P1Y,0.01,OFF,OFF
FullTest_2137,"Rank(Ts_Rank(open, 20))",EUR,TOP3000,INDUSTRY,5,1,P2Y,0.08,ON,ON
FullTest_2138,"Rank(Ts_Rank(open, 20))",EUR,TOP3000,INDUSTRY,5,1,P2Y,0.08,ON,OFF
FullTest_2139,"Rank(Ts_Rank(open, 20))",EUR,TOP3000,INDUSTRY,5,1,P2Y,0.08,OFF,ON
FullTest_2140,"Rank(Ts_Rank(open, 20))",EUR,TOP3000,INDUSTRY,5,1,P2Y,0.08,OFF,OFF
FullTest_2141,"Rank(Ts_Rank(open, 20))",EUR,TOP3000,INDUSTRY,5,1,P2Y,0.01,ON,ON
FullTest_2142,"Rank(Ts_Rank(open, 20))",EUR,TOP3000,INDUSTRY,5,1,P2Y,0.01,ON,OFF
FullTest_2143,"Rank(Ts_Rank(open, 20))",EUR,TOP3000,INDUSTRY,5,1,P2Y,0.01,OFF,ON
FullTest_2144,"Rank(Ts_Rank(open, 20))",EUR,TOP3000,INDUSTRY,5,1,P2Y,0.01,OFF,OFF
FullTest_2145,"Rank(Ts_Rank(open, 20))",EUR,TOP3000,MARKET,0,1,P1Y,0.08,ON,ON
FullTest_2146,"Rank(Ts_Rank(open, 20))",EUR,TOP3000,MARKET,0,1,P1Y,0.08,ON,OFF
FullTest_2147,"Rank(Ts_Rank(open, 20))",EUR,TOP3000,MARKET,0,1,P1Y,0.08,OFF,ON
FullTest_2148,"Rank(Ts_Rank(open, 20))",EUR,TOP3000,MARKET,0,1,P1Y,0.08,OFF,OFF
FullTest_2149,"Rank(Ts_Rank(open, 20))",EUR,TOP3000,MARKET,0,1,P1Y,0.01,ON,ON
FullTest_2150,"Rank(Ts_Rank(open, 20))",EUR,TOP3000,MARKET,0,1,P1Y,0.01,ON,OFF
FullTest_2151,"Rank(Ts_Rank(open, 20))",EUR,TOP3000,MARKET,0,1,P1Y,0.01,OFF,ON
FullTest_2152,"Rank(Ts_Rank(open, 20))",EUR,TOP3000,MARKET,0,1,P1Y,0.01,OFF,OFF
FullTest_2153,"Rank(Ts_Rank(open, 20))",EUR,TOP3000,MARKET,0,1,P2Y,0.08,ON,ON
FullTest_2154,"Rank(Ts_Rank(open, 20))",EUR,TOP3000,MARKET,0,1,P2Y,0.08,ON,OFF
FullTest_2155,"Rank(Ts_Rank(open, 20))",EUR,TOP3000,MARKET,0,1,P2Y,0.08,OFF,ON
FullTest_2156,"Rank(Ts_Rank(open, 20))",EUR,TOP3000,MARKET,0,1,P2Y,0.08,OFF,OFF
FullTest_2157,"Rank(Ts_Rank(open, 20))",EUR,TOP3000,MARKET,0,1,P2Y,0.01,ON,ON
FullTest_2158,"Rank(Ts_Rank(open, 20))",EUR,TOP3000,MARKET,0,1,P2Y,0.01,ON,OFF
FullTest_2159,"Rank(Ts_Rank(open, 20))",EUR,TOP3000,MARKET,0,1,P2Y,0.01,OFF,ON
FullTest_2160,"Rank(Ts_Rank(open, 20))",EUR,TOP3000,MARKET,0,1,P2Y,0.01,OFF,OFF
FullTest_2161,"Rank(Ts_Rank(open, 20))",EUR,TOP3000,MARKET,5,1,P1Y,0.08,ON,ON
FullTest_2162,"Rank(Ts_Rank(open, 20))",EUR,TOP3000,MARKET,5,1,P1Y,0.08,ON,OFF
FullTest_2163,"Rank(Ts_Rank(open, 20))",EUR,TOP3000,MARKET,5,1,P1Y,0.08,OFF,ON
FullTest_2164,"Rank(Ts_Rank(open, 20))",EUR,TOP3000,MARKET,5,1,P1Y,0.08,OFF,OFF
FullTest_2165,"Rank(Ts_Rank(open, 20))",EUR,TOP3000,MARKET,5,1,P1Y,0.01,ON,ON
FullTest_2166,"Rank(Ts_Rank(open, 20))",EUR,TOP3000,MARKET,5,1,P1Y,0.01,ON,OFF
FullTest_2167,"Rank(Ts_Rank(open, 20))",EUR,TOP3000,MARKET,5,1,P1Y,0.01,OFF,ON
FullTest_2168,"Rank(Ts_Rank(open, 20))",EUR,TOP3000,MARKET,5,1,P1Y,0.01,OFF,OFF
FullTest_2169,"Rank(Ts_Rank(open, 20))",EUR,TOP3000,MARKET,5,1,P2Y,0.08,ON,ON
FullTest_2170,"Rank(Ts_Rank(open, 20))",EUR,TOP3000,MARKET,5,1,P2Y,0.08,ON,OFF
FullTest_2171,"Rank(Ts_Rank(open, 20))",EUR,TOP3000,MARKET,5,1,P2Y,0.08,OFF,ON
FullTest_2172,"Rank(Ts_Rank(open, 20))",EUR,TOP3000,MARKET,5,1,P2Y,0.08,OFF,OFF
FullTest_2173,"Rank(Ts_Rank(open, 20))",EUR,TOP3000,MARKET,5,1,P2Y,0.01,ON,ON
FullTest_2174,"Rank(Ts_Rank(open, 20))",EUR,TOP3000,MARKET,5,1,P2Y,0.01,ON,OFF
FullTest_2175,"Rank(Ts_Rank(open, 20))",EUR,TOP3000,MARKET,5,1,P2Y,0.01,OFF,ON
FullTest_2176,"Rank(Ts_Rank(open, 20))",EUR,TOP3000,MARKET,5,1,P2Y,0.01,OFF,OFF
FullTest_2177,"Rank(Ts_Rank(open, 20))",EUR,TOP3000,NONE,0,1,P1Y,0.08,ON,ON
FullTest_2178,"Rank(Ts_Rank(open, 20))",EUR,TOP3000,NONE,0,1,P1Y,0.08,ON,OFF
FullTest_2179,"Rank(Ts_Rank(open, 20))",EUR,TOP3000,NONE,0,1,P1Y,0.08,OFF,ON
FullTest_2180,"Rank(Ts_Rank(open, 20))",EUR,TOP3000,NONE,0,1,P1Y,0.08,OFF,OFF
FullTest_2181,"Rank(Ts_Rank(open, 20))",EUR,TOP3000,NONE,0,1,P1Y,0.01,ON,ON
FullTest_2182,"Rank(Ts_Rank(open, 20))",EUR,TOP3000,NONE,0,1,P1Y,0.01,ON,OFF
FullTest_2183,"Rank(Ts_Rank(open, 20))",EUR,TOP3000,NONE,0,1,P1Y,0.01,OFF,ON
FullTest_2184,"Rank(Ts_Rank(open, 20))",EUR,TOP3000,NONE,0,1,P1Y,0.01,OFF,OFF
FullTest_2185,"Rank(Ts_Rank(open, 20))",EUR,TOP3000,NONE,0,1,P2Y,0.08,ON,ON
FullTest_2186,"Rank(Ts_Rank(open, 20))",EUR,TOP3000,NONE,0,1,P2Y,0.08,ON,OFF
FullTest_2187,"Rank(Ts_Rank(open, 20))",EUR,TOP3000,NONE,0,1,P2Y,0.08,OFF,ON
FullTest_2188,"Rank(Ts_Rank(open, 20))",EUR,TOP3000,NONE,0,1,P2Y,0.08,OFF,OFF
FullTest_2189,"Rank(Ts_Rank(open, 20))",EUR,TOP3000,NONE,0,1,P2Y,0.01,ON,ON
FullTest_2190,"Rank(Ts_Rank(open, 20))",EUR,TOP3000,NONE,0,1,P2Y,0.01,ON,OFF
FullTest_2191,"Rank(Ts_Rank(open, 20))",EUR,TOP3000,NONE,0,1,P2Y,0.01,OFF,ON
FullTest_2192,"Rank(Ts_Rank(open, 20))",EUR,TOP3000,NONE,0,1,P2Y,0.01,OFF,OFF
FullTest_2193,"Rank(Ts_Rank(open, 20))",EUR,TOP3000,NONE,5,1,P1Y,0.08,ON,ON
FullTest_2194,"Rank(Ts_Rank(open, 20))",EUR,TOP3000,NONE,5,1,P1Y,0.08,ON,OFF
FullTest_2195,"Rank(Ts_Rank(open, 20))",EUR,TOP3000,NONE,5,1,P1Y,0.08,OFF,ON
FullTest_2196,"Rank(Ts_Rank(open, 20))",EUR,TOP3000,NONE,5,1,P1Y,0.08,OFF,OFF
FullTest_2197,"Rank(Ts_Rank(open, 20))",EUR,TOP3000,NONE,5,1,P1Y,0.01,ON,ON
FullTest_2198,"Rank(Ts_Rank(open, 20))",EUR,TOP3000,NONE,5,1,P1Y,0.01,ON,OFF
FullTest_2199,"Rank(Ts_Rank(open, 20))",EUR,TOP3000,NONE,5,1,P1Y,0.01,OFF,ON
FullTest_2200,"Rank(Ts_Rank(open, 20))",EUR,TOP3000,NONE,5,1,P1Y,0.01,OFF,OFF
FullTest_2201,"Rank(Ts_Rank(open, 20))",EUR,TOP3000,NONE,5,1,P2Y,0.08,ON,ON
FullTest_2202,"Rank(Ts_Rank(open, 20))",EUR,TOP3000,NONE,5,1,P2Y,0.08,ON,OFF
FullTest_2203,"Rank(Ts_Rank(open, 20))",EUR,TOP3000,NONE,5,1,P2Y,0.08,OFF,ON
FullTest_2204,"Rank(Ts_Rank(open, 20))",EUR,TOP3000,NONE,5,1,P2Y,0.08,OFF,OFF
FullTest_2205,"Rank(Ts_Rank(open, 20))",EUR,TOP3000,NONE,5,1,P2Y,0.01,ON,ON
FullTest_2206,"Rank(Ts_Rank(open, 20))",EUR,TOP3000,NONE,5,1,P2Y,0.01,ON,OFF
FullTest_2207,"Rank(Ts_Rank(open, 20))",EUR,TOP3000,NONE,5,1,P2Y,0.01,OFF,ON
FullTest_2208,"Rank(Ts_Rank(open, 20))",EUR,TOP3000,NONE,5,1,P2Y,0.01,OFF,OFF
FullTest_2209,"Rank(Ts_Rank(open, 20))",EUR,MINVOL3M,INDUSTRY,0,1,P1Y,0.08,ON,ON
FullTest_2210,"Rank(Ts_Rank(open, 20))",EUR,MINVOL3M,INDUSTRY,0,1,P1Y,0.08,ON,OFF
FullTest_2211,"Rank(Ts_Rank(open, 20))",EUR,MINVOL3M,INDUSTRY,0,1,P1Y,0.08,OFF,ON
FullTest_2212,"Rank(Ts_Rank(open, 20))",EUR,MINVOL3M,INDUSTRY,0,1,P1Y,0.08,OFF,OFF
FullTest_2213,"Rank(Ts_Rank(open, 20))",EUR,MINVOL3M,INDUSTRY,0,1,P1Y,0.01,ON,ON
FullTest_2214,"Rank(Ts_Rank(open, 20))",EUR,MINVOL3M,INDUSTRY,0,1,P1Y,0.01,ON,OFF
FullTest_2215,"Rank(Ts_Rank(open, 20))",EUR,MINVOL3M,INDUSTRY,0,1,P1Y,0.01,OFF,ON
FullTest_2216,"Rank(Ts_Rank(open, 20))",EUR,MINVOL3M,INDUSTRY,0,1,P1Y,0.01,OFF,OFF
FullTest_2217,"Rank(Ts_Rank(open, 20))",EUR,MINVOL3M,INDUSTRY,0,1,P2Y,0.08,ON,ON
FullTest_2218,"Rank(Ts_Rank(open, 20))",EUR,MINVOL3M,INDUSTRY,0,1,P2Y,0.08,ON,OFF
FullTest_2219,"Rank(Ts_Rank(open, 20))",EUR,MINVOL3M,INDUSTRY,0,1,P2Y,0.08,OFF,ON
FullTest_2220,"Rank(Ts_Rank(open, 20))",EUR,MINVOL3M,INDUSTRY,0,1,P2Y,0.08,OFF,OFF
FullTest_2221,"Rank(Ts_Rank(open, 20))",EUR,MINVOL3M,INDUSTRY,0,1,P2Y,0.01,ON,ON
FullTest_2222,"Rank(Ts_Rank(open, 20))",EUR,MINVOL3M,INDUSTRY,0,1,P2Y,0.01,ON,OFF
FullTest_2223,"Rank(Ts_Rank(open, 20))",EUR,MINVOL3M,INDUSTRY,0,1,P2Y,0.01,OFF,ON
FullTest_2224,"Rank(Ts_Rank(open, 20))",EUR,MINVOL3M,INDUSTRY,0,1,P2Y,0.01,OFF,OFF
FullTest_2225,"Rank(Ts_Rank(open, 20))",EUR,MINVOL3M,INDUSTRY,5,1,P1Y,0.08,ON,ON
FullTest_2226,"Rank(Ts_Rank(open, 20))",EUR,MINVOL3M,INDUSTRY,5,1,P1Y,0.08,ON,OFF
FullTest_2227,"Rank(Ts_Rank(open, 20))",EUR,MINVOL3M,INDUSTRY,5,1,P1Y,0.08,OFF,ON
FullTest_2228,"Rank(Ts_Rank(open, 20))",EUR,MINVOL3M,INDUSTRY,5,1,P1Y,0.08,OFF,OFF
FullTest_2229,"Rank(Ts_Rank(open, 20))",EUR,MINVOL3M,INDUSTRY,5,1,P1Y,0.01,ON,ON
FullTest_2230,"Rank(Ts_Rank(open, 20))",EUR,MINVOL3M,INDUSTRY,5,1,P1Y,0.01,ON,OFF
FullTest_2231,"Rank(Ts_Rank(open, 20))",EUR,MINVOL3M,INDUSTRY,5,1,P1Y,0.01,OFF,ON
FullTest_2232,"Rank(Ts_Rank(open, 20))",EUR,MINVOL3M,INDUSTRY,5,1,P1Y,0.01,OFF,OFF
FullTest_2233,"Rank(Ts_Rank(open, 20))",EUR,MINVOL3M,INDUSTRY,5,1,P2Y,0.08,ON,ON
FullTest_2234,"Rank(Ts_Rank(open, 20))",EUR,MINVOL3M,INDUSTRY,5,1,P2Y,0.08,ON,OFF
FullTest_2235,"Rank(Ts_Rank(open, 20))",EUR,MINVOL3M,INDUSTRY,5,1,P2Y,0.08,OFF,ON
FullTest_2236,"Rank(Ts_Rank(open, 20))",EUR,MINVOL3M,INDUSTRY,5,1,P2Y,0.08,OFF,OFF
FullTest_2237,"Rank(Ts_Rank(open, 20))",EUR,MINVOL3M,INDUSTRY,5,1,P2Y,0.01,ON,ON
FullTest_2238,"Rank(Ts_Rank(open, 20))",EUR,MINVOL3M,INDUSTRY,5,1,P2Y,0.01,ON,OFF
FullTest_2239,"Rank(Ts_Rank(open, 20))",EUR,MINVOL3M,INDUSTRY,5,1,P2Y,0.01,OFF,ON
FullTest_2240,"Rank(Ts_Rank(open, 20))",EUR,MINVOL3M,INDUSTRY,5,1,P2Y,0.01,OFF,OFF
FullTest_2241,"Rank(Ts_Rank(open, 20))",EUR,MINVOL3M,MARKET,0,1,P1Y,0.08,ON,ON
FullTest_2242,"Rank(Ts_Rank(open, 20))",EUR,MINVOL3M,MARKET,0,1,P1Y,0.08,ON,OFF
FullTest_2243,"Rank(Ts_Rank(open, 20))",EUR,MINVOL3M,MARKET,0,1,P1Y,0.08,OFF,ON
FullTest_2244,"Rank(Ts_Rank(open, 20))",EUR,MINVOL3M,MARKET,0,1,P1Y,0.08,OFF,OFF
FullTest_2245,"Rank(Ts_Rank(open, 20))",EUR,MINVOL3M,MARKET,0,1,P1Y,0.01,ON,ON
FullTest_2246,"Rank(Ts_Rank(open, 20))",EUR,MINVOL3M,MARKET,0,1,P1Y,0.01,ON,OFF
FullTest_2247,"Rank(Ts_Rank(open, 20))",EUR,MINVOL3M,MARKET,0,1,P1Y,0.01,OFF,ON
FullTest_2248,"Rank(Ts_Rank(open, 20))",EUR,MINVOL3M,MARKET,0,1,P1Y,0.01,OFF,OFF
FullTest_2249,"Rank(Ts_Rank(open, 20))",EUR,MINVOL3M,MARKET,0,1,P2Y,0.08,ON,ON
FullTest_2250,"Rank(Ts_Rank(open, 20))",EUR,MINVOL3M,MARKET,0,1,P2Y,0.08,ON,OFF
FullTest_2251,"Rank(Ts_Rank(open, 20))",EUR,MINVOL3M,MARKET,0,1,P2Y,0.08,OFF,ON
FullTest_2252,"Rank(Ts_Rank(open, 20))",EUR,MINVOL3M,MARKET,0,1,P2Y,0.08,OFF,OFF
FullTest_2253,"Rank(Ts_Rank(open, 20))",EUR,MINVOL3M,MARKET,0,1,P2Y,0.01,ON,ON
FullTest_2254,"Rank(Ts_Rank(open, 20))",EUR,MINVOL3M,MARKET,0,1,P2Y,0.01,ON,OFF
FullTest_2255,"Rank(Ts_Rank(open, 20))",EUR,MINVOL3M,MARKET,0,1,P2Y,0.01,OFF,ON
FullTest_2256,"Rank(Ts_Rank(open, 20))",EUR,MINVOL3M,MARKET,0,1,P2Y,0.01,OFF,OFF
FullTest_2257,"Rank(Ts_Rank(open, 20))",EUR,MINVOL3M,MARKET,5,1,P1Y,0.08,ON,ON
FullTest_2258,"Rank(Ts_Rank(open, 20))",EUR,MINVOL3M,MARKET,5,1,P1Y,0.08,ON,OFF
FullTest_2259,"Rank(Ts_Rank(open, 20))",EUR,MINVOL3M,MARKET,5,1,P1Y,0.08,OFF,ON
FullTest_2260,"Rank(Ts_Rank(open, 20))",EUR,MINVOL3M,MARKET,5,1,P1Y,0.08,OFF,OFF
FullTest_2261,"Rank(Ts_Rank(open, 20))",EUR,MINVOL3M,MARKET,5,1,P1Y,0.01,ON,ON
FullTest_2262,"Rank(Ts_Rank(open, 20))",EUR,MINVOL3M,MARKET,5,1,P1Y,0.01,ON,OFF
FullTest_2263,"Rank(Ts_Rank(open, 20))",EUR,MINVOL3M,MARKET,5,1,P1Y,0.01,OFF,ON
FullTest_2264,"Rank(Ts_Rank(open, 20))",EUR,MINVOL3M,MARKET,5,1,P1Y,0.01,OFF,OFF
FullTest_2265,"Rank(Ts_Rank(open, 20))",EUR,MINVOL3M,MARKET,5,1,P2Y,0.08,ON,ON
FullTest_2266,"Rank(Ts_Rank(open, 20))",EUR,MINVOL3M,MARKET,5,1,P2Y,0.08,ON,OFF
FullTest_2267,"Rank(Ts_Rank(open, 20))",EUR,MINVOL3M,MARKET,5,1,P2Y,0.08,OFF,ON
FullTest_2268,"Rank(Ts_Rank(open, 20))",EUR,MINVOL3M,MARKET,5,1,P2Y,0.08,OFF,OFF
FullTest_2269,"Rank(Ts_Rank(open, 20))",EUR,MINVOL3M,MARKET,5,1,P2Y,0.01,ON,ON
FullTest_2270,"Rank(Ts_Rank(open, 20))",EUR,MINVOL3M,MARKET,5,1,P2Y,0.01,ON,OFF
FullTest_2271,"Rank(Ts_Rank(open, 20))",EUR,MINVOL3M,MARKET,5,1,P2Y,0.01,OFF,ON
FullTest_2272,"Rank(Ts_Rank(open, 20))",EUR,MINVOL3M,MARKET,5,1,P2Y,0.01,OFF,OFF
FullTest_2273,"Rank(Ts_Rank(open, 20))",EUR,MINVOL3M,NONE,0,1,P1Y,0.08,ON,ON
FullTest_2274,"Rank(Ts_Rank(open, 20))",EUR,MINVOL3M,NONE,0,1,P1Y,0.08,ON,OFF
FullTest_2275,"Rank(Ts_Rank(open, 20))",EUR,MINVOL3M,NONE,0,1,P1Y,0.08,OFF,ON
FullTest_2276,"Rank(Ts_Rank(open, 20))",EUR,MINVOL3M,NONE,0,1,P1Y,0.08,OFF,OFF
FullTest_2277,"Rank(Ts_Rank(open, 20))",EUR,MINVOL3M,NONE,0,1,P1Y,0.01,ON,ON
FullTest_2278,"Rank(Ts_Rank(open, 20))",EUR,MINVOL3M,NONE,0,1,P1Y,0.01,ON,OFF
FullTest_2279,"Rank(Ts_Rank(open, 20))",EUR,MINVOL3M,NONE,0,1,P1Y,0.01,OFF,ON
FullTest_2280,"Rank(Ts_Rank(open, 20))",EUR,MINVOL3M,NONE,0,1,P1Y,0.01,OFF,OFF
FullTest_2281,"Rank(Ts_Rank(open, 20))",EUR,MINVOL3M,NONE,0,1,P2Y,0.08,ON,ON
FullTest_2282,"Rank(Ts_Rank(open, 20))",EUR,MINVOL3M,NONE,0,1,P2Y,0.08,ON,OFF
FullTest_2283,"Rank(Ts_Rank(open, 20))",EUR,MINVOL3M,NONE,0,1,P2Y,0.08,OFF,ON
FullTest_2284,"Rank(Ts_Rank(open, 20))",EUR,MINVOL3M,NONE,0,1,P2Y,0.08,OFF,OFF
FullTest_2285,"Rank(Ts_Rank(open, 20))",EUR,MINVOL3M,NONE,0,1,P2Y,0.01,ON,ON
FullTest_2286,"Rank(Ts_Rank(open, 20))",EUR,MINVOL3M,NONE,0,1,P2Y,0.01,ON,OFF
FullTest_2287,"Rank(Ts_Rank(open, 20))",EUR,MINVOL3M,NONE,0,1,P2Y,0.01,OFF,ON
FullTest_2288,"Rank(Ts_Rank(open, 20))",EUR,MINVOL3M,NONE,0,1,P2Y,0.01,OFF,OFF
FullTest_2289,"Rank(Ts_Rank(open, 20))",EUR,MINVOL3M,NONE,5,1,P1Y,0.08,ON,ON
FullTest_2290,"Rank(Ts_Rank(open, 20))",EUR,MINVOL3M,NONE,5,1,P1Y,0.08,ON,OFF
FullTest_2291,"Rank(Ts_Rank(open, 20))",EUR,MINVOL3M,NONE,5,1,P1Y,0.08,OFF,ON
FullTest_2292,"Rank(Ts_Rank(open, 20))",EUR,MINVOL3M,NONE,5,1,P1Y,0.08,OFF,OFF
FullTest_2293,"Rank(Ts_Rank(open, 20))",EUR,MINVOL3M,NONE,5,1,P1Y,0.01,ON,ON
FullTest_2294,"Rank(Ts_Rank(open, 20))",EUR,MINVOL3M,NONE,5,1,P1Y,0.01,ON,OFF
FullTest_2295,"Rank(Ts_Rank(open, 20))",EUR,MINVOL3M,NONE,5,1,P1Y,0.01,OFF,ON
FullTest_2296,"Rank(Ts_Rank(open, 20))",EUR,MINVOL3M,NONE,5,1,P1Y,0.01,OFF,OFF
FullTest_2297,"Rank(Ts_Rank(open, 20))",EUR,MINVOL3M,NONE,5,1,P2Y,0.08,ON,ON
FullTest_2298,"Rank(Ts_Rank(open, 20))",EUR,MINVOL3M,NONE,5,1,P2Y,0.08,ON,OFF
FullTest_2299,"Rank(Ts_Rank(open, 20))",EUR,MINVOL3M,NONE,5,1,P2Y,0.08,OFF,ON
FullTest_2300,"Rank(Ts_Rank(open, 20))",EUR,MINVOL3M,NONE,5,1,P2Y,0.08,OFF,OFF
FullTest_2301,"Rank(Ts_Rank(open, 20))",EUR,MINVOL3M,NONE,5,1,P2Y,0.01,ON,ON
FullTest_2302,"Rank(Ts_Rank(open, 20))",EUR,MINVOL3M,NONE,5,1,P2Y,0.01,ON,OFF
FullTest_2303,"Rank(Ts_Rank(open, 20))",EUR,MINVOL3M,NONE,5,1,P2Y,0.01,OFF,ON
FullTest_2304,"Rank(Ts_Rank(open, 20))",EUR,MINVOL3M,NONE,5,1,P2Y,0.01,OFF,OFF
FullTest_2305,"Rank(Ts_Rank(volume, 10))",USA,TOP3000,INDUSTRY,0,1,P1Y,0.08,ON,ON
FullTest_2306,"Rank(Ts_Rank(volume, 10))",USA,TOP3000,INDUSTRY,0,1,P1Y,0.08,ON,OFF
FullTest_2307,"Rank(Ts_Rank(volume, 10))",USA,TOP3000,INDUSTRY,0,1,P1Y,0.08,OFF,ON
FullTest_2308,"Rank(Ts_Rank(volume, 10))",USA,TOP3000,INDUSTRY,0,1,P1Y,0.08,OFF,OFF
FullTest_2309,"Rank(Ts_Rank(volume, 10))",USA,TOP3000,INDUSTRY,0,1,P1Y,0.01,ON,ON
FullTest_2310,"Rank(Ts_Rank(volume, 10))",USA,TOP3000,INDUSTRY,0,1,P1Y,0.01,ON,OFF
FullTest_2311,"Rank(Ts_Rank(volume, 10))",USA,TOP3000,INDUSTRY,0,1,P1Y,0.01,OFF,ON
FullTest_2312,"Rank(Ts_Rank(volume, 10))",USA,TOP3000,INDUSTRY,0,1,P1Y,0.01,OFF,OFF
FullTest_2313,"Rank(Ts_Rank(volume, 10))",USA,TOP3000,INDUSTRY,0,1,P2Y,0.08,ON,ON
FullTest_2314,"Rank(Ts_Rank(volume, 10))",USA,TOP3000,INDUSTRY,0,1,P2Y,0.08,ON,OFF
FullTest_2315,"Rank(Ts_Rank(volume, 10))",USA,TOP3000,INDUSTRY,0,1,P2Y,0.08,OFF,ON
FullTest_2316,"Rank(Ts_Rank(volume, 10))",USA,TOP3000,INDUSTRY,0,1,P2Y,0.08,OFF,OFF
FullTest_2317,"Rank(Ts_Rank(volume, 10))",USA,TOP3000,INDUSTRY,0,1,P2Y,0.01,ON,ON
FullTest_2318,"Rank(Ts_Rank(volume, 10))",USA,TOP3000,INDUSTRY,0,1,P2Y,0.01,ON,OFF
FullTest_2319,"Rank(Ts_Rank(volume, 10))",USA,TOP3000,INDUSTRY,0,1,P2Y,0.01,OFF,ON
FullTest_2320,"Rank(Ts_Rank(volume, 10))",USA,TOP3000,INDUSTRY,0,1,P2Y,0.01,OFF,OFF
FullTest_2321,"Rank(Ts_Rank(volume, 10))",USA,TOP3000,INDUSTRY,5,1,P1Y,0.08,ON,ON
FullTest_2322,"Rank(Ts_Rank(volume, 10))",USA,TOP3000,INDUSTRY,5,1,P1Y,0.08,ON,OFF
FullTest_2323,"Rank(Ts_Rank(volume, 10))",USA,TOP3000,INDUSTRY,5,1,P1Y,0.08,OFF,ON
FullTest_2324,"Rank(Ts_Rank(volume, 10))",USA,TOP3000,INDUSTRY,5,1,P1Y,0.08,OFF,OFF
FullTest_2325,"Rank(Ts_Rank(volume, 10))",USA,TOP3000,INDUSTRY,5,1,P1Y,0.01,ON,ON
FullTest_2326,"Rank(Ts_Rank(volume, 10))",USA,TOP3000,INDUSTRY,5,1,P1Y,0.01,ON,OFF
FullTest_2327,"Rank(Ts_Rank(volume, 10))",USA,TOP3000,INDUSTRY,5,1,P1Y,0.01,OFF,ON
FullTest_2328,"Rank(Ts_Rank(volume, 10))",USA,TOP3000,INDUSTRY,5,1,P1Y,0.01,OFF,OFF
FullTest_2329,"Rank(Ts_Rank(volume, 10))",USA,TOP3000,INDUSTRY,5,1,P2Y,0.08,ON,ON
FullTest_2330,"Rank(Ts_Rank(volume, 10))",USA,TOP3000,INDUSTRY,5,1,P2Y,0.08,ON,OFF
FullTest_2331,"Rank(Ts_Rank(volume, 10))",USA,TOP3000,INDUSTRY,5,1,P2Y,0.08,OFF,ON
FullTest_2332,"Rank(Ts_Rank(volume, 10))",USA,TOP3000,INDUSTRY,5,1,P2Y,0.08,OFF,OFF
FullTest_2333,"Rank(Ts_Rank(volume, 10))",USA,TOP3000,INDUSTRY,5,1,P2Y,0.01,ON,ON
FullTest_2334,"Rank(Ts_Rank(volume, 10))",USA,TOP3000,INDUSTRY,5,1,P2Y,0.01,ON,OFF
FullTest_2335,"Rank(Ts_Rank(volume, 10))",USA,TOP3000,INDUSTRY,5,1,P2Y,0.01,OFF,ON
FullTest_2336,"Rank(Ts_Rank(volume, 10))",USA,TOP3000,INDUSTRY,5,1,P2Y,0.01,OFF,OFF
FullTest_2337,"Rank(Ts_Rank(volume, 10))",USA,TOP3000,MARKET,0,1,P1Y,0.08,ON,ON
FullTest_2338,"Rank(Ts_Rank(volume, 10))",USA,TOP3000,MARKET,0,1,P1Y,0.08,ON,OFF
FullTest_2339,"Rank(Ts_Rank(volume, 10))",USA,TOP3000,MARKET,0,1,P1Y,0.08,OFF,ON
FullTest_2340,"Rank(Ts_Rank(volume, 10))",USA,TOP3000,MARKET,0,1,P1Y,0.08,OFF,OFF
FullTest_2341,"Rank(Ts_Rank(volume, 10))",USA,TOP3000,MARKET,0,1,P1Y,0.01,ON,ON
FullTest_2342,"Rank(Ts_Rank(volume, 10))",USA,TOP3000,MARKET,0,1,P1Y,0.01,ON,OFF
FullTest_2343,"Rank(Ts_Rank(volume, 10))",USA,TOP3000,MARKET,0,1,P1Y,0.01,OFF,ON
FullTest_2344,"Rank(Ts_Rank(volume, 10))",USA,TOP3000,MARKET,0,1,P1Y,0.01,OFF,OFF
FullTest_2345,"Rank(Ts_Rank(volume, 10))",USA,TOP3000,MARKET,0,1,P2Y,0.08,ON,ON
FullTest_2346,"Rank(Ts_Rank(volume, 10))",USA,TOP3000,MARKET,0,1,P2Y,0.08,ON,OFF
FullTest_2347,"Rank(Ts_Rank(volume, 10))",USA,TOP3000,MARKET,0,1,P2Y,0.08,OFF,ON
FullTest_2348,"Rank(Ts_Rank(volume, 10))",USA,TOP3000,MARKET,0,1,P2Y,0.08,OFF,OFF
FullTest_2349,"Rank(Ts_Rank(volume, 10))",USA,TOP3000,MARKET,0,1,P2Y,0.01,ON,ON
FullTest_2350,"Rank(Ts_Rank(volume, 10))",USA,TOP3000,MARKET,0,1,P2Y,0.01,ON,OFF
FullTest_2351,"Rank(Ts_Rank(volume, 10))",USA,TOP3000,MARKET,0,1,P2Y,0.01,OFF,ON
FullTest_2352,"Rank(Ts_Rank(volume, 10))",USA,TOP3000,MARKET,0,1,P2Y,0.01,OFF,OFF
FullTest_2353,"Rank(Ts_Rank(volume, 10))",USA,TOP3000,MARKET,5,1,P1Y,0.08,ON,ON
FullTest_2354,"Rank(Ts_Rank(volume, 10))",USA,TOP3000,MARKET,5,1,P1Y,0.08,ON,OFF
FullTest_2355,"Rank(Ts_Rank(volume, 10))",USA,TOP3000,MARKET,5,1,P1Y,0.08,OFF,ON
FullTest_2356,"Rank(Ts_Rank(volume, 10))",USA,TOP3000,MARKET,5,1,P1Y,0.08,OFF,OFF
FullTest_2357,"Rank(Ts_Rank(volume, 10))",USA,TOP3000,MARKET,5,1,P1Y,0.01,ON,ON
FullTest_2358,"Rank(Ts_Rank(volume, 10))",USA,TOP3000,MARKET,5,1,P1Y,0.01,ON,OFF
FullTest_2359,"Rank(Ts_Rank(volume, 10))",USA,TOP3000,MARKET,5,1,P1Y,0.01,OFF,ON
FullTest_2360,"Rank(Ts_Rank(volume, 10))",USA,TOP3000,MARKET,5,1,P1Y,0.01,OFF,OFF
FullTest_2361,"Rank(Ts_Rank(volume, 10))",USA,TOP3000,MARKET,5,1,P2Y,0.08,ON,ON
FullTest_2362,"Rank(Ts_Rank(volume, 10))",USA,TOP3000,MARKET,5,1,P2Y,0.08,ON,OFF
FullTest_2363,"Rank(Ts_Rank(volume, 10))",USA,TOP3000,MARKET,5,1,P2Y,0.08,OFF,ON
FullTest_2364,"Rank(Ts_Rank(volume, 10))",USA,TOP3000,MARKET,5,1,P2Y,0.08,OFF,OFF
FullTest_2365,"Rank(Ts_Rank(volume, 10))",USA,TOP3000,MARKET,5,1,P2Y,0.01,ON,ON
FullTest_2366,"Rank(Ts_Rank(volume, 10))",USA,TOP3000,MARKET,5,1,P2Y,0.01,ON,OFF
FullTest_2367,"Rank(Ts_Rank(volume, 10))",USA,TOP3000,MARKET,5,1,P2Y,0.01,OFF,ON
FullTest_2368,"Rank(Ts_Rank(volume, 10))",USA,TOP3000,MARKET,5,1,P2Y,0.01,OFF,OFF
FullTest_2369,"Rank(Ts_Rank(volume, 10))",USA,TOP3000,NONE,0,1,P1Y,0.08,ON,ON
FullTest_2370,"Rank(Ts_Rank(volume, 10))",USA,TOP3000,NONE,0,1,P1Y,0.08,ON,OFF
FullTest_2371,"Rank(Ts_Rank(volume, 10))",USA,TOP3000,NONE,0,1,P1Y,0.08,OFF,ON
FullTest_2372,"Rank(Ts_Rank(volume, 10))",USA,TOP3000,NONE,0,1,P1Y,0.08,OFF,OFF
FullTest_2373,"Rank(Ts_Rank(volume, 10))",USA,TOP3000,NONE,0,1,P1Y,0.01,ON,ON
FullTest_2374,"Rank(Ts_Rank(volume, 10))",USA,TOP3000,NONE,0,1,P1Y,0.01,ON,OFF
FullTest_2375,"Rank(Ts_Rank(volume, 10))",USA,TOP3000,NONE,0,1,P1Y,0.01,OFF,ON
FullTest_2376,"Rank(Ts_Rank(volume, 10))",USA,TOP3000,NONE,0,1,P1Y,0.01,OFF,OFF
FullTest_2377,"Rank(Ts_Rank(volume, 10))",USA,TOP3000,NONE,0,1,P2Y,0.08,ON,ON
FullTest_2378,"Rank(Ts_Rank(volume, 10))",USA,TOP3000,NONE,0,1,P2Y,0.08,ON,OFF
FullTest_2379,"Rank(Ts_Rank(volume, 10))",USA,TOP3000,NONE,0,1,P2Y,0.08,OFF,ON
FullTest_2380,"Rank(Ts_Rank(volume, 10))",USA,TOP3000,NONE,0,1,P2Y,0.08,OFF,OFF
FullTest_2381,"Rank(Ts_Rank(volume, 10))",USA,TOP3000,NONE,0,1,P2Y,0.01,ON,ON
FullTest_2382,"Rank(Ts_Rank(volume, 10))",USA,TOP3000,NONE,0,1,P2Y,0.01,ON,OFF
FullTest_2383,"Rank(Ts_Rank(volume, 10))",USA,TOP3000,NONE,0,1,P2Y,0.01,OFF,ON
FullTest_2384,"Rank(Ts_Rank(volume, 10))",USA,TOP3000,NONE,0,1,P2Y,0.01,OFF,OFF
FullTest_2385,"Rank(Ts_Rank(volume, 10))",USA,TOP3000,NONE,5,1,P1Y,0.08,ON,ON
FullTest_2386,"Rank(Ts_Rank(volume, 10))",USA,TOP3000,NONE,5,1,P1Y,0.08,ON,OFF
FullTest_2387,"Rank(Ts_Rank(volume, 10))",USA,TOP3000,NONE,5,1,P1Y,0.08,OFF,ON
FullTest_2388,"Rank(Ts_Rank(volume, 10))",USA,TOP3000,NONE,5,1,P1Y,0.08,OFF,OFF
FullTest_2389,"Rank(Ts_Rank(volume, 10))",USA,TOP3000,NONE,5,1,P1Y,0.01,ON,ON
FullTest_2390,"Rank(Ts_Rank(volume, 10))",USA,TOP3000,NONE,5,1,P1Y,0.01,ON,OFF
FullTest_2391,"Rank(Ts_Rank(volume, 10))",USA,TOP3000,NONE,5,1,P1Y,0.01,OFF,ON
FullTest_2392,"Rank(Ts_Rank(volume, 10))",USA,TOP3000,NONE,5,1,P1Y,0.01,OFF,OFF
FullTest_2393,"Rank(Ts_Rank(volume, 10))",USA,TOP3000,NONE,5,1,P2Y,0.08,ON,ON
FullTest_2394,"Rank(Ts_Rank(volume, 10))",USA,TOP3000,NONE,5,1,P2Y,0.08,ON,OFF
FullTest_2395,"Rank(Ts_Rank(volume, 10))",USA,TOP3000,NONE,5,1,P2Y,0.08,OFF,ON
FullTest_2396,"Rank(Ts_Rank(volume, 10))",USA,TOP3000,NONE,5,1,P2Y,0.08,OFF,OFF
FullTest_2397,"Rank(Ts_Rank(volume, 10))",USA,TOP3000,NONE,5,1,P2Y,0.01,ON,ON
FullTest_2398,"Rank(Ts_Rank(volume, 10))",USA,TOP3000,NONE,5,1,P2Y,0.01,ON,OFF
FullTest_2399,"Rank(Ts_Rank(volume, 10))",USA,TOP3000,NONE,5,1,P2Y,0.01,OFF,ON
FullTest_2400,"Rank(Ts_Rank(volume, 10))",USA,TOP3000,NONE,5,1,P2Y,0.01,OFF,OFF
FullTest_2401,"Rank(Ts_Rank(volume, 10))",USA,MINVOL3M,INDUSTRY,0,1,P1Y,0.08,ON,ON
FullTest_2402,"Rank(Ts_Rank(volume, 10))",USA,MINVOL3M,INDUSTRY,0,1,P1Y,0.08,ON,OFF
FullTest_2403,"Rank(Ts_Rank(volume, 10))",USA,MINVOL3M,INDUSTRY,0,1,P1Y,0.08,OFF,ON
FullTest_2404,"Rank(Ts_Rank(volume, 10))",USA,MINVOL3M,INDUSTRY,0,1,P1Y,0.08,OFF,OFF
FullTest_2405,"Rank(Ts_Rank(volume, 10))",USA,MINVOL3M,INDUSTRY,0,1,P1Y,0.01,ON,ON
FullTest_2406,"Rank(Ts_Rank(volume, 10))",USA,MINVOL3M,INDUSTRY,0,1,P1Y,0.01,ON,OFF
FullTest_2407,"Rank(Ts_Rank(volume, 10))",USA,MINVOL3M,INDUSTRY,0,1,P1Y,0.01,OFF,ON
FullTest_2408,"Rank(Ts_Rank(volume, 10))",USA,MINVOL3M,INDUSTRY,0,1,P1Y,0.01,OFF,OFF
FullTest_2409,"Rank(Ts_Rank(volume, 10))",USA,MINVOL3M,INDUSTRY,0,1,P2Y,0.08,ON,ON
FullTest_2410,"Rank(Ts_Rank(volume, 10))",USA,MINVOL3M,INDUSTRY,0,1,P2Y,0.08,ON,OFF
FullTest_2411,"Rank(Ts_Rank(volume, 10))",USA,MINVOL3M,INDUSTRY,0,1,P2Y,0.08,OFF,ON
FullTest_2412,"Rank(Ts_Rank(volume, 10))",USA,MINVOL3M,INDUSTRY,0,1,P2Y,0.08,OFF,OFF
FullTest_2413,"Rank(Ts_Rank(volume, 10))",USA,MINVOL3M,INDUSTRY,0,1,P2Y,0.01,ON,ON
FullTest_2414,"Rank(Ts_Rank(volume, 10))",USA,MINVOL3M,INDUSTRY,0,1,P2Y,0.01,ON,OFF
FullTest_2415,"Rank(Ts_Rank(volume, 10))",USA,MINVOL3M,INDUSTRY,0,1,P2Y,0.01,OFF,ON
FullTest_2416,"Rank(Ts_Rank(volume, 10))",USA,MINVOL3M,INDUSTRY,0,1,P2Y,0.01,OFF,OFF
FullTest_2417,"Rank(Ts_Rank(volume, 10))",USA,MINVOL3M,INDUSTRY,5,1,P1Y,0.08,ON,ON
FullTest_2418,"Rank(Ts_Rank(volume, 10))",USA,MINVOL3M,INDUSTRY,5,1,P1Y,0.08,ON,OFF
FullTest_2419,"Rank(Ts_Rank(volume, 10))",USA,MINVOL3M,INDUSTRY,5,1,P1Y,0.08,OFF,ON
FullTest_2420,"Rank(Ts_Rank(volume, 10))",USA,MINVOL3M,INDUSTRY,5,1,P1Y,0.08,OFF,OFF
FullTest_2421,"Rank(Ts_Rank(volume, 10))",USA,MINVOL3M,INDUSTRY,5,1,P1Y,0.01,ON,ON
FullTest_2422,"Rank(Ts_Rank(volume, 10))",USA,MINVOL3M,INDUSTRY,5,1,P1Y,0.01,ON,OFF
FullTest_2423,"Rank(Ts_Rank(volume, 10))",USA,MINVOL3M,INDUSTRY,5,1,P1Y,0.01,OFF,ON
FullTest_2424,"Rank(Ts_Rank(volume, 10))",USA,MINVOL3M,INDUSTRY,5,1,P1Y,0.01,OFF,OFF
FullTest_2425,"Rank(Ts_Rank(volume, 10))",USA,MINVOL3M,INDUSTRY,5,1,P2Y,0.08,ON,ON
FullTest_2426,"Rank(Ts_Rank(volume, 10))",USA,MINVOL3M,INDUSTRY,5,1,P2Y,0.08,ON,OFF
FullTest_2427,"Rank(Ts_Rank(volume, 10))",USA,MINVOL3M,INDUSTRY,5,1,P2Y,0.08,OFF,ON
FullTest_2428,"Rank(Ts_Rank(volume, 10))",USA,MINVOL3M,INDUSTRY,5,1,P2Y,0.08,OFF,OFF
FullTest_2429,"Rank(Ts_Rank(volume, 10))",USA,MINVOL3M,INDUSTRY,5,1,P2Y,0.01,ON,ON
FullTest_2430,"Rank(Ts_Rank(volume, 10))",USA,MINVOL3M,INDUSTRY,5,1,P2Y,0.01,ON,OFF
FullTest_2431,"Rank(Ts_Rank(volume, 10))",USA,MINVOL3M,INDUSTRY,5,1,P2Y,0.01,OFF,ON
FullTest_2432,"Rank(Ts_Rank(volume, 10))",USA,MINVOL3M,INDUSTRY,5,1,P2Y,0.01,OFF,OFF
FullTest_2433,"Rank(Ts_Rank(volume, 10))",USA,MINVOL3M,MARKET,0,1,P1Y,0.08,ON,ON
FullTest_2434,"Rank(Ts_Rank(volume, 10))",USA,MINVOL3M,MARKET,0,1,P1Y,0.08,ON,OFF
FullTest_2435,"Rank(Ts_Rank(volume, 10))",USA,MINVOL3M,MARKET,0,1,P1Y,0.08,OFF,ON
FullTest_2436,"Rank(Ts_Rank(volume, 10))",USA,MINVOL3M,MARKET,0,1,P1Y,0.08,OFF,OFF
FullTest_2437,"Rank(Ts_Rank(volume, 10))",USA,MINVOL3M,MARKET,0,1,P1Y,0.01,ON,ON
FullTest_2438,"Rank(Ts_Rank(volume, 10))",USA,MINVOL3M,MARKET,0,1,P1Y,0.01,ON,OFF
FullTest_2439,"Rank(Ts_Rank(volume, 10))",USA,MINVOL3M,MARKET,0,1,P1Y,0.01,OFF,ON
FullTest_2440,"Rank(Ts_Rank(volume, 10))",USA,MINVOL3M,MARKET,0,1,P1Y,0.01,OFF,OFF
FullTest_2441,"Rank(Ts_Rank(volume, 10))",USA,MINVOL3M,MARKET,0,1,P2Y,0.08,ON,ON
FullTest_2442,"Rank(Ts_Rank(volume, 10))",USA,MINVOL3M,MARKET,0,1,P2Y,0.08,ON,OFF
FullTest_2443,"Rank(Ts_Rank(volume, 10))",USA,MINVOL3M,MARKET,0,1,P2Y,0.08,OFF,ON
FullTest_2444,"Rank(Ts_Rank(volume, 10))",USA,MINVOL3M,MARKET,0,1,P2Y,0.08,OFF,OFF
FullTest_2445,"Rank(Ts_Rank(volume, 10))",USA,MINVOL3M,MARKET,0,1,P2Y,0.01,ON,ON
FullTest_2446,"Rank(Ts_Rank(volume, 10))",USA,MINVOL3M,MARKET,0,1,P2Y,0.01,ON,OFF
FullTest_2447,"Rank(Ts_Rank(volume, 10))",USA,MINVOL3M,MARKET,0,1,P2Y,0.01,OFF,ON
FullTest_2448,"Rank(Ts_Rank(volume, 10))",USA,MINVOL3M,MARKET,0,1,P2Y,0.01,OFF,OFF
FullTest_2449,"Rank(Ts_Rank(volume, 10))",USA,MINVOL3M,MARKET,5,1,P1Y,0.08,ON,ON
FullTest_2450,"Rank(Ts_Rank(volume, 10))",USA,MINVOL3M,MARKET,5,1,P1Y,0.08,ON,OFF
FullTest_2451,"Rank(Ts_Rank(volume, 10))",USA,MINVOL3M,MARKET,5,1,P1Y,0.08,OFF,ON
FullTest_2452,"Rank(Ts_Rank(volume, 10))",USA,MINVOL3M,MARKET,5,1,P1Y,0.08,OFF,OFF
FullTest_2453,"Rank(Ts_Rank(volume, 10))",USA,MINVOL3M,MARKET,5,1,P1Y,0.01,ON,ON
FullTest_2454,"Rank(Ts_Rank(volume, 10))",USA,MINVOL3M,MARKET,5,1,P1Y,0.01,ON,OFF
FullTest_2455,"Rank(Ts_Rank(volume, 10))",USA,MINVOL3M,MARKET,5,1,P1Y,0.01,OFF,ON
FullTest_2456,"Rank(Ts_Rank(volume, 10))",USA,MINVOL3M,MARKET,5,1,P1Y,0.01,OFF,OFF
FullTest_2457,"Rank(Ts_Rank(volume, 10))",USA,MINVOL3M,MARKET,5,1,P2Y,0.08,ON,ON
FullTest_2458,"Rank(Ts_Rank(volume, 10))",USA,MINVOL3M,MARKET,5,1,P2Y,0.08,ON,OFF
FullTest_2459,"Rank(Ts_Rank(volume, 10))",USA,MINVOL3M,MARKET,5,1,P2Y,0.08,OFF,ON
FullTest_2460,"Rank(Ts_Rank(volume, 10))",USA,MINVOL3M,MARKET,5,1,P2Y,0.08,OFF,OFF
FullTest_2461,"Rank(Ts_Rank(volume, 10))",USA,MINVOL3M,MARKET,5,1,P2Y,0.01,ON,ON
FullTest_2462,"Rank(Ts_Rank(volume, 10))",USA,MINVOL3M,MARKET,5,1,P2Y,0.01,ON,OFF
FullTest_2463,"Rank(Ts_Rank(volume, 10))",USA,MINVOL3M,MARKET,5,1,P2Y,0.01,OFF,ON
FullTest_2464,"Rank(Ts_Rank(volume, 10))",USA,MINVOL3M,MARKET,5,1,P2Y,0.01,OFF,OFF
FullTest_2465,"Rank(Ts_Rank(volume, 10))",USA,MINVOL3M,NONE,0,1,P1Y,0.08,ON,ON
FullTest_2466,"Rank(Ts_Rank(volume, 10))",USA,MINVOL3M,NONE,0,1,P1Y,0.08,ON,OFF
FullTest_2467,"Rank(Ts_Rank(volume, 10))",USA,MINVOL3M,NONE,0,1,P1Y,0.08,OFF,ON
FullTest_2468,"Rank(Ts_Rank(volume, 10))",USA,MINVOL3M,NONE,0,1,P1Y,0.08,OFF,OFF
FullTest_2469,"Rank(Ts_Rank(volume, 10))",USA,MINVOL3M,NONE,0,1,P1Y,0.01,ON,ON
FullTest_2470,"Rank(Ts_Rank(volume, 10))",USA,MINVOL3M,NONE,0,1,P1Y,0.01,ON,OFF
FullTest_2471,"Rank(Ts_Rank(volume, 10))",USA,MINVOL3M,NONE,0,1,P1Y,0.01,OFF,ON
FullTest_2472,"Rank(Ts_Rank(volume, 10))",USA,MINVOL3M,NONE,0,1,P1Y,0.01,OFF,OFF
FullTest_2473,"Rank(Ts_Rank(volume, 10))",USA,MINVOL3M,NONE,0,1,P2Y,0.08,ON,ON
FullTest_2474,"Rank(Ts_Rank(volume, 10))",USA,MINVOL3M,NONE,0,1,P2Y,0.08,ON,OFF
FullTest_2475,"Rank(Ts_Rank(volume, 10))",USA,MINVOL3M,NONE,0,1,P2Y,0.08,OFF,ON
FullTest_2476,"Rank(Ts_Rank(volume, 10))",USA,MINVOL3M,NONE,0,1,P2Y,0.08,OFF,OFF
FullTest_2477,"Rank(Ts_Rank(volume, 10))",USA,MINVOL3M,NONE,0,1,P2Y,0.01,ON,ON
FullTest_2478,"Rank(Ts_Rank(volume, 10))",USA,MINVOL3M,NONE,0,1,P2Y,0.01,ON,OFF
FullTest_2479,"Rank(Ts_Rank(volume, 10))",USA,MINVOL3M,NONE,0,1,P2Y,0.01,OFF,ON
FullTest_2480,"Rank(Ts_Rank(volume, 10))",USA,MINVOL3M,NONE,0,1,P2Y,0.01,OFF,OFF
FullTest_2481,"Rank(Ts_Rank(volume, 10))",USA,MINVOL3M,NONE,5,1,P1Y,0.08,ON,ON
FullTest_2482,"Rank(Ts_Rank(volume, 10))",USA,MINVOL3M,NONE,5,1,P1Y,0.08,ON,OFF
FullTest_2483,"Rank(Ts_Rank(volume, 10))",USA,MINVOL3M,NONE,5,1,P1Y,0.08,OFF,ON
FullTest_2484,"Rank(Ts_Rank(volume, 10))",USA,MINVOL3M,NONE,5,1,P1Y,0.08,OFF,OFF
FullTest_2485,"Rank(Ts_Rank(volume, 10))",USA,MINVOL3M,NONE,5,1,P1Y,0.01,ON,ON
FullTest_2486,"Rank(Ts_Rank(volume, 10))",USA,MINVOL3M,NONE,5,1,P1Y,0.01,ON,OFF
FullTest_2487,"Rank(Ts_Rank(volume, 10))",USA,MINVOL3M,NONE,5,1,P1Y,0.01,OFF,ON
FullTest_2488,"Rank(Ts_Rank(volume, 10))",USA,MINVOL3M,NONE,5,1,P1Y,0.01,OFF,OFF
FullTest_2489,"Rank(Ts_Rank(volume, 10))",USA,MINVOL3M,NONE,5,1,P2Y,0.08,ON,ON
FullTest_2490,"Rank(Ts_Rank(volume, 10))",USA,MINVOL3M,NONE,5,1,P2Y,0.08,ON,OFF
FullTest_2491,"Rank(Ts_Rank(volume, 10))",USA,MINVOL3M,NONE,5,1,P2Y,0.08,OFF,ON
FullTest_2492,"Rank(Ts_Rank(volume, 10))",USA,MINVOL3M,NONE,5,1,P2Y,0.08,OFF,OFF
FullTest_2493,"Rank(Ts_Rank(volume, 10))",USA,MINVOL3M,NONE,5,1,P2Y,0.01,ON,ON
FullTest_2494,"Rank(Ts_Rank(volume, 10))",USA,MINVOL3M,NONE,5,1,P2Y,0.01,ON,OFF
FullTest_2495,"Rank(Ts_Rank(volume, 10))",USA,MINVOL3M,NONE,5,1,P2Y,0.01,OFF,ON
FullTest_2496,"Rank(Ts_Rank(volume, 10))",USA,MINVOL3M,NONE,5,1,P2Y,0.01,OFF,OFF
FullTest_2497,"Rank(Ts_Rank(volume, 10))",ASI,TOP3000,INDUSTRY,0,1,P1Y,0.08,ON,ON
FullTest_2498,"Rank(Ts_Rank(volume, 10))",ASI,TOP3000,INDUSTRY,0,1,P1Y,0.08,ON,OFF
FullTest_2499,"Rank(Ts_Rank(volume, 10))",ASI,TOP3000,INDUSTRY,0,1,P1Y,0.08,OFF,ON
FullTest_2500,"Rank(Ts_Rank(volume, 10))",ASI,TOP3000,INDUSTRY,0,1,P1Y,0.08,OFF,OFF
FullTest_2501,"Rank(Ts_Rank(volume, 10))",ASI,TOP3000,INDUSTRY,0,1,P1Y,0.01,ON,ON
FullTest_2502,"Rank(Ts_Rank(volume, 10))",ASI,TOP3000,INDUSTRY,0,1,P1Y,0.01,ON,OFF
FullTest_2503,"Rank(Ts_Rank(volume, 10))",ASI,TOP3000,INDUSTRY,0,1,P1Y,0.01,OFF,ON
FullTest_2504,"Rank(Ts_Rank(volume, 10))",ASI,TOP3000,INDUSTRY,0,1,P1Y,0.01,OFF,OFF
FullTest_2505,"Rank(Ts_Rank(volume, 10))",ASI,TOP3000,INDUSTRY,0,1,P2Y,0.08,ON,ON
FullTest_2506,"Rank(Ts_Rank(volume, 10))",ASI,TOP3000,INDUSTRY,0,1,P2Y,0.08,ON,OFF
FullTest_2507,"Rank(Ts_Rank(volume, 10))",ASI,TOP3000,INDUSTRY,0,1,P2Y,0.08,OFF,ON
FullTest_2508,"Rank(Ts_Rank(volume, 10))",ASI,TOP3000,INDUSTRY,0,1,P2Y,0.08,OFF,OFF
FullTest_2509,"Rank(Ts_Rank(volume, 10))",ASI,TOP3000,INDUSTRY,0,1,P2Y,0.01,ON,ON
FullTest_2510,"Rank(Ts_Rank(volume, 10))",ASI,TOP3000,INDUSTRY,0,1,P2Y,0.01,ON,OFF
FullTest_2511,"Rank(Ts_Rank(volume, 10))",ASI,TOP3000,INDUSTRY,0,1,P2Y,0.01,OFF,ON
FullTest_2512,"Rank(Ts_Rank(volume, 10))",ASI,TOP3000,INDUSTRY,0,1,P2Y,0.01,OFF,OFF
FullTest_2513,"Rank(Ts_Rank(volume, 10))",ASI,TOP3000,INDUSTRY,5,1,P1Y,0.08,ON,ON
FullTest_2514,"Rank(Ts_Rank(volume, 10))",ASI,TOP3000,INDUSTRY,5,1,P1Y,0.08,ON,OFF
FullTest_2515,"Rank(Ts_Rank(volume, 10))",ASI,TOP3000,INDUSTRY,5,1,P1Y,0.08,OFF,ON
FullTest_2516,"Rank(Ts_Rank(volume, 10))",ASI,TOP3000,INDUSTRY,5,1,P1Y,0.08,OFF,OFF
FullTest_2517,"Rank(Ts_Rank(volume, 10))",ASI,TOP3000,INDUSTRY,5,1,P1Y,0.01,ON,ON
FullTest_2518,"Rank(Ts_Rank(volume, 10))",ASI,TOP3000,INDUSTRY,5,1,P1Y,0.01,ON,OFF
FullTest_2519,"Rank(Ts_Rank(volume, 10))",ASI,TOP3000,INDUSTRY,5,1,P1Y,0.01,OFF,ON
FullTest_2520,"Rank(Ts_Rank(volume, 10))",ASI,TOP3000,INDUSTRY,5,1,P1Y,0.01,OFF,OFF
FullTest_2521,"Rank(Ts_Rank(volume, 10))",ASI,TOP3000,INDUSTRY,5,1,P2Y,0.08,ON,ON
FullTest_2522,"Rank(Ts_Rank(volume, 10))",ASI,TOP3000,INDUSTRY,5,1,P2Y,0.08,ON,OFF
FullTest_2523,"Rank(Ts_Rank(volume, 10))",ASI,TOP3000,INDUSTRY,5,1,P2Y,0.08,OFF,ON
FullTest_2524,"Rank(Ts_Rank(volume, 10))",ASI,TOP3000,INDUSTRY,5,1,P2Y,0.08,OFF,OFF
FullTest_2525,"Rank(Ts_Rank(volume, 10))",ASI,TOP3000,INDUSTRY,5,1,P2Y,0.01,ON,ON
FullTest_2526,"Rank(Ts_Rank(volume, 10))",ASI,TOP3000,INDUSTRY,5,1,P2Y,0.01,ON,OFF
FullTest_2527,"Rank(Ts_Rank(volume, 10))",ASI,TOP3000,INDUSTRY,5,1,P2Y,0.01,OFF,ON
FullTest_2528,"Rank(Ts_Rank(volume, 10))",ASI,TOP3000,INDUSTRY,5,1,P2Y,0.01,OFF,OFF
FullTest_2529,"Rank(Ts_Rank(volume, 10))",ASI,TOP3000,MARKET,0,1,P1Y,0.08,ON,ON
FullTest_2530,"Rank(Ts_Rank(volume, 10))",ASI,TOP3000,MARKET,0,1,P1Y,0.08,ON,OFF
FullTest_2531,"Rank(Ts_Rank(volume, 10))",ASI,TOP3000,MARKET,0,1,P1Y,0.08,OFF,ON
FullTest_2532,"Rank(Ts_Rank(volume, 10))",ASI,TOP3000,MARKET,0,1,P1Y,0.08,OFF,OFF
FullTest_2533,"Rank(Ts_Rank(volume, 10))",ASI,TOP3000,MARKET,0,1,P1Y,0.01,ON,ON
FullTest_2534,"Rank(Ts_Rank(volume, 10))",ASI,TOP3000,MARKET,0,1,P1Y,0.01,ON,OFF
FullTest_2535,"Rank(Ts_Rank(volume, 10))",ASI,TOP3000,MARKET,0,1,P1Y,0.01,OFF,ON
FullTest_2536,"Rank(Ts_Rank(volume, 10))",ASI,TOP3000,MARKET,0,1,P1Y,0.01,OFF,OFF
FullTest_2537,"Rank(Ts_Rank(volume, 10))",ASI,TOP3000,MARKET,0,1,P2Y,0.08,ON,ON
FullTest_2538,"Rank(Ts_Rank(volume, 10))",ASI,TOP3000,MARKET,0,1,P2Y,0.08,ON,OFF
FullTest_2539,"Rank(Ts_Rank(volume, 10))",ASI,TOP3000,MARKET,0,1,P2Y,0.08,OFF,ON
FullTest_2540,"Rank(Ts_Rank(volume, 10))",ASI,TOP3000,MARKET,0,1,P2Y,0.08,OFF,OFF
FullTest_2541,"Rank(Ts_Rank(volume, 10))",ASI,TOP3000,MARKET,0,1,P2Y,0.01,ON,ON
FullTest_2542,"Rank(Ts_Rank(volume, 10))",ASI,TOP3000,MARKET,0,1,P2Y,0.01,ON,OFF
FullTest_2543,"Rank(Ts_Rank(volume, 10))",ASI,TOP3000,MARKET,0,1,P2Y,0.01,OFF,ON
FullTest_2544,"Rank(Ts_Rank(volume, 10))",ASI,TOP3000,MARKET,0,1,P2Y,0.01,OFF,OFF
FullTest_2545,"Rank(Ts_Rank(volume, 10))",ASI,TOP3000,MARKET,5,1,P1Y,0.08,ON,ON
FullTest_2546,"Rank(Ts_Rank(volume, 10))",ASI,TOP3000,MARKET,5,1,P1Y,0.08,ON,OFF
FullTest_2547,"Rank(Ts_Rank(volume, 10))",ASI,TOP3000,MARKET,5,1,P1Y,0.08,OFF,ON
FullTest_2548,"Rank(Ts_Rank(volume, 10))",ASI,TOP3000,MARKET,5,1,P1Y,0.08,OFF,OFF
FullTest_2549,"Rank(Ts_Rank(volume, 10))",ASI,TOP3000,MARKET,5,1,P1Y,0.01,ON,ON
FullTest_2550,"Rank(Ts_Rank(volume, 10))",ASI,TOP3000,MARKET,5,1,P1Y,0.01,ON,OFF
FullTest_2551,"Rank(Ts_Rank(volume, 10))",ASI,TOP3000,MARKET,5,1,P1Y,0.01,OFF,ON
FullTest_2552,"Rank(Ts_Rank(volume, 10))",ASI,TOP3000,MARKET,5,1,P1Y,0.01,OFF,OFF
FullTest_2553,"Rank(Ts_Rank(volume, 10))",ASI,TOP3000,MARKET,5,1,P2Y,0.08,ON,ON
FullTest_2554,"Rank(Ts_Rank(volume, 10))",ASI,TOP3000,MARKET,5,1,P2Y,0.08,ON,OFF
FullTest_2555,"Rank(Ts_Rank(volume, 10))",ASI,TOP3000,MARKET,5,1,P2Y,0.08,OFF,ON
FullTest_2556,"Rank(Ts_Rank(volume, 10))",ASI,TOP3000,MARKET,5,1,P2Y,0.08,OFF,OFF
FullTest_2557,"Rank(Ts_Rank(volume, 10))",ASI,TOP3000,MARKET,5,1,P2Y,0.01,ON,ON
FullTest_2558,"Rank(Ts_Rank(volume, 10))",ASI,TOP3000,MARKET,5,1,P2Y,0.01,ON,OFF
FullTest_2559,"Rank(Ts_Rank(volume, 10))",ASI,TOP3000,MARKET,5,1,P2Y,0.01,OFF,ON
FullTest_2560,"Rank(Ts_Rank(volume, 10))",ASI,TOP3000,MARKET,5,1,P2Y,0.01,OFF,OFF
FullTest_2561,"Rank(Ts_Rank(volume, 10))",ASI,TOP3000,NONE,0,1,P1Y,0.08,ON,ON
FullTest_2562,"Rank(Ts_Rank(volume, 10))",ASI,TOP3000,NONE,0,1,P1Y,0.08,ON,OFF
FullTest_2563,"Rank(Ts_Rank(volume, 10))",ASI,TOP3000,NONE,0,1,P1Y,0.08,OFF,ON
FullTest_2564,"Rank(Ts_Rank(volume, 10))",ASI,TOP3000,NONE,0,1,P1Y,0.08,OFF,OFF
FullTest_2565,"Rank(Ts_Rank(volume, 10))",ASI,TOP3000,NONE,0,1,P1Y,0.01,ON,ON
FullTest_2566,"Rank(Ts_Rank(volume, 10))",ASI,TOP3000,NONE,0,1,P1Y,0.01,ON,OFF
FullTest_2567,"Rank(Ts_Rank(volume, 10))",ASI,TOP3000,NONE,0,1,P1Y,0.01,OFF,ON
FullTest_2568,"Rank(Ts_Rank(volume, 10))",ASI,TOP3000,NONE,0,1,P1Y,0.01,OFF,OFF
FullTest_2569,"Rank(Ts_Rank(volume, 10))",ASI,TOP3000,NONE,0,1,P2Y,0.08,ON,ON
FullTest_2570,"Rank(Ts_Rank(volume, 10))",ASI,TOP3000,NONE,0,1,P2Y,0.08,ON,OFF
FullTest_2571,"Rank(Ts_Rank(volume, 10))",ASI,TOP3000,NONE,0,1,P2Y,0.08,OFF,ON
FullTest_2572,"Rank(Ts_Rank(volume, 10))",ASI,TOP3000,NONE,0,1,P2Y,0.08,OFF,OFF
FullTest_2573,"Rank(Ts_Rank(volume, 10))",ASI,TOP3000,NONE,0,1,P2Y,0.01,ON,ON
FullTest_2574,"Rank(Ts_Rank(volume, 10))",ASI,TOP3000,NONE,0,1,P2Y,0.01,ON,OFF
FullTest_2575,"Rank(Ts_Rank(volume, 10))",ASI,TOP3000,NONE,0,1,P2Y,0.01,OFF,ON
FullTest_2576,"Rank(Ts_Rank(volume, 10))",ASI,TOP3000,NONE,0,1,P2Y,0.01,OFF,OFF
FullTest_2577,"Rank(Ts_Rank(volume, 10))",ASI,TOP3000,NONE,5,1,P1Y,0.08,ON,ON
FullTest_2578,"Rank(Ts_Rank(volume, 10))",ASI,TOP3000,NONE,5,1,P1Y,0.08,ON,OFF
FullTest_2579,"Rank(Ts_Rank(volume, 10))",ASI,TOP3000,NONE,5,1,P1Y,0.08,OFF,ON
FullTest_2580,"Rank(Ts_Rank(volume, 10))",ASI,TOP3000,NONE,5,1,P1Y,0.08,OFF,OFF
FullTest_2581,"Rank(Ts_Rank(volume, 10))",ASI,TOP3000,NONE,5,1,P1Y,0.01,ON,ON
FullTest_2582,"Rank(Ts_Rank(volume, 10))",ASI,TOP3000,NONE,5,1,P1Y,0.01,ON,OFF
FullTest_2583,"Rank(Ts_Rank(volume, 10))",ASI,TOP3000,NONE,5,1,P1Y,0.01,OFF,ON
FullTest_2584,"Rank(Ts_Rank(volume, 10))",ASI,TOP3000,NONE,5,1,P1Y,0.01,OFF,OFF
FullTest_2585,"Rank(Ts_Rank(volume, 10))",ASI,TOP3000,NONE,5,1,P2Y,0.08,ON,ON
FullTest_2586,"Rank(Ts_Rank(volume, 10))",ASI,TOP3000,NONE,5,1,P2Y,0.08,ON,OFF
FullTest_2587,"Rank(Ts_Rank(volume, 10))",ASI,TOP3000,NONE,5,1,P2Y,0.08,OFF,ON
FullTest_2588,"Rank(Ts_Rank(volume, 10))",ASI,TOP3000,NONE,5,1,P2Y,0.08,OFF,OFF
FullTest_2589,"Rank(Ts_Rank(volume, 10))",ASI,TOP3000,NONE,5,1,P2Y,0.01,ON,ON
FullTest_2590,"Rank(Ts_Rank(volume, 10))",ASI,TOP3000,NONE,5,1,P2Y,0.01,ON,OFF
FullTest_2591,"Rank(Ts_Rank(volume, 10))",ASI,TOP3000,NONE,5,1,P2Y,0.01,OFF,ON
FullTest_2592,"Rank(Ts_Rank(volume, 10))",ASI,TOP3000,NONE,5,1,P2Y,0.01,OFF,OFF
FullTest_2593,"Rank(Ts_Rank(volume, 10))",ASI,MINVOL3M,INDUSTRY,0,1,P1Y,0.08,ON,ON
FullTest_2594,"Rank(Ts_Rank(volume, 10))",ASI,MINVOL3M,INDUSTRY,0,1,P1Y,0.08,ON,OFF
FullTest_2595,"Rank(Ts_Rank(volume, 10))",ASI,MINVOL3M,INDUSTRY,0,1,P1Y,0.08,OFF,ON
FullTest_2596,"Rank(Ts_Rank(volume, 10))",ASI,MINVOL3M,INDUSTRY,0,1,P1Y,0.08,OFF,OFF
FullTest_2597,"Rank(Ts_Rank(volume, 10))",ASI,MINVOL3M,INDUSTRY,0,1,P1Y,0.01,ON,ON
FullTest_2598,"Rank(Ts_Rank(volume, 10))",ASI,MINVOL3M,INDUSTRY,0,1,P1Y,0.01,ON,OFF
FullTest_2599,"Rank(Ts_Rank(volume, 10))",ASI,MINVOL3M,INDUSTRY,0,1,P1Y,0.01,OFF,ON
FullTest_2600,"Rank(Ts_Rank(volume, 10))",ASI,MINVOL3M,INDUSTRY,0,1,P1Y,0.01,OFF,OFF
FullTest_2601,"Rank(Ts_Rank(volume, 10))",ASI,MINVOL3M,INDUSTRY,0,1,P2Y,0.08,ON,ON
FullTest_2602,"Rank(Ts_Rank(volume, 10))",ASI,MINVOL3M,INDUSTRY,0,1,P2Y,0.08,ON,OFF
FullTest_2603,"Rank(Ts_Rank(volume, 10))",ASI,MINVOL3M,INDUSTRY,0,1,P2Y,0.08,OFF,ON
FullTest_2604,"Rank(Ts_Rank(volume, 10))",ASI,MINVOL3M,INDUSTRY,0,1,P2Y,0.08,OFF,OFF
FullTest_2605,"Rank(Ts_Rank(volume, 10))",ASI,MINVOL3M,INDUSTRY,0,1,P2Y,0.01,ON,ON
FullTest_2606,"Rank(Ts_Rank(volume, 10))",ASI,MINVOL3M,INDUSTRY,0,1,P2Y,0.01,ON,OFF
FullTest_2607,"Rank(Ts_Rank(volume, 10))",ASI,MINVOL3M,INDUSTRY,0,1,P2Y,0.01,OFF,ON
FullTest_2608,"Rank(Ts_Rank(volume, 10))",ASI,MINVOL3M,INDUSTRY,0,1,P2Y,0.01,OFF,OFF
FullTest_2609,"Rank(Ts_Rank(volume, 10))",ASI,MINVOL3M,INDUSTRY,5,1,P1Y,0.08,ON,ON
FullTest_2610,"Rank(Ts_Rank(volume, 10))",ASI,MINVOL3M,INDUSTRY,5,1,P1Y,0.08,ON,OFF
FullTest_2611,"Rank(Ts_Rank(volume, 10))",ASI,MINVOL3M,INDUSTRY,5,1,P1Y,0.08,OFF,ON
FullTest_2612,"Rank(Ts_Rank(volume, 10))",ASI,MINVOL3M,INDUSTRY,5,1,P1Y,0.08,OFF,OFF
FullTest_2613,"Rank(Ts_Rank(volume, 10))",ASI,MINVOL3M,INDUSTRY,5,1,P1Y,0.01,ON,ON
FullTest_2614,"Rank(Ts_Rank(volume, 10))",ASI,MINVOL3M,INDUSTRY,5,1,P1Y,0.01,ON,OFF
FullTest_2615,"Rank(Ts_Rank(volume, 10))",ASI,MINVOL3M,INDUSTRY,5,1,P1Y,0.01,OFF,ON
FullTest_2616,"Rank(Ts_Rank(volume, 10))",ASI,MINVOL3M,INDUSTRY,5,1,P1Y,0.01,OFF,OFF
FullTest_2617,"Rank(Ts_Rank(volume, 10))",ASI,MINVOL3M,INDUSTRY,5,1,P2Y,0.08,ON,ON
FullTest_2618,"Rank(Ts_Rank(volume, 10))",ASI,MINVOL3M,INDUSTRY,5,1,P2Y,0.08,ON,OFF
FullTest_2619,"Rank(Ts_Rank(volume, 10))",ASI,MINVOL3M,INDUSTRY,5,1,P2Y,0.08,OFF,ON
FullTest_2620,"Rank(Ts_Rank(volume, 10))",ASI,MINVOL3M,INDUSTRY,5,1,P2Y,0.08,OFF,OFF
FullTest_2621,"Rank(Ts_Rank(volume, 10))",ASI,MINVOL3M,INDUSTRY,5,1,P2Y,0.01,ON,ON
FullTest_2622,"Rank(Ts_Rank(volume, 10))",ASI,MINVOL3M,INDUSTRY,5,1,P2Y,0.01,ON,OFF
FullTest_2623,"Rank(Ts_Rank(volume, 10))",ASI,MINVOL3M,INDUSTRY,5,1,P2Y,0.01,OFF,ON
FullTest_2624,"Rank(Ts_Rank(volume, 10))",ASI,MINVOL3M,INDUSTRY,5,1,P2Y,0.01,OFF,OFF
FullTest_2625,"Rank(Ts_Rank(volume, 10))",ASI,MINVOL3M,MARKET,0,1,P1Y,0.08,ON,ON
FullTest_2626,"Rank(Ts_Rank(volume, 10))",ASI,MINVOL3M,MARKET,0,1,P1Y,0.08,ON,OFF
FullTest_2627,"Rank(Ts_Rank(volume, 10))",ASI,MINVOL3M,MARKET,0,1,P1Y,0.08,OFF,ON
FullTest_2628,"Rank(Ts_Rank(volume, 10))",ASI,MINVOL3M,MARKET,0,1,P1Y,0.08,OFF,OFF
FullTest_2629,"Rank(Ts_Rank(volume, 10))",ASI,MINVOL3M,MARKET,0,1,P1Y,0.01,ON,ON
FullTest_2630,"Rank(Ts_Rank(volume, 10))",ASI,MINVOL3M,MARKET,0,1,P1Y,0.01,ON,OFF
FullTest_2631,"Rank(Ts_Rank(volume, 10))",ASI,MINVOL3M,MARKET,0,1,P1Y,0.01,OFF,ON
FullTest_2632,"Rank(Ts_Rank(volume, 10))",ASI,MINVOL3M,MARKET,0,1,P1Y,0.01,OFF,OFF
FullTest_2633,"Rank(Ts_Rank(volume, 10))",ASI,MINVOL3M,MARKET,0,1,P2Y,0.08,ON,ON
FullTest_2634,"Rank(Ts_Rank(volume, 10))",ASI,MINVOL3M,MARKET,0,1,P2Y,0.08,ON,OFF
FullTest_2635,"Rank(Ts_Rank(volume, 10))",ASI,MINVOL3M,MARKET,0,1,P2Y,0.08,OFF,ON
FullTest_2636,"Rank(Ts_Rank(volume, 10))",ASI,MINVOL3M,MARKET,0,1,P2Y,0.08,OFF,OFF
FullTest_2637,"Rank(Ts_Rank(volume, 10))",ASI,MINVOL3M,MARKET,0,1,P2Y,0.01,ON,ON
FullTest_2638,"Rank(Ts_Rank(volume, 10))",ASI,MINVOL3M,MARKET,0,1,P2Y,0.01,ON,OFF
FullTest_2639,"Rank(Ts_Rank(volume, 10))",ASI,MINVOL3M,MARKET,0,1,P2Y,0.01,OFF,ON
FullTest_2640,"Rank(Ts_Rank(volume, 10))",ASI,MINVOL3M,MARKET,0,1,P2Y,0.01,OFF,OFF
FullTest_2641,"Rank(Ts_Rank(volume, 10))",ASI,MINVOL3M,MARKET,5,1,P1Y,0.08,ON,ON
FullTest_2642,"Rank(Ts_Rank(volume, 10))",ASI,MINVOL3M,MARKET,5,1,P1Y,0.08,ON,OFF
FullTest_2643,"Rank(Ts_Rank(volume, 10))",ASI,MINVOL3M,MARKET,5,1,P1Y,0.08,OFF,ON
FullTest_2644,"Rank(Ts_Rank(volume, 10))",ASI,MINVOL3M,MARKET,5,1,P1Y,0.08,OFF,OFF
FullTest_2645,"Rank(Ts_Rank(volume, 10))",ASI,MINVOL3M,MARKET,5,1,P1Y,0.01,ON,ON
FullTest_2646,"Rank(Ts_Rank(volume, 10))",ASI,MINVOL3M,MARKET,5,1,P1Y,0.01,ON,OFF
FullTest_2647,"Rank(Ts_Rank(volume, 10))",ASI,MINVOL3M,MARKET,5,1,P1Y,0.01,OFF,ON
FullTest_2648,"Rank(Ts_Rank(volume, 10))",ASI,MINVOL3M,MARKET,5,1,P1Y,0.01,OFF,OFF
FullTest_2649,"Rank(Ts_Rank(volume, 10))",ASI,MINVOL3M,MARKET,5,1,P2Y,0.08,ON,ON
FullTest_2650,"Rank(Ts_Rank(volume, 10))",ASI,MINVOL3M,MARKET,5,1,P2Y,0.08,ON,OFF
FullTest_2651,"Rank(Ts_Rank(volume, 10))",ASI,MINVOL3M,MARKET,5,1,P2Y,0.08,OFF,ON
FullTest_2652,"Rank(Ts_Rank(volume, 10))",ASI,MINVOL3M,MARKET,5,1,P2Y,0.08,OFF,OFF
FullTest_2653,"Rank(Ts_Rank(volume, 10))",ASI,MINVOL3M,MARKET,5,1,P2Y,0.01,ON,ON
FullTest_2654,"Rank(Ts_Rank(volume, 10))",ASI,MINVOL3M,MARKET,5,1,P2Y,0.01,ON,OFF
FullTest_2655,"Rank(Ts_Rank(volume, 10))",ASI,MINVOL3M,MARKET,5,1,P2Y,0.01,OFF,ON
FullTest_2656,"Rank(Ts_Rank(volume, 10))",ASI,MINVOL3M,MARKET,5,1,P2Y,0.01,OFF,OFF
FullTest_2657,"Rank(Ts_Rank(volume, 10))",ASI,MINVOL3M,NONE,0,1,P1Y,0.08,ON,ON
FullTest_2658,"Rank(Ts_Rank(volume, 10))",ASI,MINVOL3M,NONE,0,1,P1Y,0.08,ON,OFF
FullTest_2659,"Rank(Ts_Rank(volume, 10))",ASI,MINVOL3M,NONE,0,1,P1Y,0.08,OFF,ON
FullTest_2660,"Rank(Ts_Rank(volume, 10))",ASI,MINVOL3M,NONE,0,1,P1Y,0.08,OFF,OFF
FullTest_2661,"Rank(Ts_Rank(volume, 10))",ASI,MINVOL3M,NONE,0,1,P1Y,0.01,ON,ON
FullTest_2662,"Rank(Ts_Rank(volume, 10))",ASI,MINVOL3M,NONE,0,1,P1Y,0.01,ON,OFF
FullTest_2663,"Rank(Ts_Rank(volume, 10))",ASI,MINVOL3M,NONE,0,1,P1Y,0.01,OFF,ON
FullTest_2664,"Rank(Ts_Rank(volume, 10))",ASI,MINVOL3M,NONE,0,1,P1Y,0.01,OFF,OFF
FullTest_2665,"Rank(Ts_Rank(volume, 10))",ASI,MINVOL3M,NONE,0,1,P2Y,0.08,ON,ON
FullTest_2666,"Rank(Ts_Rank(volume, 10))",ASI,MINVOL3M,NONE,0,1,P2Y,0.08,ON,OFF
FullTest_2667,"Rank(Ts_Rank(volume, 10))",ASI,MINVOL3M,NONE,0,1,P2Y,0.08,OFF,ON
FullTest_2668,"Rank(Ts_Rank(volume, 10))",ASI,MINVOL3M,NONE,0,1,P2Y,0.08,OFF,OFF
FullTest_2669,"Rank(Ts_Rank(volume, 10))",ASI,MINVOL3M,NONE,0,1,P2Y,0.01,ON,ON
FullTest_2670,"Rank(Ts_Rank(volume, 10))",ASI,MINVOL3M,NONE,0,1,P2Y,0.01,ON,OFF
FullTest_2671,"Rank(Ts_Rank(volume, 10))",ASI,MINVOL3M,NONE,0,1,P2Y,0.01,OFF,ON
FullTest_2672,"Rank(Ts_Rank(volume, 10))",ASI,MINVOL3M,NONE,0,1,P2Y,0.01,OFF,OFF
FullTest_2673,"Rank(Ts_Rank(volume, 10))",ASI,MINVOL3M,NONE,5,1,P1Y,0.08,ON,ON
FullTest_2674,"Rank(Ts_Rank(volume, 10))",ASI,MINVOL3M,NONE,5,1,P1Y,0.08,ON,OFF
FullTest_2675,"Rank(Ts_Rank(volume, 10))",ASI,MINVOL3M,NONE,5,1,P1Y,0.08,OFF,ON
FullTest_2676,"Rank(Ts_Rank(volume, 10))",ASI,MINVOL3M,NONE,5,1,P1Y,0.08,OFF,OFF
FullTest_2677,"Rank(Ts_Rank(volume, 10))",ASI,MINVOL3M,NONE,5,1,P1Y,0.01,ON,ON
FullTest_2678,"Rank(Ts_Rank(volume, 10))",ASI,MINVOL3M,NONE,5,1,P1Y,0.01,ON,OFF
FullTest_2679,"Rank(Ts_Rank(volume, 10))",ASI,MINVOL3M,NONE,5,1,P1Y,0.01,OFF,ON
FullTest_2680,"Rank(Ts_Rank(volume, 10))",ASI,MINVOL3M,NONE,5,1,P1Y,0.01,OFF,OFF
FullTest_2681,"Rank(Ts_Rank(volume, 10))",ASI,MINVOL3M,NONE,5,1,P2Y,0.08,ON,ON
FullTest_2682,"Rank(Ts_Rank(volume, 10))",ASI,MINVOL3M,NONE,5,1,P2Y,0.08,ON,OFF
FullTest_2683,"Rank(Ts_Rank(volume, 10))",ASI,MINVOL3M,NONE,5,1,P2Y,0.08,OFF,ON
FullTest_2684,"Rank(Ts_Rank(volume, 10))",ASI,MINVOL3M,NONE,5,1,P2Y,0.08,OFF,OFF
FullTest_2685,"Rank(Ts_Rank(volume, 10))",ASI,MINVOL3M,NONE,5,1,P2Y,0.01,ON,ON
FullTest_2686,"Rank(Ts_Rank(volume, 10))",ASI,MINVOL3M,NONE,5,1,P2Y,0.01,ON,OFF
FullTest_2687,"Rank(Ts_Rank(volume, 10))",ASI,MINVOL3M,NONE,5,1,P2Y,0.01,OFF,ON
FullTest_2688,"Rank(Ts_Rank(volume, 10))",ASI,MINVOL3M,NONE,5,1,P2Y,0.01,OFF,OFF
FullTest_2689,"Rank(Ts_Rank(volume, 10))",EUR,TOP3000,INDUSTRY,0,1,P1Y,0.08,ON,ON
FullTest_2690,"Rank(Ts_Rank(volume, 10))",EUR,TOP3000,INDUSTRY,0,1,P1Y,0.08,ON,OFF
FullTest_2691,"Rank(Ts_Rank(volume, 10))",EUR,TOP3000,INDUSTRY,0,1,P1Y,0.08,OFF,ON
FullTest_2692,"Rank(Ts_Rank(volume, 10))",EUR,TOP3000,INDUSTRY,0,1,P1Y,0.08,OFF,OFF
FullTest_2693,"Rank(Ts_Rank(volume, 10))",EUR,TOP3000,INDUSTRY,0,1,P1Y,0.01,ON,ON
FullTest_2694,"Rank(Ts_Rank(volume, 10))",EUR,TOP3000,INDUSTRY,0,1,P1Y,0.01,ON,OFF
FullTest_2695,"Rank(Ts_Rank(volume, 10))",EUR,TOP3000,INDUSTRY,0,1,P1Y,0.01,OFF,ON
FullTest_2696,"Rank(Ts_Rank(volume, 10))",EUR,TOP3000,INDUSTRY,0,1,P1Y,0.01,OFF,OFF
FullTest_2697,"Rank(Ts_Rank(volume, 10))",EUR,TOP3000,INDUSTRY,0,1,P2Y,0.08,ON,ON
FullTest_2698,"Rank(Ts_Rank(volume, 10))",EUR,TOP3000,INDUSTRY,0,1,P2Y,0.08,ON,OFF
FullTest_2699,"Rank(Ts_Rank(volume, 10))",EUR,TOP3000,INDUSTRY,0,1,P2Y,0.08,OFF,ON
FullTest_2700,"Rank(Ts_Rank(volume, 10))",EUR,TOP3000,INDUSTRY,0,1,P2Y,0.08,OFF,OFF
FullTest_2701,"Rank(Ts_Rank(volume, 10))",EUR,TOP3000,INDUSTRY,0,1,P2Y,0.01,ON,ON
FullTest_2702,"Rank(Ts_Rank(volume, 10))",EUR,TOP3000,INDUSTRY,0,1,P2Y,0.01,ON,OFF
FullTest_2703,"Rank(Ts_Rank(volume, 10))",EUR,TOP3000,INDUSTRY,0,1,P2Y,0.01,OFF,ON
FullTest_2704,"Rank(Ts_Rank(volume, 10))",EUR,TOP3000,INDUSTRY,0,1,P2Y,0.01,OFF,OFF
FullTest_2705,"Rank(Ts_Rank(volume, 10))",EUR,TOP3000,INDUSTRY,5,1,P1Y,0.08,ON,ON
FullTest_2706,"Rank(Ts_Rank(volume, 10))",EUR,TOP3000,INDUSTRY,5,1,P1Y,0.08,ON,OFF
FullTest_2707,"Rank(Ts_Rank(volume, 10))",EUR,TOP3000,INDUSTRY,5,1,P1Y,0.08,OFF,ON
FullTest_2708,"Rank(Ts_Rank(volume, 10))",EUR,TOP3000,INDUSTRY,5,1,P1Y,0.08,OFF,OFF
FullTest_2709,"Rank(Ts_Rank(volume, 10))",EUR,TOP3000,INDUSTRY,5,1,P1Y,0.01,ON,ON
FullTest_2710,"Rank(Ts_Rank(volume, 10))",EUR,TOP3000,INDUSTRY,5,1,P1Y,0.01,ON,OFF
FullTest_2711,"Rank(Ts_Rank(volume, 10))",EUR,TOP3000,INDUSTRY,5,1,P1Y,0.01,OFF,ON
FullTest_2712,"Rank(Ts_Rank(volume, 10))",EUR,TOP3000,INDUSTRY,5,1,P1Y,0.01,OFF,OFF
FullTest_2713,"Rank(Ts_Rank(volume, 10))",EUR,TOP3000,INDUSTRY,5,1,P2Y,0.08,ON,ON
FullTest_2714,"Rank(Ts_Rank(volume, 10))",EUR,TOP3000,INDUSTRY,5,1,P2Y,0.08,ON,OFF
FullTest_2715,"Rank(Ts_Rank(volume, 10))",EUR,TOP3000,INDUSTRY,5,1,P2Y,0.08,OFF,ON
FullTest_2716,"Rank(Ts_Rank(volume, 10))",EUR,TOP3000,INDUSTRY,5,1,P2Y,0.08,OFF,OFF
FullTest_2717,"Rank(Ts_Rank(volume, 10))",EUR,TOP3000,INDUSTRY,5,1,P2Y,0.01,ON,ON
FullTest_2718,"Rank(Ts_Rank(volume, 10))",EUR,TOP3000,INDUSTRY,5,1,P2Y,0.01,ON,OFF
FullTest_2719,"Rank(Ts_Rank(volume, 10))",EUR,TOP3000,INDUSTRY,5,1,P2Y,0.01,OFF,ON
FullTest_2720,"Rank(Ts_Rank(volume, 10))",EUR,TOP3000,INDUSTRY,5,1,P2Y,0.01,OFF,OFF
FullTest_2721,"Rank(Ts_Rank(volume, 10))",EUR,TOP3000,MARKET,0,1,P1Y,0.08,ON,ON
FullTest_2722,"Rank(Ts_Rank(volume, 10))",EUR,TOP3000,MARKET,0,1,P1Y,0.08,ON,OFF
FullTest_2723,"Rank(Ts_Rank(volume, 10))",EUR,TOP3000,MARKET,0,1,P1Y,0.08,OFF,ON
FullTest_2724,"Rank(Ts_Rank(volume, 10))",EUR,TOP3000,MARKET,0,1,P1Y,0.08,OFF,OFF
FullTest_2725,"Rank(Ts_Rank(volume, 10))",EUR,TOP3000,MARKET,0,1,P1Y,0.01,ON,ON
FullTest_2726,"Rank(Ts_Rank(volume, 10))",EUR,TOP3000,MARKET,0,1,P1Y,0.01,ON,OFF
FullTest_2727,"Rank(Ts_Rank(volume, 10))",EUR,TOP3000,MARKET,0,1,P1Y,0.01,OFF,ON
FullTest_2728,"Rank(Ts_Rank(volume, 10))",EUR,TOP3000,MARKET,0,1,P1Y,0.01,OFF,OFF
FullTest_2729,"Rank(Ts_Rank(volume, 10))",EUR,TOP3000,MARKET,0,1,P2Y,0.08,ON,ON
FullTest_2730,"Rank(Ts_Rank(volume, 10))",EUR,TOP3000,MARKET,0,1,P2Y,0.08,ON,OFF
FullTest_2731,"Rank(Ts_Rank(volume, 10))",EUR,TOP3000,MARKET,0,1,P2Y,0.08,OFF,ON
FullTest_2732,"Rank(Ts_Rank(volume, 10))",EUR,TOP3000,MARKET,0,1,P2Y,0.08,OFF,OFF
FullTest_2733,"Rank(Ts_Rank(volume, 10))",EUR,TOP3000,MARKET,0,1,P2Y,0.01,ON,ON
FullTest_2734,"Rank(Ts_Rank(volume, 10))",EUR,TOP3000,MARKET,0,1,P2Y,0.01,ON,OFF
FullTest_2735,"Rank(Ts_Rank(volume, 10))",EUR,TOP3000,MARKET,0,1,P2Y,0.01,OFF,ON
FullTest_2736,"Rank(Ts_Rank(volume, 10))",EUR,TOP3000,MARKET,0,1,P2Y,0.01,OFF,OFF
FullTest_2737,"Rank(Ts_Rank(volume, 10))",EUR,TOP3000,MARKET,5,1,P1Y,0.08,ON,ON
FullTest_2738,"Rank(Ts_Rank(volume, 10))",EUR,TOP3000,MARKET,5,1,P1Y,0.08,ON,OFF
FullTest_2739,"Rank(Ts_Rank(volume, 10))",EUR,TOP3000,MARKET,5,1,P1Y,0.08,OFF,ON
FullTest_2740,"Rank(Ts_Rank(volume, 10))",EUR,TOP3000,MARKET,5,1,P1Y,0.08,OFF,OFF
FullTest_2741,"Rank(Ts_Rank(volume, 10))",EUR,TOP3000,MARKET,5,1,P1Y,0.01,ON,ON
FullTest_2742,"Rank(Ts_Rank(volume, 10))",EUR,TOP3000,MARKET,5,1,P1Y,0.01,ON,OFF
FullTest_2743,"Rank(Ts_Rank(volume, 10))",EUR,TOP3000,MARKET,5,1,P1Y,0.01,OFF,ON
FullTest_2744,"Rank(Ts_Rank(volume, 10))",EUR,TOP3000,MARKET,5,1,P1Y,0.01,OFF,OFF
FullTest_2745,"Rank(Ts_Rank(volume, 10))",EUR,TOP3000,MARKET,5,1,P2Y,0.08,ON,ON
FullTest_2746,"Rank(Ts_Rank(volume, 10))",EUR,TOP3000,MARKET,5,1,P2Y,0.08,ON,OFF
FullTest_2747,"Rank(Ts_Rank(volume, 10))",EUR,TOP3000,MARKET,5,1,P2Y,0.08,OFF,ON
FullTest_2748,"Rank(Ts_Rank(volume, 10))",EUR,TOP3000,MARKET,5,1,P2Y,0.08,OFF,OFF
FullTest_2749,"Rank(Ts_Rank(volume, 10))",EUR,TOP3000,MARKET,5,1,P2Y,0.01,ON,ON
FullTest_2750,"Rank(Ts_Rank(volume, 10))",EUR,TOP3000,MARKET,5,1,P2Y,0.01,ON,OFF
FullTest_2751,"Rank(Ts_Rank(volume, 10))",EUR,TOP3000,MARKET,5,1,P2Y,0.01,OFF,ON
FullTest_2752,"Rank(Ts_Rank(volume, 10))",EUR,TOP3000,MARKET,5,1,P2Y,0.01,OFF,OFF
FullTest_2753,"Rank(Ts_Rank(volume, 10))",EUR,TOP3000,NONE,0,1,P1Y,0.08,ON,ON
FullTest_2754,"Rank(Ts_Rank(volume, 10))",EUR,TOP3000,NONE,0,1,P1Y,0.08,ON,OFF
FullTest_2755,"Rank(Ts_Rank(volume, 10))",EUR,TOP3000,NONE,0,1,P1Y,0.08,OFF,ON
FullTest_2756,"Rank(Ts_Rank(volume, 10))",EUR,TOP3000,NONE,0,1,P1Y,0.08,OFF,OFF
FullTest_2757,"Rank(Ts_Rank(volume, 10))",EUR,TOP3000,NONE,0,1,P1Y,0.01,ON,ON
FullTest_2758,"Rank(Ts_Rank(volume, 10))",EUR,TOP3000,NONE,0,1,P1Y,0.01,ON,OFF
FullTest_2759,"Rank(Ts_Rank(volume, 10))",EUR,TOP3000,NONE,0,1,P1Y,0.01,OFF,ON
FullTest_2760,"Rank(Ts_Rank(volume, 10))",EUR,TOP3000,NONE,0,1,P1Y,0.01,OFF,OFF
FullTest_2761,"Rank(Ts_Rank(volume, 10))",EUR,TOP3000,NONE,0,1,P2Y,0.08,ON,ON
FullTest_2762,"Rank(Ts_Rank(volume, 10))",EUR,TOP3000,NONE,0,1,P2Y,0.08,ON,OFF
FullTest_2763,"Rank(Ts_Rank(volume, 10))",EUR,TOP3000,NONE,0,1,P2Y,0.08,OFF,ON
FullTest_2764,"Rank(Ts_Rank(volume, 10))",EUR,TOP3000,NONE,0,1,P2Y,0.08,OFF,OFF
FullTest_2765,"Rank(Ts_Rank(volume, 10))",EUR,TOP3000,NONE,0,1,P2Y,0.01,ON,ON
FullTest_2766,"Rank(Ts_Rank(volume, 10))",EUR,TOP3000,NONE,0,1,P2Y,0.01,ON,OFF
FullTest_2767,"Rank(Ts_Rank(volume, 10))",EUR,TOP3000,NONE,0,1,P2Y,0.01,OFF,ON
FullTest_2768,"Rank(Ts_Rank(volume, 10))",EUR,TOP3000,NONE,0,1,P2Y,0.01,OFF,OFF
FullTest_2769,"Rank(Ts_Rank(volume, 10))",EUR,TOP3000,NONE,5,1,P1Y,0.08,ON,ON
FullTest_2770,"Rank(Ts_Rank(volume, 10))",EUR,TOP3000,NONE,5,1,P1Y,0.08,ON,OFF
FullTest_2771,"Rank(Ts_Rank(volume, 10))",EUR,TOP3000,NONE,5,1,P1Y,0.08,OFF,ON
FullTest_2772,"Rank(Ts_Rank(volume, 10))",EUR,TOP3000,NONE,5,1,P1Y,0.08,OFF,OFF
FullTest_2773,"Rank(Ts_Rank(volume, 10))",EUR,TOP3000,NONE,5,1,P1Y,0.01,ON,ON
FullTest_2774,"Rank(Ts_Rank(volume, 10))",EUR,TOP3000,NONE,5,1,P1Y,0.01,ON,OFF
FullTest_2775,"Rank(Ts_Rank(volume, 10))",EUR,TOP3000,NONE,5,1,P1Y,0.01,OFF,ON
FullTest_2776,"Rank(Ts_Rank(volume, 10))",EUR,TOP3000,NONE,5,1,P1Y,0.01,OFF,OFF
FullTest_2777,"Rank(Ts_Rank(volume, 10))",EUR,TOP3000,NONE,5,1,P2Y,0.08,ON,ON
FullTest_2778,"Rank(Ts_Rank(volume, 10))",EUR,TOP3000,NONE,5,1,P2Y,0.08,ON,OFF
FullTest_2779,"Rank(Ts_Rank(volume, 10))",EUR,TOP3000,NONE,5,1,P2Y,0.08,OFF,ON
FullTest_2780,"Rank(Ts_Rank(volume, 10))",EUR,TOP3000,NONE,5,1,P2Y,0.08,OFF,OFF
FullTest_2781,"Rank(Ts_Rank(volume, 10))",EUR,TOP3000,NONE,5,1,P2Y,0.01,ON,ON
FullTest_2782,"Rank(Ts_Rank(volume, 10))",EUR,TOP3000,NONE,5,1,P2Y,0.01,ON,OFF
FullTest_2783,"Rank(Ts_Rank(volume, 10))",EUR,TOP3000,NONE,5,1,P2Y,0.01,OFF,ON
FullTest_2784,"Rank(Ts_Rank(volume, 10))",EUR,TOP3000,NONE,5,1,P2Y,0.01,OFF,OFF
FullTest_2785,"Rank(Ts_Rank(volume, 10))",EUR,MINVOL3M,INDUSTRY,0,1,P1Y,0.08,ON,ON
FullTest_2786,"Rank(Ts_Rank(volume, 10))",EUR,MINVOL3M,INDUSTRY,0,1,P1Y,0.08,ON,OFF
FullTest_2787,"Rank(Ts_Rank(volume, 10))",EUR,MINVOL3M,INDUSTRY,0,1,P1Y,0.08,OFF,ON
FullTest_2788,"Rank(Ts_Rank(volume, 10))",EUR,MINVOL3M,INDUSTRY,0,1,P1Y,0.08,OFF,OFF
FullTest_2789,"Rank(Ts_Rank(volume, 10))",EUR,MINVOL3M,INDUSTRY,0,1,P1Y,0.01,ON,ON
FullTest_2790,"Rank(Ts_Rank(volume, 10))",EUR,MINVOL3M,INDUSTRY,0,1,P1Y,0.01,ON,OFF
FullTest_2791,"Rank(Ts_Rank(volume, 10))",EUR,MINVOL3M,INDUSTRY,0,1,P1Y,0.01,OFF,ON
FullTest_2792,"Rank(Ts_Rank(volume, 10))",EUR,MINVOL3M,INDUSTRY,0,1,P1Y,0.01,OFF,OFF
FullTest_2793,"Rank(Ts_Rank(volume, 10))",EUR,MINVOL3M,INDUSTRY,0,1,P2Y,0.08,ON,ON
FullTest_2794,"Rank(Ts_Rank(volume, 10))",EUR,MINVOL3M,INDUSTRY,0,1,P2Y,0.08,ON,OFF
FullTest_2795,"Rank(Ts_Rank(volume, 10))",EUR,MINVOL3M,INDUSTRY,0,1,P2Y,0.08,OFF,ON
FullTest_2796,"Rank(Ts_Rank(volume, 10))",EUR,MINVOL3M,INDUSTRY,0,1,P2Y,0.08,OFF,OFF
FullTest_2797,"Rank(Ts_Rank(volume, 10))",EUR,MINVOL3M,INDUSTRY,0,1,P2Y,0.01,ON,ON
FullTest_2798,"Rank(Ts_Rank(volume, 10))",EUR,MINVOL3M,INDUSTRY,0,1,P2Y,0.01,ON,OFF
FullTest_2799,"Rank(Ts_Rank(volume, 10))",EUR,MINVOL3M,INDUSTRY,0,1,P2Y,0.01,OFF,ON
FullTest_2800,"Rank(Ts_Rank(volume, 10))",EUR,MINVOL3M,INDUSTRY,0,1,P2Y,0.01,OFF,OFF
FullTest_2801,"Rank(Ts_Rank(volume, 10))",EUR,MINVOL3M,INDUSTRY,5,1,P1Y,0.08,ON,ON
FullTest_2802,"Rank(Ts_Rank(volume, 10))",EUR,MINVOL3M,INDUSTRY,5,1,P1Y,0.08,ON,OFF
FullTest_2803,"Rank(Ts_Rank(volume, 10))",EUR,MINVOL3M,INDUSTRY,5,1,P1Y,0.08,OFF,ON
FullTest_2804,"Rank(Ts_Rank(volume, 10))",EUR,MINVOL3M,INDUSTRY,5,1,P1Y,0.08,OFF,OFF
FullTest_2805,"Rank(Ts_Rank(volume, 10))",EUR,MINVOL3M,INDUSTRY,5,1,P1Y,0.01,ON,ON
FullTest_2806,"Rank(Ts_Rank(volume, 10))",EUR,MINVOL3M,INDUSTRY,5,1,P1Y,0.01,ON,OFF
FullTest_2807,"Rank(Ts_Rank(volume, 10))",EUR,MINVOL3M,INDUSTRY,5,1,P1Y,0.01,OFF,ON
FullTest_2808,"Rank(Ts_Rank(volume, 10))",EUR,MINVOL3M,INDUSTRY,5,1,P1Y,0.01,OFF,OFF
FullTest_2809,"Rank(Ts_Rank(volume, 10))",EUR,MINVOL3M,INDUSTRY,5,1,P2Y,0.08,ON,ON
FullTest_2810,"Rank(Ts_Rank(volume, 10))",EUR,MINVOL3M,INDUSTRY,5,1,P2Y,0.08,ON,OFF
FullTest_2811,"Rank(Ts_Rank(volume, 10))",EUR,MINVOL3M,INDUSTRY,5,1,P2Y,0.08,OFF,ON
FullTest_2812,"Rank(Ts_Rank(volume, 10))",EUR,MINVOL3M,INDUSTRY,5,1,P2Y,0.08,OFF,OFF
FullTest_2813,"Rank(Ts_Rank(volume, 10))",EUR,MINVOL3M,INDUSTRY,5,1,P2Y,0.01,ON,ON
FullTest_2814,"Rank(Ts_Rank(volume, 10))",EUR,MINVOL3M,INDUSTRY,5,1,P2Y,0.01,ON,OFF
FullTest_2815,"Rank(Ts_Rank(volume, 10))",EUR,MINVOL3M,INDUSTRY,5,1,P2Y,0.01,OFF,ON
FullTest_2816,"Rank(Ts_Rank(volume, 10))",EUR,MINVOL3M,INDUSTRY,5,1,P2Y,0.01,OFF,OFF
FullTest_2817,"Rank(Ts_Rank(volume, 10))",EUR,MINVOL3M,MARKET,0,1,P1Y,0.08,ON,ON
FullTest_2818,"Rank(Ts_Rank(volume, 10))",EUR,MINVOL3M,MARKET,0,1,P1Y,0.08,ON,OFF
FullTest_2819,"Rank(Ts_Rank(volume, 10))",EUR,MINVOL3M,MARKET,0,1,P1Y,0.08,OFF,ON
FullTest_2820,"Rank(Ts_Rank(volume, 10))",EUR,MINVOL3M,MARKET,0,1,P1Y,0.08,OFF,OFF
FullTest_2821,"Rank(Ts_Rank(volume, 10))",EUR,MINVOL3M,MARKET,0,1,P1Y,0.01,ON,ON
FullTest_2822,"Rank(Ts_Rank(volume, 10))",EUR,MINVOL3M,MARKET,0,1,P1Y,0.01,ON,OFF
FullTest_2823,"Rank(Ts_Rank(volume, 10))",EUR,MINVOL3M,MARKET,0,1,P1Y,0.01,OFF,ON
FullTest_2824,"Rank(Ts_Rank(volume, 10))",EUR,MINVOL3M,MARKET,0,1,P1Y,0.01,OFF,OFF
FullTest_2825,"Rank(Ts_Rank(volume, 10))",EUR,MINVOL3M,MARKET,0,1,P2Y,0.08,ON,ON
FullTest_2826,"Rank(Ts_Rank(volume, 10))",EUR,MINVOL3M,MARKET,0,1,P2Y,0.08,ON,OFF
FullTest_2827,"Rank(Ts_Rank(volume, 10))",EUR,MINVOL3M,MARKET,0,1,P2Y,0.08,OFF,ON
FullTest_2828,"Rank(Ts_Rank(volume, 10))",EUR,MINVOL3M,MARKET,0,1,P2Y,0.08,OFF,OFF
FullTest_2829,"Rank(Ts_Rank(volume, 10))",EUR,MINVOL3M,MARKET,0,1,P2Y,0.01,ON,ON
FullTest_2830,"Rank(Ts_Rank(volume, 10))",EUR,MINVOL3M,MARKET,0,1,P2Y,0.01,ON,OFF
FullTest_2831,"Rank(Ts_Rank(volume, 10))",EUR,MINVOL3M,MARKET,0,1,P2Y,0.01,OFF,ON
FullTest_2832,"Rank(Ts_Rank(volume, 10))",EUR,MINVOL3M,MARKET,0,1,P2Y,0.01,OFF,OFF
FullTest_2833,"Rank(Ts_Rank(volume, 10))",EUR,MINVOL3M,MARKET,5,1,P1Y,0.08,ON,ON
FullTest_2834,"Rank(Ts_Rank(volume, 10))",EUR,MINVOL3M,MARKET,5,1,P1Y,0.08,ON,OFF
FullTest_2835,"Rank(Ts_Rank(volume, 10))",EUR,MINVOL3M,MARKET,5,1,P1Y,0.08,OFF,ON
FullTest_2836,"Rank(Ts_Rank(volume, 10))",EUR,MINVOL3M,MARKET,5,1,P1Y,0.08,OFF,OFF
FullTest_2837,"Rank(Ts_Rank(volume, 10))",EUR,MINVOL3M,MARKET,5,1,P1Y,0.01,ON,ON
FullTest_2838,"Rank(Ts_Rank(volume, 10))",EUR,MINVOL3M,MARKET,5,1,P1Y,0.01,ON,OFF
FullTest_2839,"Rank(Ts_Rank(volume, 10))",EUR,MINVOL3M,MARKET,5,1,P1Y,0.01,OFF,ON
FullTest_2840,"Rank(Ts_Rank(volume, 10))",EUR,MINVOL3M,MARKET,5,1,P1Y,0.01,OFF,OFF
FullTest_2841,"Rank(Ts_Rank(volume, 10))",EUR,MINVOL3M,MARKET,5,1,P2Y,0.08,ON,ON
FullTest_2842,"Rank(Ts_Rank(volume, 10))",EUR,MINVOL3M,MARKET,5,1,P2Y,0.08,ON,OFF
FullTest_2843,"Rank(Ts_Rank(volume, 10))",EUR,MINVOL3M,MARKET,5,1,P2Y,0.08,OFF,ON
FullTest_2844,"Rank(Ts_Rank(volume, 10))",EUR,MINVOL3M,MARKET,5,1,P2Y,0.08,OFF,OFF
FullTest_2845,"Rank(Ts_Rank(volume, 10))",EUR,MINVOL3M,MARKET,5,1,P2Y,0.01,ON,ON
FullTest_2846,"Rank(Ts_Rank(volume, 10))",EUR,MINVOL3M,MARKET,5,1,P2Y,0.01,ON,OFF
FullTest_2847,"Rank(Ts_Rank(volume, 10))",EUR,MINVOL3M,MARKET,5,1,P2Y,0.01,OFF,ON
FullTest_2848,"Rank(Ts_Rank(volume, 10))",EUR,MINVOL3M,MARKET,5,1,P2Y,0.01,OFF,OFF
FullTest_2849,"Rank(Ts_Rank(volume, 10))",EUR,MINVOL3M,NONE,0,1,P1Y,0.08,ON,ON
FullTest_2850,"Rank(Ts_Rank(volume, 10))",EUR,MINVOL3M,NONE,0,1,P1Y,0.08,ON,OFF
FullTest_2851,"Rank(Ts_Rank(volume, 10))",EUR,MINVOL3M,NONE,0,1,P1Y,0.08,OFF,ON
FullTest_2852,"Rank(Ts_Rank(volume, 10))",EUR,MINVOL3M,NONE,0,1,P1Y,0.08,OFF,OFF
FullTest_2853,"Rank(Ts_Rank(volume, 10))",EUR,MINVOL3M,NONE,0,1,P1Y,0.01,ON,ON
FullTest_2854,"Rank(Ts_Rank(volume, 10))",EUR,MINVOL3M,NONE,0,1,P1Y,0.01,ON,OFF
FullTest_2855,"Rank(Ts_Rank(volume, 10))",EUR,MINVOL3M,NONE,0,1,P1Y,0.01,OFF,ON
FullTest_2856,"Rank(Ts_Rank(volume, 10))",EUR,MINVOL3M,NONE,0,1,P1Y,0.01,OFF,OFF
FullTest_2857,"Rank(Ts_Rank(volume, 10))",EUR,MINVOL3M,NONE,0,1,P2Y,0.08,ON,ON
FullTest_2858,"Rank(Ts_Rank(volume, 10))",EUR,MINVOL3M,NONE,0,1,P2Y,0.08,ON,OFF
FullTest_2859,"Rank(Ts_Rank(volume, 10))",EUR,MINVOL3M,NONE,0,1,P2Y,0.08,OFF,ON
FullTest_2860,"Rank(Ts_Rank(volume, 10))",EUR,MINVOL3M,NONE,0,1,P2Y,0.08,OFF,OFF
FullTest_2861,"Rank(Ts_Rank(volume, 10))",EUR,MINVOL3M,NONE,0,1,P2Y,0.01,ON,ON
FullTest_2862,"Rank(Ts_Rank(volume, 10))",EUR,MINVOL3M,NONE,0,1,P2Y,0.01,ON,OFF
FullTest_2863,"Rank(Ts_Rank(volume, 10))",EUR,MINVOL3M,NONE,0,1,P2Y,0.01,OFF,ON
FullTest_2864,"Rank(Ts_Rank(volume, 10))",EUR,MINVOL3M,NONE,0,1,P2Y,0.01,OFF,OFF
FullTest_2865,"Rank(Ts_Rank(volume, 10))",EUR,MINVOL3M,NONE,5,1,P1Y,0.08,ON,ON
FullTest_2866,"Rank(Ts_Rank(volume, 10))",EUR,MINVOL3M,NONE,5,1,P1Y,0.08,ON,OFF
FullTest_2867,"Rank(Ts_Rank(volume, 10))",EUR,MINVOL3M,NONE,5,1,P1Y,0.08,OFF,ON
FullTest_2868,"Rank(Ts_Rank(volume, 10))",EUR,MINVOL3M,NONE,5,1,P1Y,0.08,OFF,OFF
FullTest_2869,"Rank(Ts_Rank(volume, 10))",EUR,MINVOL3M,NONE,5,1,P1Y,0.01,ON,ON
FullTest_2870,"Rank(Ts_Rank(volume, 10))",EUR,MINVOL3M,NONE,5,1,P1Y,0.01,ON,OFF
FullTest_2871,"Rank(Ts_Rank(volume, 10))",EUR,MINVOL3M,NONE,5,1,P1Y,0.01,OFF,ON
FullTest_2872,"Rank(Ts_Rank(volume, 10))",EUR,MINVOL3M,NONE,5,1,P1Y,0.01,OFF,OFF
FullTest_2873,"Rank(Ts_Rank(volume, 10))",EUR,MINVOL3M,NONE,5,1,P2Y,0.08,ON,ON
FullTest_2874,"Rank(Ts_Rank(volume, 10))",EUR,MINVOL3M,NONE,5,1,P2Y,0.08,ON,OFF
FullTest_2875,"Rank(Ts_Rank(volume, 10))",EUR,MINVOL3M,NONE,5,1,P2Y,0.08,OFF,ON
FullTest_2876,"Rank(Ts_Rank(volume, 10))",EUR,MINVOL3M,NONE,5,1,P2Y,0.08,OFF,OFF
FullTest_2877,"Rank(Ts_Rank(volume, 10))",EUR,MINVOL3M,NONE,5,1,P2Y,0.01,ON,ON
FullTest_2878,"Rank(Ts_Rank(volume, 10))",EUR,MINVOL3M,NONE,5,1,P2Y,0.01,ON,OFF
FullTest_2879,"Rank(Ts_Rank(volume, 10))",EUR,MINVOL3M,NONE,5,1,P2Y,0.01,OFF,ON
FullTest_2880,"Rank(Ts_Rank(volume, 10))",EUR,MINVOL3M,NONE,5,1,P2Y,0.01,OFF,OFF
FullTest_2881,"Rank(Ts_Rank(volume, 20))",USA,TOP3000,INDUSTRY,0,1,P1Y,0.08,ON,ON
FullTest_2882,"Rank(Ts_Rank(volume, 20))",USA,TOP3000,INDUSTRY,0,1,P1Y,0.08,ON,OFF
FullTest_2883,"Rank(Ts_Rank(volume, 20))",USA,TOP3000,INDUSTRY,0,1,P1Y,0.08,OFF,ON
FullTest_2884,"Rank(Ts_Rank(volume, 20))",USA,TOP3000,INDUSTRY,0,1,P1Y,0.08,OFF,OFF
FullTest_2885,"Rank(Ts_Rank(volume, 20))",USA,TOP3000,INDUSTRY,0,1,P1Y,0.01,ON,ON
FullTest_2886,"Rank(Ts_Rank(volume, 20))",USA,TOP3000,INDUSTRY,0,1,P1Y,0.01,ON,OFF
FullTest_2887,"Rank(Ts_Rank(volume, 20))",USA,TOP3000,INDUSTRY,0,1,P1Y,0.01,OFF,ON
FullTest_2888,"Rank(Ts_Rank(volume, 20))",USA,TOP3000,INDUSTRY,0,1,P1Y,0.01,OFF,OFF
FullTest_2889,"Rank(Ts_Rank(volume, 20))",USA,TOP3000,INDUSTRY,0,1,P2Y,0.08,ON,ON
FullTest_2890,"Rank(Ts_Rank(volume, 20))",USA,TOP3000,INDUSTRY,0,1,P2Y,0.08,ON,OFF
FullTest_2891,"Rank(Ts_Rank(volume, 20))",USA,TOP3000,INDUSTRY,0,1,P2Y,0.08,OFF,ON
FullTest_2892,"Rank(Ts_Rank(volume, 20))",USA,TOP3000,INDUSTRY,0,1,P2Y,0.08,OFF,OFF
FullTest_2893,"Rank(Ts_Rank(volume, 20))",USA,TOP3000,INDUSTRY,0,1,P2Y,0.01,ON,ON
FullTest_2894,"Rank(Ts_Rank(volume, 20))",USA,TOP3000,INDUSTRY,0,1,P2Y,0.01,ON,OFF
FullTest_2895,"Rank(Ts_Rank(volume, 20))",USA,TOP3000,INDUSTRY,0,1,P2Y,0.01,OFF,ON
FullTest_2896,"Rank(Ts_Rank(volume, 20))",USA,TOP3000,INDUSTRY,0,1,P2Y,0.01,OFF,OFF
FullTest_2897,"Rank(Ts_Rank(volume, 20))",USA,TOP3000,INDUSTRY,5,1,P1Y,0.08,ON,ON
FullTest_2898,"Rank(Ts_Rank(volume, 20))",USA,TOP3000,INDUSTRY,5,1,P1Y,0.08,ON,OFF
FullTest_2899,"Rank(Ts_Rank(volume, 20))",USA,TOP3000,INDUSTRY,5,1,P1Y,0.08,OFF,ON
FullTest_2900,"Rank(Ts_Rank(volume, 20))",USA,TOP3000,INDUSTRY,5,1,P1Y,0.08,OFF,OFF
FullTest_2901,"Rank(Ts_Rank(volume, 20))",USA,TOP3000,INDUSTRY,5,1,P1Y,0.01,ON,ON
FullTest_2902,"Rank(Ts_Rank(volume, 20))",USA,TOP3000,INDUSTRY,5,1,P1Y,0.01,ON,OFF
FullTest_2903,"Rank(Ts_Rank(volume, 20))",USA,TOP3000,INDUSTRY,5,1,P1Y,0.01,OFF,ON
FullTest_2904,"Rank(Ts_Rank(volume, 20))",USA,TOP3000,INDUSTRY,5,1,P1Y,0.01,OFF,OFF
FullTest_2905,"Rank(Ts_Rank(volume, 20))",USA,TOP3000,INDUSTRY,5,1,P2Y,0.08,ON,ON
FullTest_2906,"Rank(Ts_Rank(volume, 20))",USA,TOP3000,INDUSTRY,5,1,P2Y,0.08,ON,OFF
FullTest_2907,"Rank(Ts_Rank(volume, 20))",USA,TOP3000,INDUSTRY,5,1,P2Y,0.08,OFF,ON
FullTest_2908,"Rank(Ts_Rank(volume, 20))",USA,TOP3000,INDUSTRY,5,1,P2Y,0.08,OFF,OFF
FullTest_2909,"Rank(Ts_Rank(volume, 20))",USA,TOP3000,INDUSTRY,5,1,P2Y,0.01,ON,ON
FullTest_2910,"Rank(Ts_Rank(volume, 20))",USA,TOP3000,INDUSTRY,5,1,P2Y,0.01,ON,OFF
FullTest_2911,"Rank(Ts_Rank(volume, 20))",USA,TOP3000,INDUSTRY,5,1,P2Y,0.01,OFF,ON
FullTest_2912,"Rank(Ts_Rank(volume, 20))",USA,TOP3000,INDUSTRY,5,1,P2Y,0.01,OFF,OFF
FullTest_2913,"Rank(Ts_Rank(volume, 20))",USA,TOP3000,MARKET,0,1,P1Y,0.08,ON,ON
FullTest_2914,"Rank(Ts_Rank(volume, 20))",USA,TOP3000,MARKET,0,1,P1Y,0.08,ON,OFF
FullTest_2915,"Rank(Ts_Rank(volume, 20))",USA,TOP3000,MARKET,0,1,P1Y,0.08,OFF,ON
FullTest_2916,"Rank(Ts_Rank(volume, 20))",USA,TOP3000,MARKET,0,1,P1Y,0.08,OFF,OFF
FullTest_2917,"Rank(Ts_Rank(volume, 20))",USA,TOP3000,MARKET,0,1,P1Y,0.01,ON,ON
FullTest_2918,"Rank(Ts_Rank(volume, 20))",USA,TOP3000,MARKET,0,1,P1Y,0.01,ON,OFF
FullTest_2919,"Rank(Ts_Rank(volume, 20))",USA,TOP3000,MARKET,0,1,P1Y,0.01,OFF,ON
FullTest_2920,"Rank(Ts_Rank(volume, 20))",USA,TOP3000,MARKET,0,1,P1Y,0.01,OFF,OFF
FullTest_2921,"Rank(Ts_Rank(volume, 20))",USA,TOP3000,MARKET,0,1,P2Y,0.08,ON,ON
FullTest_2922,"Rank(Ts_Rank(volume, 20))",USA,TOP3000,MARKET,0,1,P2Y,0.08,ON,OFF
FullTest_2923,"Rank(Ts_Rank(volume, 20))",USA,TOP3000,MARKET,0,1,P2Y,0.08,OFF,ON
FullTest_2924,"Rank(Ts_Rank(volume, 20))",USA,TOP3000,MARKET,0,1,P2Y,0.08,OFF,OFF
FullTest_2925,"Rank(Ts_Rank(volume, 20))",USA,TOP3000,MARKET,0,1,P2Y,0.01,ON,ON
FullTest_2926,"Rank(Ts_Rank(volume, 20))",USA,TOP3000,MARKET,0,1,P2Y,0.01,ON,OFF
FullTest_2927,"Rank(Ts_Rank(volume, 20))",USA,TOP3000,MARKET,0,1,P2Y,0.01,OFF,ON
FullTest_2928,"Rank(Ts_Rank(volume, 20))",USA,TOP3000,MARKET,0,1,P2Y,0.01,OFF,OFF
FullTest_2929,"Rank(Ts_Rank(volume, 20))",USA,TOP3000,MARKET,5,1,P1Y,0.08,ON,ON
FullTest_2930,"Rank(Ts_Rank(volume, 20))",USA,TOP3000,MARKET,5,1,P1Y,0.08,ON,OFF
FullTest_2931,"Rank(Ts_Rank(volume, 20))",USA,TOP3000,MARKET,5,1,P1Y,0.08,OFF,ON
FullTest_2932,"Rank(Ts_Rank(volume, 20))",USA,TOP3000,MARKET,5,1,P1Y,0.08,OFF,OFF
FullTest_2933,"Rank(Ts_Rank(volume, 20))",USA,TOP3000,MARKET,5,1,P1Y,0.01,ON,ON
FullTest_2934,"Rank(Ts_Rank(volume, 20))",USA,TOP3000,MARKET,5,1,P1Y,0.01,ON,OFF
FullTest_2935,"Rank(Ts_Rank(volume, 20))",USA,TOP3000,MARKET,5,1,P1Y,0.01,OFF,ON
FullTest_2936,"Rank(Ts_Rank(volume, 20))",USA,TOP3000,MARKET,5,1,P1Y,0.01,OFF,OFF
FullTest_2937,"Rank(Ts_Rank(volume, 20))",USA,TOP3000,MARKET,5,1,P2Y,0.08,ON,ON
FullTest_2938,"Rank(Ts_Rank(volume, 20))",USA,TOP3000,MARKET,5,1,P2Y,0.08,ON,OFF
FullTest_2939,"Rank(Ts_Rank(volume, 20))",USA,TOP3000,MARKET,5,1,P2Y,0.08,OFF,ON
FullTest_2940,"Rank(Ts_Rank(volume, 20))",USA,TOP3000,MARKET,5,1,P2Y,0.08,OFF,OFF
FullTest_2941,"Rank(Ts_Rank(volume, 20))",USA,TOP3000,MARKET,5,1,P2Y,0.01,ON,ON
FullTest_2942,"Rank(Ts_Rank(volume, 20))",USA,TOP3000,MARKET,5,1,P2Y,0.01,ON,OFF
FullTest_2943,"Rank(Ts_Rank(volume, 20))",USA,TOP3000,MARKET,5,1,P2Y,0.01,OFF,ON
FullTest_2944,"Rank(Ts_Rank(volume, 20))",USA,TOP3000,MARKET,5,1,P2Y,0.01,OFF,OFF
FullTest_2945,"Rank(Ts_Rank(volume, 20))",USA,TOP3000,NONE,0,1,P1Y,0.08,ON,ON
FullTest_2946,"Rank(Ts_Rank(volume, 20))",USA,TOP3000,NONE,0,1,P1Y,0.08,ON,OFF
FullTest_2947,"Rank(Ts_Rank(volume, 20))",USA,TOP3000,NONE,0,1,P1Y,0.08,OFF,ON
FullTest_2948,"Rank(Ts_Rank(volume, 20))",USA,TOP3000,NONE,0,1,P1Y,0.08,OFF,OFF
FullTest_2949,"Rank(Ts_Rank(volume, 20))",USA,TOP3000,NONE,0,1,P1Y,0.01,ON,ON
FullTest_2950,"Rank(Ts_Rank(volume, 20))",USA,TOP3000,NONE,0,1,P1Y,0.01,ON,OFF
FullTest_2951,"Rank(Ts_Rank(volume, 20))",USA,TOP3000,NONE,0,1,P1Y,0.01,OFF,ON
FullTest_2952,"Rank(Ts_Rank(volume, 20))",USA,TOP3000,NONE,0,1,P1Y,0.01,OFF,OFF
FullTest_2953,"Rank(Ts_Rank(volume, 20))",USA,TOP3000,NONE,0,1,P2Y,0.08,ON,ON
FullTest_2954,"Rank(Ts_Rank(volume, 20))",USA,TOP3000,NONE,0,1,P2Y,0.08,ON,OFF
FullTest_2955,"Rank(Ts_Rank(volume, 20))",USA,TOP3000,NONE,0,1,P2Y,0.08,OFF,ON
FullTest_2956,"Rank(Ts_Rank(volume, 20))",USA,TOP3000,NONE,0,1,P2Y,0.08,OFF,OFF
FullTest_2957,"Rank(Ts_Rank(volume, 20))",USA,TOP3000,NONE,0,1,P2Y,0.01,ON,ON
FullTest_2958,"Rank(Ts_Rank(volume, 20))",USA,TOP3000,NONE,0,1,P2Y,0.01,ON,OFF
FullTest_2959,"Rank(Ts_Rank(volume, 20))",USA,TOP3000,NONE,0,1,P2Y,0.01,OFF,ON
FullTest_2960,"Rank(Ts_Rank(volume, 20))",USA,TOP3000,NONE,0,1,P2Y,0.01,OFF,OFF
FullTest_2961,"Rank(Ts_Rank(volume, 20))",USA,TOP3000,NONE,5,1,P1Y,0.08,ON,ON
FullTest_2962,"Rank(Ts_Rank(volume, 20))",USA,TOP3000,NONE,5,1,P1Y,0.08,ON,OFF
FullTest_2963,"Rank(Ts_Rank(volume, 20))",USA,TOP3000,NONE,5,1,P1Y,0.08,OFF,ON
FullTest_2964,"Rank(Ts_Rank(volume, 20))",USA,TOP3000,NONE,5,1,P1Y,0.08,OFF,OFF
FullTest_2965,"Rank(Ts_Rank(volume, 20))",USA,TOP3000,NONE,5,1,P1Y,0.01,ON,ON
FullTest_2966,"Rank(Ts_Rank(volume, 20))",USA,TOP3000,NONE,5,1,P1Y,0.01,ON,OFF
FullTest_2967,"Rank(Ts_Rank(volume, 20))",USA,TOP3000,NONE,5,1,P1Y,0.01,OFF,ON
FullTest_2968,"Rank(Ts_Rank(volume, 20))",USA,TOP3000,NONE,5,1,P1Y,0.01,OFF,OFF
FullTest_2969,"Rank(Ts_Rank(volume, 20))",USA,TOP3000,NONE,5,1,P2Y,0.08,ON,ON
FullTest_2970,"Rank(Ts_Rank(volume, 20))",USA,TOP3000,NONE,5,1,P2Y,0.08,ON,OFF
FullTest_2971,"Rank(Ts_Rank(volume, 20))",USA,TOP3000,NONE,5,1,P2Y,0.08,OFF,ON
FullTest_2972,"Rank(Ts_Rank(volume, 20))",USA,TOP3000,NONE,5,1,P2Y,0.08,OFF,OFF
FullTest_2973,"Rank(Ts_Rank(volume, 20))",USA,TOP3000,NONE,5,1,P2Y,0.01,ON,ON
FullTest_2974,"Rank(Ts_Rank(volume, 20))",USA,TOP3000,NONE,5,1,P2Y,0.01,ON,OFF
FullTest_2975,"Rank(Ts_Rank(volume, 20))",USA,TOP3000,NONE,5,1,P2Y,0.01,OFF,ON
FullTest_2976,"Rank(Ts_Rank(volume, 20))",USA,TOP3000,NONE,5,1,P2Y,0.01,OFF,OFF
FullTest_2977,"Rank(Ts_Rank(volume, 20))",USA,MINVOL3M,INDUSTRY,0,1,P1Y,0.08,ON,ON
FullTest_2978,"Rank(Ts_Rank(volume, 20))",USA,MINVOL3M,INDUSTRY,0,1,P1Y,0.08,ON,OFF
FullTest_2979,"Rank(Ts_Rank(volume, 20))",USA,MINVOL3M,INDUSTRY,0,1,P1Y,0.08,OFF,ON
FullTest_2980,"Rank(Ts_Rank(volume, 20))",USA,MINVOL3M,INDUSTRY,0,1,P1Y,0.08,OFF,OFF
FullTest_2981,"Rank(Ts_Rank(volume, 20))",USA,MINVOL3M,INDUSTRY,0,1,P1Y,0.01,ON,ON
FullTest_2982,"Rank(Ts_Rank(volume, 20))",USA,MINVOL3M,INDUSTRY,0,1,P1Y,0.01,ON,OFF
FullTest_2983,"Rank(Ts_Rank(volume, 20))",USA,MINVOL3M,INDUSTRY,0,1,P1Y,0.01,OFF,ON
FullTest_2984,"Rank(Ts_Rank(volume, 20))",USA,MINVOL3M,INDUSTRY,0,1,P1Y,0.01,OFF,OFF
FullTest_2985,"Rank(Ts_Rank(volume, 20))",USA,MINVOL3M,INDUSTRY,0,1,P2Y,0.08,ON,ON
FullTest_2986,"Rank(Ts_Rank(volume, 20))",USA,MINVOL3M,INDUSTRY,0,1,P2Y,0.08,ON,OFF
FullTest_2987,"Rank(Ts_Rank(volume, 20))",USA,MINVOL3M,INDUSTRY,0,1,P2Y,0.08,OFF,ON
FullTest_2988,"Rank(Ts_Rank(volume, 20))",USA,MINVOL3M,INDUSTRY,0,1,P2Y,0.08,OFF,OFF
FullTest_2989,"Rank(Ts_Rank(volume, 20))",USA,MINVOL3M,INDUSTRY,0,1,P2Y,0.01,ON,ON
FullTest_2990,"Rank(Ts_Rank(volume, 20))",USA,MINVOL3M,INDUSTRY,0,1,P2Y,0.01,ON,OFF
FullTest_2991,"Rank(Ts_Rank(volume, 20))",USA,MINVOL3M,INDUSTRY,0,1,P2Y,0.01,OFF,ON
FullTest_2992,"Rank(Ts_Rank(volume, 20))",USA,MINVOL3M,INDUSTRY,0,1,P2Y,0.01,OFF,OFF
FullTest_2993,"Rank(Ts_Rank(volume, 20))",USA,MINVOL3M,INDUSTRY,5,1,P1Y,0.08,ON,ON
FullTest_2994,"Rank(Ts_Rank(volume, 20))",USA,MINVOL3M,INDUSTRY,5,1,P1Y,0.08,ON,OFF
FullTest_2995,"Rank(Ts_Rank(volume, 20))",USA,MINVOL3M,INDUSTRY,5,1,P1Y,0.08,OFF,ON
FullTest_2996,"Rank(Ts_Rank(volume, 20))",USA,MINVOL3M,INDUSTRY,5,1,P1Y,0.08,OFF,OFF
FullTest_2997,"Rank(Ts_Rank(volume, 20))",USA,MINVOL3M,INDUSTRY,5,1,P1Y,0.01,ON,ON
FullTest_2998,"Rank(Ts_Rank(volume, 20))",USA,MINVOL3M,INDUSTRY,5,1,P1Y,0.01,ON,OFF
FullTest_2999,"Rank(Ts_Rank(volume, 20))",USA,MINVOL3M,INDUSTRY,5,1,P1Y,0.01,OFF,ON
FullTest_3000,"Rank(Ts_Rank(volume, 20))",USA,MINVOL3M,INDUSTRY,5,1,P1Y,0.01,OFF,OFF
FullTest_3001,"Rank(Ts_Rank(volume, 20))",USA,MINVOL3M,INDUSTRY,5,1,P2Y,0.08,ON,ON
FullTest_3002,"Rank(Ts_Rank(volume, 20))",USA,MINVOL3M,INDUSTRY,5,1,P2Y,0.08,ON,OFF
FullTest_3003,"Rank(Ts_Rank(volume, 20))",USA,MINVOL3M,INDUSTRY,5,1,P2Y,0.08,OFF,ON
FullTest_3004,"Rank(Ts_Rank(volume, 20))",USA,MINVOL3M,INDUSTRY,5,1,P2Y,0.08,OFF,OFF
FullTest_3005,"Rank(Ts_Rank(volume, 20))",USA,MINVOL3M,INDUSTRY,5,1,P2Y,0.01,ON,ON
FullTest_3006,"Rank(Ts_Rank(volume, 20))",USA,MINVOL3M,INDUSTRY,5,1,P2Y,0.01,ON,OFF
FullTest_3007,"Rank(Ts_Rank(volume, 20))",USA,MINVOL3M,INDUSTRY,5,1,P2Y,0.01,OFF,ON
FullTest_3008,"Rank(Ts_Rank(volume, 20))",USA,MINVOL3M,INDUSTRY,5,1,P2Y,0.01,OFF,OFF
FullTest_3009,"Rank(Ts_Rank(volume, 20))",USA,MINVOL3M,MARKET,0,1,P1Y,0.08,ON,ON
FullTest_3010,"Rank(Ts_Rank(volume, 20))",USA,MINVOL3M,MARKET,0,1,P1Y,0.08,ON,OFF
FullTest_3011,"Rank(Ts_Rank(volume, 20))",USA,MINVOL3M,MARKET,0,1,P1Y,0.08,OFF,ON
FullTest_3012,"Rank(Ts_Rank(volume, 20))",USA,MINVOL3M,MARKET,0,1,P1Y,0.08,OFF,OFF
FullTest_3013,"Rank(Ts_Rank(volume, 20))",USA,MINVOL3M,MARKET,0,1,P1Y,0.01,ON,ON
FullTest_3014,"Rank(Ts_Rank(volume, 20))",USA,MINVOL3M,MARKET,0,1,P1Y,0.01,ON,OFF
FullTest_3015,"Rank(Ts_Rank(volume, 20))",USA,MINVOL3M,MARKET,0,1,P1Y,0.01,OFF,ON
FullTest_3016,"Rank(Ts_Rank(volume, 20))",USA,MINVOL3M,MARKET,0,1,P1Y,0.01,OFF,OFF
FullTest_3017,"Rank(Ts_Rank(volume, 20))",USA,MINVOL3M,MARKET,0,1,P2Y,0.08,ON,ON
FullTest_3018,"Rank(Ts_Rank(volume, 20))",USA,MINVOL3M,MARKET,0,1,P2Y,0.08,ON,OFF
FullTest_3019,"Rank(Ts_Rank(volume, 20))",USA,MINVOL3M,MARKET,0,1,P2Y,0.08,OFF,ON
FullTest_3020,"Rank(Ts_Rank(volume, 20))",USA,MINVOL3M,MARKET,0,1,P2Y,0.08,OFF,OFF
FullTest_3021,"Rank(Ts_Rank(volume, 20))",USA,MINVOL3M,MARKET,0,1,P2Y,0.01,ON,ON
FullTest_3022,"Rank(Ts_Rank(volume, 20))",USA,MINVOL3M,MARKET,0,1,P2Y,0.01,ON,OFF
FullTest_3023,"Rank(Ts_Rank(volume, 20))",USA,MINVOL3M,MARKET,0,1,P2Y,0.01,OFF,ON
FullTest_3024,"Rank(Ts_Rank(volume, 20))",USA,MINVOL3M,MARKET,0,1,P2Y,0.01,OFF,OFF
FullTest_3025,"Rank(Ts_Rank(volume, 20))",USA,MINVOL3M,MARKET,5,1,P1Y,0.08,ON,ON
FullTest_3026,"Rank(Ts_Rank(volume, 20))",USA,MINVOL3M,MARKET,5,1,P1Y,0.08,ON,OFF
FullTest_3027,"Rank(Ts_Rank(volume, 20))",USA,MINVOL3M,MARKET,5,1,P1Y,0.08,OFF,ON
FullTest_3028,"Rank(Ts_Rank(volume, 20))",USA,MINVOL3M,MARKET,5,1,P1Y,0.08,OFF,OFF
FullTest_3029,"Rank(Ts_Rank(volume, 20))",USA,MINVOL3M,MARKET,5,1,P1Y,0.01,ON,ON
FullTest_3030,"Rank(Ts_Rank(volume, 20))",USA,MINVOL3M,MARKET,5,1,P1Y,0.01,ON,OFF
FullTest_3031,"Rank(Ts_Rank(volume, 20))",USA,MINVOL3M,MARKET,5,1,P1Y,0.01,OFF,ON
FullTest_3032,"Rank(Ts_Rank(volume, 20))",USA,MINVOL3M,MARKET,5,1,P1Y,0.01,OFF,OFF
FullTest_3033,"Rank(Ts_Rank(volume, 20))",USA,MINVOL3M,MARKET,5,1,P2Y,0.08,ON,ON
FullTest_3034,"Rank(Ts_Rank(volume, 20))",USA,MINVOL3M,MARKET,5,1,P2Y,0.08,ON,OFF
FullTest_3035,"Rank(Ts_Rank(volume, 20))",USA,MINVOL3M,MARKET,5,1,P2Y,0.08,OFF,ON
FullTest_3036,"Rank(Ts_Rank(volume, 20))",USA,MINVOL3M,MARKET,5,1,P2Y,0.08,OFF,OFF
FullTest_3037,"Rank(Ts_Rank(volume, 20))",USA,MINVOL3M,MARKET,5,1,P2Y,0.01,ON,ON
FullTest_3038,"Rank(Ts_Rank(volume, 20))",USA,MINVOL3M,MARKET,5,1,P2Y,0.01,ON,OFF
FullTest_3039,"Rank(Ts_Rank(volume, 20))",USA,MINVOL3M,MARKET,5,1,P2Y,0.01,OFF,ON
FullTest_3040,"Rank(Ts_Rank(volume, 20))",USA,MINVOL3M,MARKET,5,1,P2Y,0.01,OFF,OFF
FullTest_3041,"Rank(Ts_Rank(volume, 20))",USA,MINVOL3M,NONE,0,1,P1Y,0.08,ON,ON
FullTest_3042,"Rank(Ts_Rank(volume, 20))",USA,MINVOL3M,NONE,0,1,P1Y,0.08,ON,OFF
FullTest_3043,"Rank(Ts_Rank(volume, 20))",USA,MINVOL3M,NONE,0,1,P1Y,0.08,OFF,ON
FullTest_3044,"Rank(Ts_Rank(volume, 20))",USA,MINVOL3M,NONE,0,1,P1Y,0.08,OFF,OFF
FullTest_3045,"Rank(Ts_Rank(volume, 20))",USA,MINVOL3M,NONE,0,1,P1Y,0.01,ON,ON
FullTest_3046,"Rank(Ts_Rank(volume, 20))",USA,MINVOL3M,NONE,0,1,P1Y,0.01,ON,OFF
FullTest_3047,"Rank(Ts_Rank(volume, 20))",USA,MINVOL3M,NONE,0,1,P1Y,0.01,OFF,ON
FullTest_3048,"Rank(Ts_Rank(volume, 20))",USA,MINVOL3M,NONE,0,1,P1Y,0.01,OFF,OFF
FullTest_3049,"Rank(Ts_Rank(volume, 20))",USA,MINVOL3M,NONE,0,1,P2Y,0.08,ON,ON
FullTest_3050,"Rank(Ts_Rank(volume, 20))",USA,MINVOL3M,NONE,0,1,P2Y,0.08,ON,OFF
FullTest_3051,"Rank(Ts_Rank(volume, 20))",USA,MINVOL3M,NONE,0,1,P2Y,0.08,OFF,ON
FullTest_3052,"Rank(Ts_Rank(volume, 20))",USA,MINVOL3M,NONE,0,1,P2Y,0.08,OFF,OFF
FullTest_3053,"Rank(Ts_Rank(volume, 20))",USA,MINVOL3M,NONE,0,1,P2Y,0.01,ON,ON
FullTest_3054,"Rank(Ts_Rank(volume, 20))",USA,MINVOL3M,NONE,0,1,P2Y,0.01,ON,OFF
FullTest_3055,"Rank(Ts_Rank(volume, 20))",USA,MINVOL3M,NONE,0,1,P2Y,0.01,OFF,ON
FullTest_3056,"Rank(Ts_Rank(volume, 20))",USA,MINVOL3M,NONE,0,1,P2Y,0.01,OFF,OFF
FullTest_3057,"Rank(Ts_Rank(volume, 20))",USA,MINVOL3M,NONE,5,1,P1Y,0.08,ON,ON
FullTest_3058,"Rank(Ts_Rank(volume, 20))",USA,MINVOL3M,NONE,5,1,P1Y,0.08,ON,OFF
FullTest_3059,"Rank(Ts_Rank(volume, 20))",USA,MINVOL3M,NONE,5,1,P1Y,0.08,OFF,ON
FullTest_3060,"Rank(Ts_Rank(volume, 20))",USA,MINVOL3M,NONE,5,1,P1Y,0.08,OFF,OFF
FullTest_3061,"Rank(Ts_Rank(volume, 20))",USA,MINVOL3M,NONE,5,1,P1Y,0.01,ON,ON
FullTest_3062,"Rank(Ts_Rank(volume, 20))",USA,MINVOL3M,NONE,5,1,P1Y,0.01,ON,OFF
FullTest_3063,"Rank(Ts_Rank(volume, 20))",USA,MINVOL3M,NONE,5,1,P1Y,0.01,OFF,ON
FullTest_3064,"Rank(Ts_Rank(volume, 20))",USA,MINVOL3M,NONE,5,1,P1Y,0.01,OFF,OFF
FullTest_3065,"Rank(Ts_Rank(volume, 20))",USA,MINVOL3M,NONE,5,1,P2Y,0.08,ON,ON
FullTest_3066,"Rank(Ts_Rank(volume, 20))",USA,MINVOL3M,NONE,5,1,P2Y,0.08,ON,OFF
FullTest_3067,"Rank(Ts_Rank(volume, 20))",USA,MINVOL3M,NONE,5,1,P2Y,0.08,OFF,ON
FullTest_3068,"Rank(Ts_Rank(volume, 20))",USA,MINVOL3M,NONE,5,1,P2Y,0.08,OFF,OFF
FullTest_3069,"Rank(Ts_Rank(volume, 20))",USA,MINVOL3M,NONE,5,1,P2Y,0.01,ON,ON
FullTest_3070,"Rank(Ts_Rank(volume, 20))",USA,MINVOL3M,NONE,5,1,P2Y,0.01,ON,OFF
FullTest_3071,"Rank(Ts_Rank(volume, 20))",USA,MINVOL3M,NONE,5,1,P2Y,0.01,OFF,ON
FullTest_3072,"Rank(Ts_Rank(volume, 20))",USA,MINVOL3M,NONE,5,1,P2Y,0.01,OFF,OFF
FullTest_3073,"Rank(Ts_Rank(volume, 20))",ASI,TOP3000,INDUSTRY,0,1,P1Y,0.08,ON,ON
FullTest_3074,"Rank(Ts_Rank(volume, 20))",ASI,TOP3000,INDUSTRY,0,1,P1Y,0.08,ON,OFF
FullTest_3075,"Rank(Ts_Rank(volume, 20))",ASI,TOP3000,INDUSTRY,0,1,P1Y,0.08,OFF,ON
FullTest_3076,"Rank(Ts_Rank(volume, 20))",ASI,TOP3000,INDUSTRY,0,1,P1Y,0.08,OFF,OFF
FullTest_3077,"Rank(Ts_Rank(volume, 20))",ASI,TOP3000,INDUSTRY,0,1,P1Y,0.01,ON,ON
FullTest_3078,"Rank(Ts_Rank(volume, 20))",ASI,TOP3000,INDUSTRY,0,1,P1Y,0.01,ON,OFF
FullTest_3079,"Rank(Ts_Rank(volume, 20))",ASI,TOP3000,INDUSTRY,0,1,P1Y,0.01,OFF,ON
FullTest_3080,"Rank(Ts_Rank(volume, 20))",ASI,TOP3000,INDUSTRY,0,1,P1Y,0.01,OFF,OFF
FullTest_3081,"Rank(Ts_Rank(volume, 20))",ASI,TOP3000,INDUSTRY,0,1,P2Y,0.08,ON,ON
FullTest_3082,"Rank(Ts_Rank(volume, 20))",ASI,TOP3000,INDUSTRY,0,1,P2Y,0.08,ON,OFF
FullTest_3083,"Rank(Ts_Rank(volume, 20))",ASI,TOP3000,INDUSTRY,0,1,P2Y,0.08,OFF,ON
FullTest_3084,"Rank(Ts_Rank(volume, 20))",ASI,TOP3000,INDUSTRY,0,1,P2Y,0.08,OFF,OFF
FullTest_3085,"Rank(Ts_Rank(volume, 20))",ASI,TOP3000,INDUSTRY,0,1,P2Y,0.01,ON,ON
FullTest_3086,"Rank(Ts_Rank(volume, 20))",ASI,TOP3000,INDUSTRY,0,1,P2Y,0.01,ON,OFF
FullTest_3087,"Rank(Ts_Rank(volume, 20))",ASI,TOP3000,INDUSTRY,0,1,P2Y,0.01,OFF,ON
FullTest_3088,"Rank(Ts_Rank(volume, 20))",ASI,TOP3000,INDUSTRY,0,1,P2Y,0.01,OFF,OFF
FullTest_3089,"Rank(Ts_Rank(volume, 20))",ASI,TOP3000,INDUSTRY,5,1,P1Y,0.08,ON,ON
FullTest_3090,"Rank(Ts_Rank(volume, 20))",ASI,TOP3000,INDUSTRY,5,1,P1Y,0.08,ON,OFF
FullTest_3091,"Rank(Ts_Rank(volume, 20))",ASI,TOP3000,INDUSTRY,5,1,P1Y,0.08,OFF,ON
FullTest_3092,"Rank(Ts_Rank(volume, 20))",ASI,TOP3000,INDUSTRY,5,1,P1Y,0.08,OFF,OFF
FullTest_3093,"Rank(Ts_Rank(volume, 20))",ASI,TOP3000,INDUSTRY,5,1,P1Y,0.01,ON,ON
FullTest_3094,"Rank(Ts_Rank(volume, 20))",ASI,TOP3000,INDUSTRY,5,1,P1Y,0.01,ON,OFF
FullTest_3095,"Rank(Ts_Rank(volume, 20))",ASI,TOP3000,INDUSTRY,5,1,P1Y,0.01,OFF,ON
FullTest_3096,"Rank(Ts_Rank(volume, 20))",ASI,TOP3000,INDUSTRY,5,1,P1Y,0.01,OFF,OFF
FullTest_3097,"Rank(Ts_Rank(volume, 20))",ASI,TOP3000,INDUSTRY,5,1,P2Y,0.08,ON,ON
FullTest_3098,"Rank(Ts_Rank(volume, 20))",ASI,TOP3000,INDUSTRY,5,1,P2Y,0.08,ON,OFF
FullTest_3099,"Rank(Ts_Rank(volume, 20))",ASI,TOP3000,INDUSTRY,5,1,P2Y,0.08,OFF,ON
FullTest_3100,"Rank(Ts_Rank(volume, 20))",ASI,TOP3000,INDUSTRY,5,1,P2Y,0.08,OFF,OFF
FullTest_3101,"Rank(Ts_Rank(volume, 20))",ASI,TOP3000,INDUSTRY,5,1,P2Y,0.01,ON,ON
FullTest_3102,"Rank(Ts_Rank(volume, 20))",ASI,TOP3000,INDUSTRY,5,1,P2Y,0.01,ON,OFF
FullTest_3103,"Rank(Ts_Rank(volume, 20))",ASI,TOP3000,INDUSTRY,5,1,P2Y,0.01,OFF,ON
FullTest_3104,"Rank(Ts_Rank(volume, 20))",ASI,TOP3000,INDUSTRY,5,1,P2Y,0.01,OFF,OFF
FullTest_3105,"Rank(Ts_Rank(volume, 20))",ASI,TOP3000,MARKET,0,1,P1Y,0.08,ON,ON
FullTest_3106,"Rank(Ts_Rank(volume, 20))",ASI,TOP3000,MARKET,0,1,P1Y,0.08,ON,OFF
FullTest_3107,"Rank(Ts_Rank(volume, 20))",ASI,TOP3000,MARKET,0,1,P1Y,0.08,OFF,ON
FullTest_3108,"Rank(Ts_Rank(volume, 20))",ASI,TOP3000,MARKET,0,1,P1Y,0.08,OFF,OFF
FullTest_3109,"Rank(Ts_Rank(volume, 20))",ASI,TOP3000,MARKET,0,1,P1Y,0.01,ON,ON
FullTest_3110,"Rank(Ts_Rank(volume, 20))",ASI,TOP3000,MARKET,0,1,P1Y,0.01,ON,OFF
FullTest_3111,"Rank(Ts_Rank(volume, 20))",ASI,TOP3000,MARKET,0,1,P1Y,0.01,OFF,ON
FullTest_3112,"Rank(Ts_Rank(volume, 20))",ASI,TOP3000,MARKET,0,1,P1Y,0.01,OFF,OFF
FullTest_3113,"Rank(Ts_Rank(volume, 20))",ASI,TOP3000,MARKET,0,1,P2Y,0.08,ON,ON
FullTest_3114,"Rank(Ts_Rank(volume, 20))",ASI,TOP3000,MARKET,0,1,P2Y,0.08,ON,OFF
FullTest_3115,"Rank(Ts_Rank(volume, 20))",ASI,TOP3000,MARKET,0,1,P2Y,0.08,OFF,ON
FullTest_3116,"Rank(Ts_Rank(volume, 20))",ASI,TOP3000,MARKET,0,1,P2Y,0.08,OFF,OFF
FullTest_3117,"Rank(Ts_Rank(volume, 20))",ASI,TOP3000,MARKET,0,1,P2Y,0.01,ON,ON
FullTest_3118,"Rank(Ts_Rank(volume, 20))",ASI,TOP3000,MARKET,0,1,P2Y,0.01,ON,OFF
FullTest_3119,"Rank(Ts_Rank(volume, 20))",ASI,TOP3000,MARKET,0,1,P2Y,0.01,OFF,ON
FullTest_3120,"Rank(Ts_Rank(volume, 20))",ASI,TOP3000,MARKET,0,1,P2Y,0.01,OFF,OFF
FullTest_3121,"Rank(Ts_Rank(volume, 20))",ASI,TOP3000,MARKET,5,1,P1Y,0.08,ON,ON
FullTest_3122,"Rank(Ts_Rank(volume, 20))",ASI,TOP3000,MARKET,5,1,P1Y,0.08,ON,OFF
FullTest_3123,"Rank(Ts_Rank(volume, 20))",ASI,TOP3000,MARKET,5,1,P1Y,0.08,OFF,ON
FullTest_3124,"Rank(Ts_Rank(volume, 20))",ASI,TOP3000,MARKET,5,1,P1Y,0.08,OFF,OFF
FullTest_3125,"Rank(Ts_Rank(volume, 20))",ASI,TOP3000,MARKET,5,1,P1Y,0.01,ON,ON
FullTest_3126,"Rank(Ts_Rank(volume, 20))",ASI,TOP3000,MARKET,5,1,P1Y,0.01,ON,OFF
FullTest_3127,"Rank(Ts_Rank(volume, 20))",ASI,TOP3000,MARKET,5,1,P1Y,0.01,OFF,ON
FullTest_3128,"Rank(Ts_Rank(volume, 20))",ASI,TOP3000,MARKET,5,1,P1Y,0.01,OFF,OFF
FullTest_3129,"Rank(Ts_Rank(volume, 20))",ASI,TOP3000,MARKET,5,1,P2Y,0.08,ON,ON
FullTest_3130,"Rank(Ts_Rank(volume, 20))",ASI,TOP3000,MARKET,5,1,P2Y,0.08,ON,OFF
FullTest_3131,"Rank(Ts_Rank(volume, 20))",ASI,TOP3000,MARKET,5,1,P2Y,0.08,OFF,ON
FullTest_3132,"Rank(Ts_Rank(volume, 20))",ASI,TOP3000,MARKET,5,1,P2Y,0.08,OFF,OFF
FullTest_3133,"Rank(Ts_Rank(volume, 20))",ASI,TOP3000,MARKET,5,1,P2Y,0.01,ON,ON
FullTest_3134,"Rank(Ts_Rank(volume, 20))",ASI,TOP3000,MARKET,5,1,P2Y,0.01,ON,OFF
FullTest_3135,"Rank(Ts_Rank(volume, 20))",ASI,TOP3000,MARKET,5,1,P2Y,0.01,OFF,ON
FullTest_3136,"Rank(Ts_Rank(volume, 20))",ASI,TOP3000,MARKET,5,1,P2Y,0.01,OFF,OFF
FullTest_3137,"Rank(Ts_Rank(volume, 20))",ASI,TOP3000,NONE,0,1,P1Y,0.08,ON,ON
FullTest_3138,"Rank(Ts_Rank(volume, 20))",ASI,TOP3000,NONE,0,1,P1Y,0.08,ON,OFF
FullTest_3139,"Rank(Ts_Rank(volume, 20))",ASI,TOP3000,NONE,0,1,P1Y,0.08,OFF,ON
FullTest_3140,"Rank(Ts_Rank(volume, 20))",ASI,TOP3000,NONE,0,1,P1Y,0.08,OFF,OFF
FullTest_3141,"Rank(Ts_Rank(volume, 20))",ASI,TOP3000,NONE,0,1,P1Y,0.01,ON,ON
FullTest_3142,"Rank(Ts_Rank(volume, 20))",ASI,TOP3000,NONE,0,1,P1Y,0.01,ON,OFF
FullTest_3143,"Rank(Ts_Rank(volume, 20))",ASI,TOP3000,NONE,0,1,P1Y,0.01,OFF,ON
FullTest_3144,"Rank(Ts_Rank(volume, 20))",ASI,TOP3000,NONE,0,1,P1Y,0.01,OFF,OFF
FullTest_3145,"Rank(Ts_Rank(volume, 20))",ASI,TOP3000,NONE,0,1,P2Y,0.08,ON,ON
FullTest_3146,"Rank(Ts_Rank(volume, 20))",ASI,TOP3000,NONE,0,1,P2Y,0.08,ON,OFF
FullTest_3147,"Rank(Ts_Rank(volume, 20))",ASI,TOP3000,NONE,0,1,P2Y,0.08,OFF,ON
FullTest_3148,"Rank(Ts_Rank(volume, 20))",ASI,TOP3000,NONE,0,1,P2Y,0.08,OFF,OFF
FullTest_3149,"Rank(Ts_Rank(volume, 20))",ASI,TOP3000,NONE,0,1,P2Y,0.01,ON,ON
FullTest_3150,"Rank(Ts_Rank(volume, 20))",ASI,TOP3000,NONE,0,1,P2Y,0.01,ON,OFF
FullTest_3151,"Rank(Ts_Rank(volume, 20))",ASI,TOP3000,NONE,0,1,P2Y,0.01,OFF,ON
FullTest_3152,"Rank(Ts_Rank(volume, 20))",ASI,TOP3000,NONE,0,1,P2Y,0.01,OFF,OFF
FullTest_3153,"Rank(Ts_Rank(volume, 20))",ASI,TOP3000,NONE,5,1,P1Y,0.08,ON,ON
FullTest_3154,"Rank(Ts_Rank(volume, 20))",ASI,TOP3000,NONE,5,1,P1Y,0.08,ON,OFF
FullTest_3155,"Rank(Ts_Rank(volume, 20))",ASI,TOP3000,NONE,5,1,P1Y,0.08,OFF,ON
FullTest_3156,"Rank(Ts_Rank(volume, 20))",ASI,TOP3000,NONE,5,1,P1Y,0.08,OFF,OFF
FullTest_3157,"Rank(Ts_Rank(volume, 20))",ASI,TOP3000,NONE,5,1,P1Y,0.01,ON,ON
FullTest_3158,"Rank(Ts_Rank(volume, 20))",ASI,TOP3000,NONE,5,1,P1Y,0.01,ON,OFF
FullTest_3159,"Rank(Ts_Rank(volume, 20))",ASI,TOP3000,NONE,5,1,P1Y,0.01,OFF,ON
FullTest_3160,"Rank(Ts_Rank(volume, 20))",ASI,TOP3000,NONE,5,1,P1Y,0.01,OFF,OFF
FullTest_3161,"Rank(Ts_Rank(volume, 20))",ASI,TOP3000,NONE,5,1,P2Y,0.08,ON,ON
FullTest_3162,"Rank(Ts_Rank(volume, 20))",ASI,TOP3000,NONE,5,1,P2Y,0.08,ON,OFF
FullTest_3163,"Rank(Ts_Rank(volume, 20))",ASI,TOP3000,NONE,5,1,P2Y,0.08,OFF,ON
FullTest_3164,"Rank(Ts_Rank(volume, 20))",ASI,TOP3000,NONE,5,1,P2Y,0.08,OFF,OFF
FullTest_3165,"Rank(Ts_Rank(volume, 20))",ASI,TOP3000,NONE,5,1,P2Y,0.01,ON,ON
FullTest_3166,"Rank(Ts_Rank(volume, 20))",ASI,TOP3000,NONE,5,1,P2Y,0.01,ON,OFF
FullTest_3167,"Rank(Ts_Rank(volume, 20))",ASI,TOP3000,NONE,5,1,P2Y,0.01,OFF,ON
FullTest_3168,"Rank(Ts_Rank(volume, 20))",ASI,TOP3000,NONE,5,1,P2Y,0.01,OFF,OFF
FullTest_3169,"Rank(Ts_Rank(volume, 20))",ASI,MINVOL3M,INDUSTRY,0,1,P1Y,0.08,ON,ON
FullTest_3170,"Rank(Ts_Rank(volume, 20))",ASI,MINVOL3M,INDUSTRY,0,1,P1Y,0.08,ON,OFF
FullTest_3171,"Rank(Ts_Rank(volume, 20))",ASI,MINVOL3M,INDUSTRY,0,1,P1Y,0.08,OFF,ON
FullTest_3172,"Rank(Ts_Rank(volume, 20))",ASI,MINVOL3M,INDUSTRY,0,1,P1Y,0.08,OFF,OFF
FullTest_3173,"Rank(Ts_Rank(volume, 20))",ASI,MINVOL3M,INDUSTRY,0,1,P1Y,0.01,ON,ON
FullTest_3174,"Rank(Ts_Rank(volume, 20))",ASI,MINVOL3M,INDUSTRY,0,1,P1Y,0.01,ON,OFF
FullTest_3175,"Rank(Ts_Rank(volume, 20))",ASI,MINVOL3M,INDUSTRY,0,1,P1Y,0.01,OFF,ON
FullTest_3176,"Rank(Ts_Rank(volume, 20))",ASI,MINVOL3M,INDUSTRY,0,1,P1Y,0.01,OFF,OFF
FullTest_3177,"Rank(Ts_Rank(volume, 20))",ASI,MINVOL3M,INDUSTRY,0,1,P2Y,0.08,ON,ON
FullTest_3178,"Rank(Ts_Rank(volume, 20))",ASI,MINVOL3M,INDUSTRY,0,1,P2Y,0.08,ON,OFF
FullTest_3179,"Rank(Ts_Rank(volume, 20))",ASI,MINVOL3M,INDUSTRY,0,1,P2Y,0.08,OFF,ON
FullTest_3180,"Rank(Ts_Rank(volume, 20))",ASI,MINVOL3M,INDUSTRY,0,1,P2Y,0.08,OFF,OFF
FullTest_3181,"Rank(Ts_Rank(volume, 20))",ASI,MINVOL3M,INDUSTRY,0,1,P2Y,0.01,ON,ON
FullTest_3182,"Rank(Ts_Rank(volume, 20))",ASI,MINVOL3M,INDUSTRY,0,1,P2Y,0.01,ON,OFF
FullTest_3183,"Rank(Ts_Rank(volume, 20))",ASI,MINVOL3M,INDUSTRY,0,1,P2Y,0.01,OFF,ON
FullTest_3184,"Rank(Ts_Rank(volume, 20))",ASI,MINVOL3M,INDUSTRY,0,1,P2Y,0.01,OFF,OFF
FullTest_3185,"Rank(Ts_Rank(volume, 20))",ASI,MINVOL3M,INDUSTRY,5,1,P1Y,0.08,ON,ON
FullTest_3186,"Rank(Ts_Rank(volume, 20))",ASI,MINVOL3M,INDUSTRY,5,1,P1Y,0.08,ON,OFF
FullTest_3187,"Rank(Ts_Rank(volume, 20))",ASI,MINVOL3M,INDUSTRY,5,1,P1Y,0.08,OFF,ON
FullTest_3188,"Rank(Ts_Rank(volume, 20))",ASI,MINVOL3M,INDUSTRY,5,1,P1Y,0.08,OFF,OFF
FullTest_3189,"Rank(Ts_Rank(volume, 20))",ASI,MINVOL3M,INDUSTRY,5,1,P1Y,0.01,ON,ON
FullTest_3190,"Rank(Ts_Rank(volume, 20))",ASI,MINVOL3M,INDUSTRY,5,1,P1Y,0.01,ON,OFF
FullTest_3191,"Rank(Ts_Rank(volume, 20))",ASI,MINVOL3M,INDUSTRY,5,1,P1Y,0.01,OFF,ON
FullTest_3192,"Rank(Ts_Rank(volume, 20))",ASI,MINVOL3M,INDUSTRY,5,1,P1Y,0.01,OFF,OFF
FullTest_3193,"Rank(Ts_Rank(volume, 20))",ASI,MINVOL3M,INDUSTRY,5,1,P2Y,0.08,ON,ON
FullTest_3194,"Rank(Ts_Rank(volume, 20))",ASI,MINVOL3M,INDUSTRY,5,1,P2Y,0.08,ON,OFF
FullTest_3195,"Rank(Ts_Rank(volume, 20))",ASI,MINVOL3M,INDUSTRY,5,1,P2Y,0.08,OFF,ON
FullTest_3196,"Rank(Ts_Rank(volume, 20))",ASI,MINVOL3M,INDUSTRY,5,1,P2Y,0.08,OFF,OFF
FullTest_3197,"Rank(Ts_Rank(volume, 20))",ASI,MINVOL3M,INDUSTRY,5,1,P2Y,0.01,ON,ON
FullTest_3198,"Rank(Ts_Rank(volume, 20))",ASI,MINVOL3M,INDUSTRY,5,1,P2Y,0.01,ON,OFF
FullTest_3199,"Rank(Ts_Rank(volume, 20))",ASI,MINVOL3M,INDUSTRY,5,1,P2Y,0.01,OFF,ON
FullTest_3200,"Rank(Ts_Rank(volume, 20))",ASI,MINVOL3M,INDUSTRY,5,1,P2Y,0.01,OFF,OFF
FullTest_3201,"Rank(Ts_Rank(volume, 20))",ASI,MINVOL3M,MARKET,0,1,P1Y,0.08,ON,ON
FullTest_3202,"Rank(Ts_Rank(volume, 20))",ASI,MINVOL3M,MARKET,0,1,P1Y,0.08,ON,OFF
FullTest_3203,"Rank(Ts_Rank(volume, 20))",ASI,MINVOL3M,MARKET,0,1,P1Y,0.08,OFF,ON
FullTest_3204,"Rank(Ts_Rank(volume, 20))",ASI,MINVOL3M,MARKET,0,1,P1Y,0.08,OFF,OFF
FullTest_3205,"Rank(Ts_Rank(volume, 20))",ASI,MINVOL3M,MARKET,0,1,P1Y,0.01,ON,ON
FullTest_3206,"Rank(Ts_Rank(volume, 20))",ASI,MINVOL3M,MARKET,0,1,P1Y,0.01,ON,OFF
FullTest_3207,"Rank(Ts_Rank(volume, 20))",ASI,MINVOL3M,MARKET,0,1,P1Y,0.01,OFF,ON
FullTest_3208,"Rank(Ts_Rank(volume, 20))",ASI,MINVOL3M,MARKET,0,1,P1Y,0.01,OFF,OFF
FullTest_3209,"Rank(Ts_Rank(volume, 20))",ASI,MINVOL3M,MARKET,0,1,P2Y,0.08,ON,ON
FullTest_3210,"Rank(Ts_Rank(volume, 20))",ASI,MINVOL3M,MARKET,0,1,P2Y,0.08,ON,OFF
FullTest_3211,"Rank(Ts_Rank(volume, 20))",ASI,MINVOL3M,MARKET,0,1,P2Y,0.08,OFF,ON
FullTest_3212,"Rank(Ts_Rank(volume, 20))",ASI,MINVOL3M,MARKET,0,1,P2Y,0.08,OFF,OFF
FullTest_3213,"Rank(Ts_Rank(volume, 20))",ASI,MINVOL3M,MARKET,0,1,P2Y,0.01,ON,ON
FullTest_3214,"Rank(Ts_Rank(volume, 20))",ASI,MINVOL3M,MARKET,0,1,P2Y,0.01,ON,OFF
FullTest_3215,"Rank(Ts_Rank(volume, 20))",ASI,MINVOL3M,MARKET,0,1,P2Y,0.01,OFF,ON
FullTest_3216,"Rank(Ts_Rank(volume, 20))",ASI,MINVOL3M,MARKET,0,1,P2Y,0.01,OFF,OFF
FullTest_3217,"Rank(Ts_Rank(volume, 20))",ASI,MINVOL3M,MARKET,5,1,P1Y,0.08,ON,ON
FullTest_3218,"Rank(Ts_Rank(volume, 20))",ASI,MINVOL3M,MARKET,5,1,P1Y,0.08,ON,OFF
FullTest_3219,"Rank(Ts_Rank(volume, 20))",ASI,MINVOL3M,MARKET,5,1,P1Y,0.08,OFF,ON
FullTest_3220,"Rank(Ts_Rank(volume, 20))",ASI,MINVOL3M,MARKET,5,1,P1Y,0.08,OFF,OFF
FullTest_3221,"Rank(Ts_Rank(volume, 20))",ASI,MINVOL3M,MARKET,5,1,P1Y,0.01,ON,ON
FullTest_3222,"Rank(Ts_Rank(volume, 20))",ASI,MINVOL3M,MARKET,5,1,P1Y,0.01,ON,OFF
FullTest_3223,"Rank(Ts_Rank(volume, 20))",ASI,MINVOL3M,MARKET,5,1,P1Y,0.01,OFF,ON
FullTest_3224,"Rank(Ts_Rank(volume, 20))",ASI,MINVOL3M,MARKET,5,1,P1Y,0.01,OFF,OFF
FullTest_3225,"Rank(Ts_Rank(volume, 20))",ASI,MINVOL3M,MARKET,5,1,P2Y,0.08,ON,ON
FullTest_3226,"Rank(Ts_Rank(volume, 20))",ASI,MINVOL3M,MARKET,5,1,P2Y,0.08,ON,OFF
FullTest_3227,"Rank(Ts_Rank(volume, 20))",ASI,MINVOL3M,MARKET,5,1,P2Y,0.08,OFF,ON
FullTest_3228,"Rank(Ts_Rank(volume, 20))",ASI,MINVOL3M,MARKET,5,1,P2Y,0.08,OFF,OFF
FullTest_3229,"Rank(Ts_Rank(volume, 20))",ASI,MINVOL3M,MARKET,5,1,P2Y,0.01,ON,ON
FullTest_3230,"Rank(Ts_Rank(volume, 20))",ASI,MINVOL3M,MARKET,5,1,P2Y,0.01,ON,OFF
FullTest_3231,"Rank(Ts_Rank(volume, 20))",ASI,MINVOL3M,MARKET,5,1,P2Y,0.01,OFF,ON
FullTest_3232,"Rank(Ts_Rank(volume, 20))",ASI,MINVOL3M,MARKET,5,1,P2Y,0.01,OFF,OFF
FullTest_3233,"Rank(Ts_Rank(volume, 20))",ASI,MINVOL3M,NONE,0,1,P1Y,0.08,ON,ON
FullTest_3234,"Rank(Ts_Rank(volume, 20))",ASI,MINVOL3M,NONE,0,1,P1Y,0.08,ON,OFF
FullTest_3235,"Rank(Ts_Rank(volume, 20))",ASI,MINVOL3M,NONE,0,1,P1Y,0.08,OFF,ON
FullTest_3236,"Rank(Ts_Rank(volume, 20))",ASI,MINVOL3M,NONE,0,1,P1Y,0.08,OFF,OFF
FullTest_3237,"Rank(Ts_Rank(volume, 20))",ASI,MINVOL3M,NONE,0,1,P1Y,0.01,ON,ON
FullTest_3238,"Rank(Ts_Rank(volume, 20))",ASI,MINVOL3M,NONE,0,1,P1Y,0.01,ON,OFF
FullTest_3239,"Rank(Ts_Rank(volume, 20))",ASI,MINVOL3M,NONE,0,1,P1Y,0.01,OFF,ON
FullTest_3240,"Rank(Ts_Rank(volume, 20))",ASI,MINVOL3M,NONE,0,1,P1Y,0.01,OFF,OFF
FullTest_3241,"Rank(Ts_Rank(volume, 20))",ASI,MINVOL3M,NONE,0,1,P2Y,0.08,ON,ON
FullTest_3242,"Rank(Ts_Rank(volume, 20))",ASI,MINVOL3M,NONE,0,1,P2Y,0.08,ON,OFF
FullTest_3243,"Rank(Ts_Rank(volume, 20))",ASI,MINVOL3M,NONE,0,1,P2Y,0.08,OFF,ON
FullTest_3244,"Rank(Ts_Rank(volume, 20))",ASI,MINVOL3M,NONE,0,1,P2Y,0.08,OFF,OFF
FullTest_3245,"Rank(Ts_Rank(volume, 20))",ASI,MINVOL3M,NONE,0,1,P2Y,0.01,ON,ON
FullTest_3246,"Rank(Ts_Rank(volume, 20))",ASI,MINVOL3M,NONE,0,1,P2Y,0.01,ON,OFF
FullTest_3247,"Rank(Ts_Rank(volume, 20))",ASI,MINVOL3M,NONE,0,1,P2Y,0.01,OFF,ON
FullTest_3248,"Rank(Ts_Rank(volume, 20))",ASI,MINVOL3M,NONE,0,1,P2Y,0.01,OFF,OFF
FullTest_3249,"Rank(Ts_Rank(volume, 20))",ASI,MINVOL3M,NONE,5,1,P1Y,0.08,ON,ON
FullTest_3250,"Rank(Ts_Rank(volume, 20))",ASI,MINVOL3M,NONE,5,1,P1Y,0.08,ON,OFF
FullTest_3251,"Rank(Ts_Rank(volume, 20))",ASI,MINVOL3M,NONE,5,1,P1Y,0.08,OFF,ON
FullTest_3252,"Rank(Ts_Rank(volume, 20))",ASI,MINVOL3M,NONE,5,1,P1Y,0.08,OFF,OFF
FullTest_3253,"Rank(Ts_Rank(volume, 20))",ASI,MINVOL3M,NONE,5,1,P1Y,0.01,ON,ON
FullTest_3254,"Rank(Ts_Rank(volume, 20))",ASI,MINVOL3M,NONE,5,1,P1Y,0.01,ON,OFF
FullTest_3255,"Rank(Ts_Rank(volume, 20))",ASI,MINVOL3M,NONE,5,1,P1Y,0.01,OFF,ON
FullTest_3256,"Rank(Ts_Rank(volume, 20))",ASI,MINVOL3M,NONE,5,1,P1Y,0.01,OFF,OFF
FullTest_3257,"Rank(Ts_Rank(volume, 20))",ASI,MINVOL3M,NONE,5,1,P2Y,0.08,ON,ON
FullTest_3258,"Rank(Ts_Rank(volume, 20))",ASI,MINVOL3M,NONE,5,1,P2Y,0.08,ON,OFF
FullTest_3259,"Rank(Ts_Rank(volume, 20))",ASI,MINVOL3M,NONE,5,1,P2Y,0.08,OFF,ON
FullTest_3260,"Rank(Ts_Rank(volume, 20))",ASI,MINVOL3M,NONE,5,1,P2Y,0.08,OFF,OFF
FullTest_3261,"Rank(Ts_Rank(volume, 20))",ASI,MINVOL3M,NONE,5,1,P2Y,0.01,ON,ON
FullTest_3262,"Rank(Ts_Rank(volume, 20))",ASI,MINVOL3M,NONE,5,1,P2Y,0.01,ON,OFF
FullTest_3263,"Rank(Ts_Rank(volume, 20))",ASI,MINVOL3M,NONE,5,1,P2Y,0.01,OFF,ON
FullTest_3264,"Rank(Ts_Rank(volume, 20))",ASI,MINVOL3M,NONE,5,1,P2Y,0.01,OFF,OFF
FullTest_3265,"Rank(Ts_Rank(volume, 20))",EUR,TOP3000,INDUSTRY,0,1,P1Y,0.08,ON,ON
FullTest_3266,"Rank(Ts_Rank(volume, 20))",EUR,TOP3000,INDUSTRY,0,1,P1Y,0.08,ON,OFF
FullTest_3267,"Rank(Ts_Rank(volume, 20))",EUR,TOP3000,INDUSTRY,0,1,P1Y,0.08,OFF,ON
FullTest_3268,"Rank(Ts_Rank(volume, 20))",EUR,TOP3000,INDUSTRY,0,1,P1Y,0.08,OFF,OFF
FullTest_3269,"Rank(Ts_Rank(volume, 20))",EUR,TOP3000,INDUSTRY,0,1,P1Y,0.01,ON,ON
FullTest_3270,"Rank(Ts_Rank(volume, 20))",EUR,TOP3000,INDUSTRY,0,1,P1Y,0.01,ON,OFF
FullTest_3271,"Rank(Ts_Rank(volume, 20))",EUR,TOP3000,INDUSTRY,0,1,P1Y,0.01,OFF,ON
FullTest_3272,"Rank(Ts_Rank(volume, 20))",EUR,TOP3000,INDUSTRY,0,1,P1Y,0.01,OFF,OFF
FullTest_3273,"Rank(Ts_Rank(volume, 20))",EUR,TOP3000,INDUSTRY,0,1,P2Y,0.08,ON,ON
FullTest_3274,"Rank(Ts_Rank(volume, 20))",EUR,TOP3000,INDUSTRY,0,1,P2Y,0.08,ON,OFF
FullTest_3275,"Rank(Ts_Rank(volume, 20))",EUR,TOP3000,INDUSTRY,0,1,P2Y,0.08,OFF,ON
FullTest_3276,"Rank(Ts_Rank(volume, 20))",EUR,TOP3000,INDUSTRY,0,1,P2Y,0.08,OFF,OFF
FullTest_3277,"Rank(Ts_Rank(volume, 20))",EUR,TOP3000,INDUSTRY,0,1,P2Y,0.01,ON,ON
FullTest_3278,"Rank(Ts_Rank(volume, 20))",EUR,TOP3000,INDUSTRY,0,1,P2Y,0.01,ON,OFF
FullTest_3279,"Rank(Ts_Rank(volume, 20))",EUR,TOP3000,INDUSTRY,0,1,P2Y,0.01,OFF,ON
FullTest_3280,"Rank(Ts_Rank(volume, 20))",EUR,TOP3000,INDUSTRY,0,1,P2Y,0.01,OFF,OFF
FullTest_3281,"Rank(Ts_Rank(volume, 20))",EUR,TOP3000,INDUSTRY,5,1,P1Y,0.08,ON,ON
FullTest_3282,"Rank(Ts_Rank(volume, 20))",EUR,TOP3000,INDUSTRY,5,1,P1Y,0.08,ON,OFF
FullTest_3283,"Rank(Ts_Rank(volume, 20))",EUR,TOP3000,INDUSTRY,5,1,P1Y,0.08,OFF,ON
FullTest_3284,"Rank(Ts_Rank(volume, 20))",EUR,TOP3000,INDUSTRY,5,1,P1Y,0.08,OFF,OFF
FullTest_3285,"Rank(Ts_Rank(volume, 20))",EUR,TOP3000,INDUSTRY,5,1,P1Y,0.01,ON,ON
FullTest_3286,"Rank(Ts_Rank(volume, 20))",EUR,TOP3000,INDUSTRY,5,1,P1Y,0.01,ON,OFF
FullTest_3287,"Rank(Ts_Rank(volume, 20))",EUR,TOP3000,INDUSTRY,5,1,P1Y,0.01,OFF,ON
FullTest_3288,"Rank(Ts_Rank(volume, 20))",EUR,TOP3000,INDUSTRY,5,1,P1Y,0.01,OFF,OFF
FullTest_3289,"Rank(Ts_Rank(volume, 20))",EUR,TOP3000,INDUSTRY,5,1,P2Y,0.08,ON,ON
FullTest_3290,"Rank(Ts_Rank(volume, 20))",EUR,TOP3000,INDUSTRY,5,1,P2Y,0.08,ON,OFF
FullTest_3291,"Rank(Ts_Rank(volume, 20))",EUR,TOP3000,INDUSTRY,5,1,P2Y,0.08,OFF,ON
FullTest_3292,"Rank(Ts_Rank(volume, 20))",EUR,TOP3000,INDUSTRY,5,1,P2Y,0.08,OFF,OFF
FullTest_3293,"Rank(Ts_Rank(volume, 20))",EUR,TOP3000,INDUSTRY,5,1,P2Y,0.01,ON,ON
FullTest_3294,"Rank(Ts_Rank(volume, 20))",EUR,TOP3000,INDUSTRY,5,1,P2Y,0.01,ON,OFF
FullTest_3295,"Rank(Ts_Rank(volume, 20))",EUR,TOP3000,INDUSTRY,5,1,P2Y,0.01,OFF,ON
FullTest_3296,"Rank(Ts_Rank(volume, 20))",EUR,TOP3000,INDUSTRY,5,1,P2Y,0.01,OFF,OFF
FullTest_3297,"Rank(Ts_Rank(volume, 20))",EUR,TOP3000,MARKET,0,1,P1Y,0.08,ON,ON
FullTest_3298,"Rank(Ts_Rank(volume, 20))",EUR,TOP3000,MARKET,0,1,P1Y,0.08,ON,OFF
FullTest_3299,"Rank(Ts_Rank(volume, 20))",EUR,TOP3000,MARKET,0,1,P1Y,0.08,OFF,ON
FullTest_3300,"Rank(Ts_Rank(volume, 20))",EUR,TOP3000,MARKET,0,1,P1Y,0.08,OFF,OFF
FullTest_3301,"Rank(Ts_Rank(volume, 20))",EUR,TOP3000,MARKET,0,1,P1Y,0.01,ON,ON
FullTest_3302,"Rank(Ts_Rank(volume, 20))",EUR,TOP3000,MARKET,0,1,P1Y,0.01,ON,OFF
FullTest_3303,"Rank(Ts_Rank(volume, 20))",EUR,TOP3000,MARKET,0,1,P1Y,0.01,OFF,ON
FullTest_3304,"Rank(Ts_Rank(volume, 20))",EUR,TOP3000,MARKET,0,1,P1Y,0.01,OFF,OFF
FullTest_3305,"Rank(Ts_Rank(volume, 20))",EUR,TOP3000,MARKET,0,1,P2Y,0.08,ON,ON
FullTest_3306,"Rank(Ts_Rank(volume, 20))",EUR,TOP3000,MARKET,0,1,P2Y,0.08,ON,OFF
FullTest_3307,"Rank(Ts_Rank(volume, 20))",EUR,TOP3000,MARKET,0,1,P2Y,0.08,OFF,ON
FullTest_3308,"Rank(Ts_Rank(volume, 20))",EUR,TOP3000,MARKET,0,1,P2Y,0.08,OFF,OFF
FullTest_3309,"Rank(Ts_Rank(volume, 20))",EUR,TOP3000,MARKET,0,1,P2Y,0.01,ON,ON
FullTest_3310,"Rank(Ts_Rank(volume, 20))",EUR,TOP3000,MARKET,0,1,P2Y,0.01,ON,OFF
FullTest_3311,"Rank(Ts_Rank(volume, 20))",EUR,TOP3000,MARKET,0,1,P2Y,0.01,OFF,ON
FullTest_3312,"Rank(Ts_Rank(volume, 20))",EUR,TOP3000,MARKET,0,1,P2Y,0.01,OFF,OFF
FullTest_3313,"Rank(Ts_Rank(volume, 20))",EUR,TOP3000,MARKET,5,1,P1Y,0.08,ON,ON
FullTest_3314,"Rank(Ts_Rank(volume, 20))",EUR,TOP3000,MARKET,5,1,P1Y,0.08,ON,OFF
FullTest_3315,"Rank(Ts_Rank(volume, 20))",EUR,TOP3000,MARKET,5,1,P1Y,0.08,OFF,ON
FullTest_3316,"Rank(Ts_Rank(volume, 20))",EUR,TOP3000,MARKET,5,1,P1Y,0.08,OFF,OFF
FullTest_3317,"Rank(Ts_Rank(volume, 20))",EUR,TOP3000,MARKET,5,1,P1Y,0.01,ON,ON
FullTest_3318,"Rank(Ts_Rank(volume, 20))",EUR,TOP3000,MARKET,5,1,P1Y,0.01,ON,OFF
FullTest_3319,"Rank(Ts_Rank(volume, 20))",EUR,TOP3000,MARKET,5,1,P1Y,0.01,OFF,ON
FullTest_3320,"Rank(Ts_Rank(volume, 20))",EUR,TOP3000,MARKET,5,1,P1Y,0.01,OFF,OFF
FullTest_3321,"Rank(Ts_Rank(volume, 20))",EUR,TOP3000,MARKET,5,1,P2Y,0.08,ON,ON
FullTest_3322,"Rank(Ts_Rank(volume, 20))",EUR,TOP3000,MARKET,5,1,P2Y,0.08,ON,OFF
FullTest_3323,"Rank(Ts_Rank(volume, 20))",EUR,TOP3000,MARKET,5,1,P2Y,0.08,OFF,ON
FullTest_3324,"Rank(Ts_Rank(volume, 20))",EUR,TOP3000,MARKET,5,1,P2Y,0.08,OFF,OFF
FullTest_3325,"Rank(Ts_Rank(volume, 20))",EUR,TOP3000,MARKET,5,1,P2Y,0.01,ON,ON
FullTest_3326,"Rank(Ts_Rank(volume, 20))",EUR,TOP3000,MARKET,5,1,P2Y,0.01,ON,OFF
FullTest_3327,"Rank(Ts_Rank(volume, 20))",EUR,TOP3000,MARKET,5,1,P2Y,0.01,OFF,ON
FullTest_3328,"Rank(Ts_Rank(volume, 20))",EUR,TOP3000,MARKET,5,1,P2Y,0.01,OFF,OFF
FullTest_3329,"Rank(Ts_Rank(volume, 20))",EUR,TOP3000,NONE,0,1,P1Y,0.08,ON,ON
FullTest_3330,"Rank(Ts_Rank(volume, 20))",EUR,TOP3000,NONE,0,1,P1Y,0.08,ON,OFF
FullTest_3331,"Rank(Ts_Rank(volume, 20))",EUR,TOP3000,NONE,0,1,P1Y,0.08,OFF,ON
FullTest_3332,"Rank(Ts_Rank(volume, 20))",EUR,TOP3000,NONE,0,1,P1Y,0.08,OFF,OFF
FullTest_3333,"Rank(Ts_Rank(volume, 20))",EUR,TOP3000,NONE,0,1,P1Y,0.01,ON,ON
FullTest_3334,"Rank(Ts_Rank(volume, 20))",EUR,TOP3000,NONE,0,1,P1Y,0.01,ON,OFF
FullTest_3335,"Rank(Ts_Rank(volume, 20))",EUR,TOP3000,NONE,0,1,P1Y,0.01,OFF,ON
FullTest_3336,"Rank(Ts_Rank(volume, 20))",EUR,TOP3000,NONE,0,1,P1Y,0.01,OFF,OFF
FullTest_3337,"Rank(Ts_Rank(volume, 20))",EUR,TOP3000,NONE,0,1,P2Y,0.08,ON,ON
FullTest_3338,"Rank(Ts_Rank(volume, 20))",EUR,TOP3000,NONE,0,1,P2Y,0.08,ON,OFF
FullTest_3339,"Rank(Ts_Rank(volume, 20))",EUR,TOP3000,NONE,0,1,P2Y,0.08,OFF,ON
FullTest_3340,"Rank(Ts_Rank(volume, 20))",EUR,TOP3000,NONE,0,1,P2Y,0.08,OFF,OFF
FullTest_3341,"Rank(Ts_Rank(volume, 20))",EUR,TOP3000,NONE,0,1,P2Y,0.01,ON,ON
FullTest_3342,"Rank(Ts_Rank(volume, 20))",EUR,TOP3000,NONE,0,1,P2Y,0.01,ON,OFF
FullTest_3343,"Rank(Ts_Rank(volume, 20))",EUR,TOP3000,NONE,0,1,P2Y,0.01,OFF,ON
FullTest_3344,"Rank(Ts_Rank(volume, 20))",EUR,TOP3000,NONE,0,1,P2Y,0.01,OFF,OFF
FullTest_3345,"Rank(Ts_Rank(volume, 20))",EUR,TOP3000,NONE,5,1,P1Y,0.08,ON,ON
FullTest_3346,"Rank(Ts_Rank(volume, 20))",EUR,TOP3000,NONE,5,1,P1Y,0.08,ON,OFF
FullTest_3347,"Rank(Ts_Rank(volume, 20))",EUR,TOP3000,NONE,5,1,P1Y,0.08,OFF,ON
FullTest_3348,"Rank(Ts_Rank(volume, 20))",EUR,TOP3000,NONE,5,1,P1Y,0.08,OFF,OFF
FullTest_3349,"Rank(Ts_Rank(volume, 20))",EUR,TOP3000,NONE,5,1,P1Y,0.01,ON,ON
FullTest_3350,"Rank(Ts_Rank(volume, 20))",EUR,TOP3000,NONE,5,1,P1Y,0.01,ON,OFF
FullTest_3351,"Rank(Ts_Rank(volume, 20))",EUR,TOP3000,NONE,5,1,P1Y,0.01,OFF,ON
FullTest_3352,"Rank(Ts_Rank(volume, 20))",EUR,TOP3000,NONE,5,1,P1Y,0.01,OFF,OFF
FullTest_3353,"Rank(Ts_Rank(volume, 20))",EUR,TOP3000,NONE,5,1,P2Y,0.08,ON,ON
FullTest_3354,"Rank(Ts_Rank(volume, 20))",EUR,TOP3000,NONE,5,1,P2Y,0.08,ON,OFF
FullTest_3355,"Rank(Ts_Rank(volume, 20))",EUR,TOP3000,NONE,5,1,P2Y,0.08,OFF,ON
FullTest_3356,"Rank(Ts_Rank(volume, 20))",EUR,TOP3000,NONE,5,1,P2Y,0.08,OFF,OFF
FullTest_3357,"Rank(Ts_Rank(volume, 20))",EUR,TOP3000,NONE,5,1,P2Y,0.01,ON,ON
FullTest_3358,"Rank(Ts_Rank(volume, 20))",EUR,TOP3000,NONE,5,1,P2Y,0.01,ON,OFF
FullTest_3359,"Rank(Ts_Rank(volume, 20))",EUR,TOP3000,NONE,5,1,P2Y,0.01,OFF,ON
FullTest_3360,"Rank(Ts_Rank(volume, 20))",EUR,TOP3000,NONE,5,1,P2Y,0.01,OFF,OFF
FullTest_3361,"Rank(Ts_Rank(volume, 20))",EUR,MINVOL3M,INDUSTRY,0,1,P1Y,0.08,ON,ON
FullTest_3362,"Rank(Ts_Rank(volume, 20))",EUR,MINVOL3M,INDUSTRY,0,1,P1Y,0.08,ON,OFF
FullTest_3363,"Rank(Ts_Rank(volume, 20))",EUR,MINVOL3M,INDUSTRY,0,1,P1Y,0.08,OFF,ON
FullTest_3364,"Rank(Ts_Rank(volume, 20))",EUR,MINVOL3M,INDUSTRY,0,1,P1Y,0.08,OFF,OFF
FullTest_3365,"Rank(Ts_Rank(volume, 20))",EUR,MINVOL3M,INDUSTRY,0,1,P1Y,0.01,ON,ON
FullTest_3366,"Rank(Ts_Rank(volume, 20))",EUR,MINVOL3M,INDUSTRY,0,1,P1Y,0.01,ON,OFF
FullTest_3367,"Rank(Ts_Rank(volume, 20))",EUR,MINVOL3M,INDUSTRY,0,1,P1Y,0.01,OFF,ON
FullTest_3368,"Rank(Ts_Rank(volume, 20))",EUR,MINVOL3M,INDUSTRY,0,1,P1Y,0.01,OFF,OFF
FullTest_3369,"Rank(Ts_Rank(volume, 20))",EUR,MINVOL3M,INDUSTRY,0,1,P2Y,0.08,ON,ON
FullTest_3370,"Rank(Ts_Rank(volume, 20))",EUR,MINVOL3M,INDUSTRY,0,1,P2Y,0.08,ON,OFF
FullTest_3371,"Rank(Ts_Rank(volume, 20))",EUR,MINVOL3M,INDUSTRY,0,1,P2Y,0.08,OFF,ON
FullTest_3372,"Rank(Ts_Rank(volume, 20))",EUR,MINVOL3M,INDUSTRY,0,1,P2Y,0.08,OFF,OFF
FullTest_3373,"Rank(Ts_Rank(volume, 20))",EUR,MINVOL3M,INDUSTRY,0,1,P2Y,0.01,ON,ON
FullTest_3374,"Rank(Ts_Rank(volume, 20))",EUR,MINVOL3M,INDUSTRY,0,1,P2Y,0.01,ON,OFF
FullTest_3375,"Rank(Ts_Rank(volume, 20))",EUR,MINVOL3M,INDUSTRY,0,1,P2Y,0.01,OFF,ON
FullTest_3376,"Rank(Ts_Rank(volume, 20))",EUR,MINVOL3M,INDUSTRY,0,1,P2Y,0.01,OFF,OFF
FullTest_3377,"Rank(Ts_Rank(volume, 20))",EUR,MINVOL3M,INDUSTRY,5,1,P1Y,0.08,ON,ON
FullTest_3378,"Rank(Ts_Rank(volume, 20))",EUR,MINVOL3M,INDUSTRY,5,1,P1Y,0.08,ON,OFF
FullTest_3379,"Rank(Ts_Rank(volume, 20))",EUR,MINVOL3M,INDUSTRY,5,1,P1Y,0.08,OFF,ON
FullTest_3380,"Rank(Ts_Rank(volume, 20))",EUR,MINVOL3M,INDUSTRY,5,1,P1Y,0.08,OFF,OFF
FullTest_3381,"Rank(Ts_Rank(volume, 20))",EUR,MINVOL3M,INDUSTRY,5,1,P1Y,0.01,ON,ON
FullTest_3382,"Rank(Ts_Rank(volume, 20))",EUR,MINVOL3M,INDUSTRY,5,1,P1Y,0.01,ON,OFF
FullTest_3383,"Rank(Ts_Rank(volume, 20))",EUR,MINVOL3M,INDUSTRY,5,1,P1Y,0.01,OFF,ON
FullTest_3384,"Rank(Ts_Rank(volume, 20))",EUR,MINVOL3M,INDUSTRY,5,1,P1Y,0.01,OFF,OFF
FullTest_3385,"Rank(Ts_Rank(volume, 20))",EUR,MINVOL3M,INDUSTRY,5,1,P2Y,0.08,ON,ON
FullTest_3386,"Rank(Ts_Rank(volume, 20))",EUR,MINVOL3M,INDUSTRY,5,1,P2Y,0.08,ON,OFF
FullTest_3387,"Rank(Ts_Rank(volume, 20))",EUR,MINVOL3M,INDUSTRY,5,1,P2Y,0.08,OFF,ON
FullTest_3388,"Rank(Ts_Rank(volume, 20))",EUR,MINVOL3M,INDUSTRY,5,1,P2Y,0.08,OFF,OFF
FullTest_3389,"Rank(Ts_Rank(volume, 20))",EUR,MINVOL3M,INDUSTRY,5,1,P2Y,0.01,ON,ON
FullTest_3390,"Rank(Ts_Rank(volume, 20))",EUR,MINVOL3M,INDUSTRY,5,1,P2Y,0.01,ON,OFF
FullTest_3391,"Rank(Ts_Rank(volume, 20))",EUR,MINVOL3M,INDUSTRY,5,1,P2Y,0.01,OFF,ON
FullTest_3392,"Rank(Ts_Rank(volume, 20))",EUR,MINVOL3M,INDUSTRY,5,1,P2Y,0.01,OFF,OFF
FullTest_3393,"Rank(Ts_Rank(volume, 20))",EUR,MINVOL3M,MARKET,0,1,P1Y,0.08,ON,ON
FullTest_3394,"Rank(Ts_Rank(volume, 20))",EUR,MINVOL3M,MARKET,0,1,P1Y,0.08,ON,OFF
FullTest_3395,"Rank(Ts_Rank(volume, 20))",EUR,MINVOL3M,MARKET,0,1,P1Y,0.08,OFF,ON
FullTest_3396,"Rank(Ts_Rank(volume, 20))",EUR,MINVOL3M,MARKET,0,1,P1Y,0.08,OFF,OFF
FullTest_3397,"Rank(Ts_Rank(volume, 20))",EUR,MINVOL3M,MARKET,0,1,P1Y,0.01,ON,ON
FullTest_3398,"Rank(Ts_Rank(volume, 20))",EUR,MINVOL3M,MARKET,0,1,P1Y,0.01,ON,OFF
FullTest_3399,"Rank(Ts_Rank(volume, 20))",EUR,MINVOL3M,MARKET,0,1,P1Y,0.01,OFF,ON
FullTest_3400,"Rank(Ts_Rank(volume, 20))",EUR,MINVOL3M,MARKET,0,1,P1Y,0.01,OFF,OFF
FullTest_3401,"Rank(Ts_Rank(volume, 20))",EUR,MINVOL3M,MARKET,0,1,P2Y,0.08,ON,ON
FullTest_3402,"Rank(Ts_Rank(volume, 20))",EUR,MINVOL3M,MARKET,0,1,P2Y,0.08,ON,OFF
FullTest_3403,"Rank(Ts_Rank(volume, 20))",EUR,MINVOL3M,MARKET,0,1,P2Y,0.08,OFF,ON
FullTest_3404,"Rank(Ts_Rank(volume, 20))",EUR,MINVOL3M,MARKET,0,1,P2Y,0.08,OFF,OFF
FullTest_3405,"Rank(Ts_Rank(volume, 20))",EUR,MINVOL3M,MARKET,0,1,P2Y,0.01,ON,ON
FullTest_3406,"Rank(Ts_Rank(volume, 20))",EUR,MINVOL3M,MARKET,0,1,P2Y,0.01,ON,OFF
FullTest_3407,"Rank(Ts_Rank(volume, 20))",EUR,MINVOL3M,MARKET,0,1,P2Y,0.01,OFF,ON
FullTest_3408,"Rank(Ts_Rank(volume, 20))",EUR,MINVOL3M,MARKET,0,1,P2Y,0.01,OFF,OFF
FullTest_3409,"Rank(Ts_Rank(volume, 20))",EUR,MINVOL3M,MARKET,5,1,P1Y,0.08,ON,ON
FullTest_3410,"Rank(Ts_Rank(volume, 20))",EUR,MINVOL3M,MARKET,5,1,P1Y,0.08,ON,OFF
FullTest_3411,"Rank(Ts_Rank(volume, 20))",EUR,MINVOL3M,MARKET,5,1,P1Y,0.08,OFF,ON
FullTest_3412,"Rank(Ts_Rank(volume, 20))",EUR,MINVOL3M,MARKET,5,1,P1Y,0.08,OFF,OFF
FullTest_3413,"Rank(Ts_Rank(volume, 20))",EUR,MINVOL3M,MARKET,5,1,P1Y,0.01,ON,ON
FullTest_3414,"Rank(Ts_Rank(volume, 20))",EUR,MINVOL3M,MARKET,5,1,P1Y,0.01,ON,OFF
FullTest_3415,"Rank(Ts_Rank(volume, 20))",EUR,MINVOL3M,MARKET,5,1,P1Y,0.01,OFF,ON
FullTest_3416,"Rank(Ts_Rank(volume, 20))",EUR,MINVOL3M,MARKET,5,1,P1Y,0.01,OFF,OFF
FullTest_3417,"Rank(Ts_Rank(volume, 20))",EUR,MINVOL3M,MARKET,5,1,P2Y,0.08,ON,ON
FullTest_3418,"Rank(Ts_Rank(volume, 20))",EUR,MINVOL3M,MARKET,5,1,P2Y,0.08,ON,OFF
FullTest_3419,"Rank(Ts_Rank(volume, 20))",EUR,MINVOL3M,MARKET,5,1,P2Y,0.08,OFF,ON
FullTest_3420,"Rank(Ts_Rank(volume, 20))",EUR,MINVOL3M,MARKET,5,1,P2Y,0.08,OFF,OFF
FullTest_3421,"Rank(Ts_Rank(volume, 20))",EUR,MINVOL3M,MARKET,5,1,P2Y,0.01,ON,ON
FullTest_3422,"Rank(Ts_Rank(volume, 20))",EUR,MINVOL3M,MARKET,5,1,P2Y,0.01,ON,OFF
FullTest_3423,"Rank(Ts_Rank(volume, 20))",EUR,MINVOL3M,MARKET,5,1,P2Y,0.01,OFF,ON
FullTest_3424,"Rank(Ts_Rank(volume, 20))",EUR,MINVOL3M,MARKET,5,1,P2Y,0.01,OFF,OFF
FullTest_3425,"Rank(Ts_Rank(volume, 20))",EUR,MINVOL3M,NONE,0,1,P1Y,0.08,ON,ON
FullTest_3426,"Rank(Ts_Rank(volume, 20))",EUR,MINVOL3M,NONE,0,1,P1Y,0.08,ON,OFF
FullTest_3427,"Rank(Ts_Rank(volume, 20))",EUR,MINVOL3M,NONE,0,1,P1Y,0.08,OFF,ON
FullTest_3428,"Rank(Ts_Rank(volume, 20))",EUR,MINVOL3M,NONE,0,1,P1Y,0.08,OFF,OFF
FullTest_3429,"Rank(Ts_Rank(volume, 20))",EUR,MINVOL3M,NONE,0,1,P1Y,0.01,ON,ON
FullTest_3430,"Rank(Ts_Rank(volume, 20))",EUR,MINVOL3M,NONE,0,1,P1Y,0.01,ON,OFF
FullTest_3431,"Rank(Ts_Rank(volume, 20))",EUR,MINVOL3M,NONE,0,1,P1Y,0.01,OFF,ON
FullTest_3432,"Rank(Ts_Rank(volume, 20))",EUR,MINVOL3M,NONE,0,1,P1Y,0.01,OFF,OFF
FullTest_3433,"Rank(Ts_Rank(volume, 20))",EUR,MINVOL3M,NONE,0,1,P2Y,0.08,ON,ON
FullTest_3434,"Rank(Ts_Rank(volume, 20))",EUR,MINVOL3M,NONE,0,1,P2Y,0.08,ON,OFF
FullTest_3435,"Rank(Ts_Rank(volume, 20))",EUR,MINVOL3M,NONE,0,1,P2Y,0.08,OFF,ON
FullTest_3436,"Rank(Ts_Rank(volume, 20))",EUR,MINVOL3M,NONE,0,1,P2Y,0.08,OFF,OFF
FullTest_3437,"Rank(Ts_Rank(volume, 20))",EUR,MINVOL3M,NONE,0,1,P2Y,0.01,ON,ON
FullTest_3438,"Rank(Ts_Rank(volume, 20))",EUR,MINVOL3M,NONE,0,1,P2Y,0.01,ON,OFF
FullTest_3439,"Rank(Ts_Rank(volume, 20))",EUR,MINVOL3M,NONE,0,1,P2Y,0.01,OFF,ON
FullTest_3440,"Rank(Ts_Rank(volume, 20))",EUR,MINVOL3M,NONE,0,1,P2Y,0.01,OFF,OFF
FullTest_3441,"Rank(Ts_Rank(volume, 20))",EUR,MINVOL3M,NONE,5,1,P1Y,0.08,ON,ON
FullTest_3442,"Rank(Ts_Rank(volume, 20))",EUR,MINVOL3M,NONE,5,1,P1Y,0.08,ON,OFF
FullTest_3443,"Rank(Ts_Rank(volume, 20))",EUR,MINVOL3M,NONE,5,1,P1Y,0.08,OFF,ON
FullTest_3444,"Rank(Ts_Rank(volume, 20))",EUR,MINVOL3M,NONE,5,1,P1Y,0.08,OFF,OFF
FullTest_3445,"Rank(Ts_Rank(volume, 20))",EUR,MINVOL3M,NONE,5,1,P1Y,0.01,ON,ON
FullTest_3446,"Rank(Ts_Rank(volume, 20))",EUR,MINVOL3M,NONE,5,1,P1Y,0.01,ON,OFF
FullTest_3447,"Rank(Ts_Rank(volume, 20))",EUR,MINVOL3M,NONE,5,1,P1Y,0.01,OFF,ON
FullTest_3448,"Rank(Ts_Rank(volume, 20))",EUR,MINVOL3M,NONE,5,1,P1Y,0.01,OFF,OFF
FullTest_3449,"Rank(Ts_Rank(volume, 20))",EUR,MINVOL3M,NONE,5,1,P2Y,0.08,ON,ON
FullTest_3450,"Rank(Ts_Rank(volume, 20))",EUR,MINVOL3M,NONE,5,1,P2Y,0.08,ON,OFF
FullTest_3451,"Rank(Ts_Rank(volume, 20))",EUR,MINVOL3M,NONE,5,1,P2Y,0.08,OFF,ON
FullTest_3452,"Rank(Ts_Rank(volume, 20))",EUR,MINVOL3M,NONE,5,1,P2Y,0.08,OFF,OFF
FullTest_3453,"Rank(Ts_Rank(volume, 20))",EUR,MINVOL3M,NONE,5,1,P2Y,0.01,ON,ON
FullTest_3454,"Rank(Ts_Rank(volume, 20))",EUR,MINVOL3M,NONE,5,1,P2Y,0.01,ON,OFF
FullTest_3455,"Rank(Ts_Rank(volume, 20))",EUR,MINVOL3M,NONE,5,1,P2Y,0.01,OFF,ON
FullTest_3456,"Rank(Ts_Rank(volume, 20))",EUR,MINVOL3M,NONE,5,1,P2Y,0.01,OFF,OFF
