id,regular,region,universe,neutralization,decay,delay,test_period,truncation,pasteurization,nan_handling
FullTest_0001,"Rank(Ts_Rank(close, 10))",USA,TOP3000,INDUSTRY,0,0,P1Y,0.08,ON,ON
FullTest_0002,"Rank(Ts_Rank(close, 10))",USA,TOP3000,INDUSTRY,0,0,P1Y,0.08,ON,OFF
FullTest_0003,"Rank(Ts_Rank(close, 10))",USA,TOP3000,INDUSTRY,0,0,P1Y,0.08,OFF,ON
FullTest_0004,"Rank(Ts_Rank(close, 10))",USA,TOP3000,INDUSTRY,0,0,P1Y,0.08,OFF,OFF
FullTest_0005,"Rank(Ts_Rank(close, 10))",USA,TOP3000,INDUSTRY,0,0,P1Y,0.01,ON,ON
FullTest_0006,"Rank(Ts_Rank(close, 10))",USA,TOP3000,INDUSTRY,0,0,P1Y,0.01,ON,OFF
FullTest_0007,"Rank(Ts_Rank(close, 10))",USA,TOP3000,INDUSTRY,0,0,P1Y,0.01,OFF,ON
FullTest_0008,"Rank(Ts_Rank(close, 10))",USA,TOP3000,INDUSTRY,0,0,P1Y,0.01,OFF,OFF
FullTest_0009,"Rank(Ts_Rank(close, 10))",USA,TOP3000,INDUSTRY,0,0,P2Y,0.08,ON,ON
FullTest_0010,"Rank(Ts_Rank(close, 10))",USA,TOP3000,INDUSTRY,0,0,P2Y,0.08,ON,OFF
FullTest_0011,"Rank(Ts_Rank(close, 10))",USA,TOP3000,INDUSTRY,0,0,P2Y,0.08,OFF,ON
FullTest_0012,"Rank(Ts_Rank(close, 10))",USA,TOP3000,INDUSTRY,0,0,P2Y,0.08,OFF,OFF
FullTest_0013,"Rank(Ts_Rank(close, 10))",USA,TOP3000,INDUSTRY,0,0,P2Y,0.01,ON,ON
FullTest_0014,"Rank(Ts_Rank(close, 10))",USA,TOP3000,INDUSTRY,0,0,P2Y,0.01,ON,OFF
FullTest_0015,"Rank(Ts_Rank(close, 10))",USA,TOP3000,INDUSTRY,0,0,P2Y,0.01,OFF,ON
FullTest_0016,"Rank(Ts_Rank(close, 10))",USA,TOP3000,INDUSTRY,0,0,P2Y,0.01,OFF,OFF
FullTest_0017,"Rank(Ts_Rank(close, 10))",USA,TOP3000,INDUSTRY,0,1,P1Y,0.08,ON,ON
FullTest_0018,"Rank(Ts_Rank(close, 10))",USA,TOP3000,INDUSTRY,0,1,P1Y,0.08,ON,OFF
FullTest_0019,"Rank(Ts_Rank(close, 10))",USA,TOP3000,INDUSTRY,0,1,P1Y,0.08,OFF,ON
FullTest_0020,"Rank(Ts_Rank(close, 10))",USA,TOP3000,INDUSTRY,0,1,P1Y,0.08,OFF,OFF
FullTest_0021,"Rank(Ts_Rank(close, 10))",USA,TOP3000,INDUSTRY,0,1,P1Y,0.01,ON,ON
FullTest_0022,"Rank(Ts_Rank(close, 10))",USA,TOP3000,INDUSTRY,0,1,P1Y,0.01,ON,OFF
FullTest_0023,"Rank(Ts_Rank(close, 10))",USA,TOP3000,INDUSTRY,0,1,P1Y,0.01,OFF,ON
FullTest_0024,"Rank(Ts_Rank(close, 10))",USA,TOP3000,INDUSTRY,0,1,P1Y,0.01,OFF,OFF
FullTest_0025,"Rank(Ts_Rank(close, 10))",USA,TOP3000,INDUSTRY,0,1,P2Y,0.08,ON,ON
FullTest_0026,"Rank(Ts_Rank(close, 10))",USA,TOP3000,INDUSTRY,0,1,P2Y,0.08,ON,OFF
FullTest_0027,"Rank(Ts_Rank(close, 10))",USA,TOP3000,INDUSTRY,0,1,P2Y,0.08,OFF,ON
FullTest_0028,"Rank(Ts_Rank(close, 10))",USA,TOP3000,INDUSTRY,0,1,P2Y,0.08,OFF,OFF
FullTest_0029,"Rank(Ts_Rank(close, 10))",USA,TOP3000,INDUSTRY,0,1,P2Y,0.01,ON,ON
FullTest_0030,"Rank(Ts_Rank(close, 10))",USA,TOP3000,INDUSTRY,0,1,P2Y,0.01,ON,OFF
FullTest_0031,"Rank(Ts_Rank(close, 10))",USA,TOP3000,INDUSTRY,0,1,P2Y,0.01,OFF,ON
FullTest_0032,"Rank(Ts_Rank(close, 10))",USA,TOP3000,INDUSTRY,0,1,P2Y,0.01,OFF,OFF
FullTest_0033,"Rank(Ts_Rank(close, 10))",USA,TOP3000,INDUSTRY,5,0,P1Y,0.08,ON,ON
FullTest_0034,"Rank(Ts_Rank(close, 10))",USA,TOP3000,INDUSTRY,5,0,P1Y,0.08,ON,OFF
FullTest_0035,"Rank(Ts_Rank(close, 10))",USA,TOP3000,INDUSTRY,5,0,P1Y,0.08,OFF,ON
FullTest_0036,"Rank(Ts_Rank(close, 10))",USA,TOP3000,INDUSTRY,5,0,P1Y,0.08,OFF,OFF
FullTest_0037,"Rank(Ts_Rank(close, 10))",USA,TOP3000,INDUSTRY,5,0,P1Y,0.01,ON,ON
FullTest_0038,"Rank(Ts_Rank(close, 10))",USA,TOP3000,INDUSTRY,5,0,P1Y,0.01,ON,OFF
FullTest_0039,"Rank(Ts_Rank(close, 10))",USA,TOP3000,INDUSTRY,5,0,P1Y,0.01,OFF,ON
FullTest_0040,"Rank(Ts_Rank(close, 10))",USA,TOP3000,INDUSTRY,5,0,P1Y,0.01,OFF,OFF
FullTest_0041,"Rank(Ts_Rank(close, 10))",USA,TOP3000,INDUSTRY,5,0,P2Y,0.08,ON,ON
FullTest_0042,"Rank(Ts_Rank(close, 10))",USA,TOP3000,INDUSTRY,5,0,P2Y,0.08,ON,OFF
FullTest_0043,"Rank(Ts_Rank(close, 10))",USA,TOP3000,INDUSTRY,5,0,P2Y,0.08,OFF,ON
FullTest_0044,"Rank(Ts_Rank(close, 10))",USA,TOP3000,INDUSTRY,5,0,P2Y,0.08,OFF,OFF
FullTest_0045,"Rank(Ts_Rank(close, 10))",USA,TOP3000,INDUSTRY,5,0,P2Y,0.01,ON,ON
FullTest_0046,"Rank(Ts_Rank(close, 10))",USA,TOP3000,INDUSTRY,5,0,P2Y,0.01,ON,OFF
FullTest_0047,"Rank(Ts_Rank(close, 10))",USA,TOP3000,INDUSTRY,5,0,P2Y,0.01,OFF,ON
FullTest_0048,"Rank(Ts_Rank(close, 10))",USA,TOP3000,INDUSTRY,5,0,P2Y,0.01,OFF,OFF
FullTest_0049,"Rank(Ts_Rank(close, 10))",USA,TOP3000,INDUSTRY,5,1,P1Y,0.08,ON,ON
FullTest_0050,"Rank(Ts_Rank(close, 10))",USA,TOP3000,INDUSTRY,5,1,P1Y,0.08,ON,OFF
FullTest_0051,"Rank(Ts_Rank(close, 10))",USA,TOP3000,INDUSTRY,5,1,P1Y,0.08,OFF,ON
FullTest_0052,"Rank(Ts_Rank(close, 10))",USA,TOP3000,INDUSTRY,5,1,P1Y,0.08,OFF,OFF
FullTest_0053,"Rank(Ts_Rank(close, 10))",USA,TOP3000,INDUSTRY,5,1,P1Y,0.01,ON,ON
FullTest_0054,"Rank(Ts_Rank(close, 10))",USA,TOP3000,INDUSTRY,5,1,P1Y,0.01,ON,OFF
FullTest_0055,"Rank(Ts_Rank(close, 10))",USA,TOP3000,INDUSTRY,5,1,P1Y,0.01,OFF,ON
FullTest_0056,"Rank(Ts_Rank(close, 10))",USA,TOP3000,INDUSTRY,5,1,P1Y,0.01,OFF,OFF
FullTest_0057,"Rank(Ts_Rank(close, 10))",USA,TOP3000,INDUSTRY,5,1,P2Y,0.08,ON,ON
FullTest_0058,"Rank(Ts_Rank(close, 10))",USA,TOP3000,INDUSTRY,5,1,P2Y,0.08,ON,OFF
FullTest_0059,"Rank(Ts_Rank(close, 10))",USA,TOP3000,INDUSTRY,5,1,P2Y,0.08,OFF,ON
FullTest_0060,"Rank(Ts_Rank(close, 10))",USA,TOP3000,INDUSTRY,5,1,P2Y,0.08,OFF,OFF
FullTest_0061,"Rank(Ts_Rank(close, 10))",USA,TOP3000,INDUSTRY,5,1,P2Y,0.01,ON,ON
FullTest_0062,"Rank(Ts_Rank(close, 10))",USA,TOP3000,INDUSTRY,5,1,P2Y,0.01,ON,OFF
FullTest_0063,"Rank(Ts_Rank(close, 10))",USA,TOP3000,INDUSTRY,5,1,P2Y,0.01,OFF,ON
FullTest_0064,"Rank(Ts_Rank(close, 10))",USA,TOP3000,INDUSTRY,5,1,P2Y,0.01,OFF,OFF
FullTest_0065,"Rank(Ts_Rank(close, 10))",USA,TOP3000,MARKET,0,0,P1Y,0.08,ON,ON
FullTest_0066,"Rank(Ts_Rank(close, 10))",USA,TOP3000,MARKET,0,0,P1Y,0.08,ON,OFF
FullTest_0067,"Rank(Ts_Rank(close, 10))",USA,TOP3000,MARKET,0,0,P1Y,0.08,OFF,ON
FullTest_0068,"Rank(Ts_Rank(close, 10))",USA,TOP3000,MARKET,0,0,P1Y,0.08,OFF,OFF
FullTest_0069,"Rank(Ts_Rank(close, 10))",USA,TOP3000,MARKET,0,0,P1Y,0.01,ON,ON
FullTest_0070,"Rank(Ts_Rank(close, 10))",USA,TOP3000,MARKET,0,0,P1Y,0.01,ON,OFF
FullTest_0071,"Rank(Ts_Rank(close, 10))",USA,TOP3000,MARKET,0,0,P1Y,0.01,OFF,ON
FullTest_0072,"Rank(Ts_Rank(close, 10))",USA,TOP3000,MARKET,0,0,P1Y,0.01,OFF,OFF
FullTest_0073,"Rank(Ts_Rank(close, 10))",USA,TOP3000,MARKET,0,0,P2Y,0.08,ON,ON
FullTest_0074,"Rank(Ts_Rank(close, 10))",USA,TOP3000,MARKET,0,0,P2Y,0.08,ON,OFF
FullTest_0075,"Rank(Ts_Rank(close, 10))",USA,TOP3000,MARKET,0,0,P2Y,0.08,OFF,ON
FullTest_0076,"Rank(Ts_Rank(close, 10))",USA,TOP3000,MARKET,0,0,P2Y,0.08,OFF,OFF
FullTest_0077,"Rank(Ts_Rank(close, 10))",USA,TOP3000,MARKET,0,0,P2Y,0.01,ON,ON
FullTest_0078,"Rank(Ts_Rank(close, 10))",USA,TOP3000,MARKET,0,0,P2Y,0.01,ON,OFF
FullTest_0079,"Rank(Ts_Rank(close, 10))",USA,TOP3000,MARKET,0,0,P2Y,0.01,OFF,ON
FullTest_0080,"Rank(Ts_Rank(close, 10))",USA,TOP3000,MARKET,0,0,P2Y,0.01,OFF,OFF
FullTest_0081,"Rank(Ts_Rank(close, 10))",USA,TOP3000,MARKET,0,1,P1Y,0.08,ON,ON
FullTest_0082,"Rank(Ts_Rank(close, 10))",USA,TOP3000,MARKET,0,1,P1Y,0.08,ON,OFF
FullTest_0083,"Rank(Ts_Rank(close, 10))",USA,TOP3000,MARKET,0,1,P1Y,0.08,OFF,ON
FullTest_0084,"Rank(Ts_Rank(close, 10))",USA,TOP3000,MARKET,0,1,P1Y,0.08,OFF,OFF
FullTest_0085,"Rank(Ts_Rank(close, 10))",USA,TOP3000,MARKET,0,1,P1Y,0.01,ON,ON
FullTest_0086,"Rank(Ts_Rank(close, 10))",USA,TOP3000,MARKET,0,1,P1Y,0.01,ON,OFF
FullTest_0087,"Rank(Ts_Rank(close, 10))",USA,TOP3000,MARKET,0,1,P1Y,0.01,OFF,ON
FullTest_0088,"Rank(Ts_Rank(close, 10))",USA,TOP3000,MARKET,0,1,P1Y,0.01,OFF,OFF
FullTest_0089,"Rank(Ts_Rank(close, 10))",USA,TOP3000,MARKET,0,1,P2Y,0.08,ON,ON
FullTest_0090,"Rank(Ts_Rank(close, 10))",USA,TOP3000,MARKET,0,1,P2Y,0.08,ON,OFF
FullTest_0091,"Rank(Ts_Rank(close, 10))",USA,TOP3000,MARKET,0,1,P2Y,0.08,OFF,ON
FullTest_0092,"Rank(Ts_Rank(close, 10))",USA,TOP3000,MARKET,0,1,P2Y,0.08,OFF,OFF
FullTest_0093,"Rank(Ts_Rank(close, 10))",USA,TOP3000,MARKET,0,1,P2Y,0.01,ON,ON
FullTest_0094,"Rank(Ts_Rank(close, 10))",USA,TOP3000,MARKET,0,1,P2Y,0.01,ON,OFF
FullTest_0095,"Rank(Ts_Rank(close, 10))",USA,TOP3000,MARKET,0,1,P2Y,0.01,OFF,ON
FullTest_0096,"Rank(Ts_Rank(close, 10))",USA,TOP3000,MARKET,0,1,P2Y,0.01,OFF,OFF
FullTest_0097,"Rank(Ts_Rank(close, 10))",USA,TOP3000,MARKET,5,0,P1Y,0.08,ON,ON
FullTest_0098,"Rank(Ts_Rank(close, 10))",USA,TOP3000,MARKET,5,0,P1Y,0.08,ON,OFF
FullTest_0099,"Rank(Ts_Rank(close, 10))",USA,TOP3000,MARKET,5,0,P1Y,0.08,OFF,ON
FullTest_0100,"Rank(Ts_Rank(close, 10))",USA,TOP3000,MARKET,5,0,P1Y,0.08,OFF,OFF
FullTest_0101,"Rank(Ts_Rank(close, 10))",USA,TOP3000,MARKET,5,0,P1Y,0.01,ON,ON
FullTest_0102,"Rank(Ts_Rank(close, 10))",USA,TOP3000,MARKET,5,0,P1Y,0.01,ON,OFF
FullTest_0103,"Rank(Ts_Rank(close, 10))",USA,TOP3000,MARKET,5,0,P1Y,0.01,OFF,ON
FullTest_0104,"Rank(Ts_Rank(close, 10))",USA,TOP3000,MARKET,5,0,P1Y,0.01,OFF,OFF
FullTest_0105,"Rank(Ts_Rank(close, 10))",USA,TOP3000,MARKET,5,0,P2Y,0.08,ON,ON
FullTest_0106,"Rank(Ts_Rank(close, 10))",USA,TOP3000,MARKET,5,0,P2Y,0.08,ON,OFF
FullTest_0107,"Rank(Ts_Rank(close, 10))",USA,TOP3000,MARKET,5,0,P2Y,0.08,OFF,ON
FullTest_0108,"Rank(Ts_Rank(close, 10))",USA,TOP3000,MARKET,5,0,P2Y,0.08,OFF,OFF
FullTest_0109,"Rank(Ts_Rank(close, 10))",USA,TOP3000,MARKET,5,0,P2Y,0.01,ON,ON
FullTest_0110,"Rank(Ts_Rank(close, 10))",USA,TOP3000,MARKET,5,0,P2Y,0.01,ON,OFF
FullTest_0111,"Rank(Ts_Rank(close, 10))",USA,TOP3000,MARKET,5,0,P2Y,0.01,OFF,ON
FullTest_0112,"Rank(Ts_Rank(close, 10))",USA,TOP3000,MARKET,5,0,P2Y,0.01,OFF,OFF
FullTest_0113,"Rank(Ts_Rank(close, 10))",USA,TOP3000,MARKET,5,1,P1Y,0.08,ON,ON
FullTest_0114,"Rank(Ts_Rank(close, 10))",USA,TOP3000,MARKET,5,1,P1Y,0.08,ON,OFF
FullTest_0115,"Rank(Ts_Rank(close, 10))",USA,TOP3000,MARKET,5,1,P1Y,0.08,OFF,ON
FullTest_0116,"Rank(Ts_Rank(close, 10))",USA,TOP3000,MARKET,5,1,P1Y,0.08,OFF,OFF
FullTest_0117,"Rank(Ts_Rank(close, 10))",USA,TOP3000,MARKET,5,1,P1Y,0.01,ON,ON
FullTest_0118,"Rank(Ts_Rank(close, 10))",USA,TOP3000,MARKET,5,1,P1Y,0.01,ON,OFF
FullTest_0119,"Rank(Ts_Rank(close, 10))",USA,TOP3000,MARKET,5,1,P1Y,0.01,OFF,ON
FullTest_0120,"Rank(Ts_Rank(close, 10))",USA,TOP3000,MARKET,5,1,P1Y,0.01,OFF,OFF
FullTest_0121,"Rank(Ts_Rank(close, 10))",USA,TOP3000,MARKET,5,1,P2Y,0.08,ON,ON
FullTest_0122,"Rank(Ts_Rank(close, 10))",USA,TOP3000,MARKET,5,1,P2Y,0.08,ON,OFF
FullTest_0123,"Rank(Ts_Rank(close, 10))",USA,TOP3000,MARKET,5,1,P2Y,0.08,OFF,ON
FullTest_0124,"Rank(Ts_Rank(close, 10))",USA,TOP3000,MARKET,5,1,P2Y,0.08,OFF,OFF
FullTest_0125,"Rank(Ts_Rank(close, 10))",USA,TOP3000,MARKET,5,1,P2Y,0.01,ON,ON
FullTest_0126,"Rank(Ts_Rank(close, 10))",USA,TOP3000,MARKET,5,1,P2Y,0.01,ON,OFF
FullTest_0127,"Rank(Ts_Rank(close, 10))",USA,TOP3000,MARKET,5,1,P2Y,0.01,OFF,ON
FullTest_0128,"Rank(Ts_Rank(close, 10))",USA,TOP3000,MARKET,5,1,P2Y,0.01,OFF,OFF
FullTest_0129,"Rank(Ts_Rank(close, 10))",USA,TOP3000,NONE,0,0,P1Y,0.08,ON,ON
FullTest_0130,"Rank(Ts_Rank(close, 10))",USA,TOP3000,NONE,0,0,P1Y,0.08,ON,OFF
FullTest_0131,"Rank(Ts_Rank(close, 10))",USA,TOP3000,NONE,0,0,P1Y,0.08,OFF,ON
FullTest_0132,"Rank(Ts_Rank(close, 10))",USA,TOP3000,NONE,0,0,P1Y,0.08,OFF,OFF
FullTest_0133,"Rank(Ts_Rank(close, 10))",USA,TOP3000,NONE,0,0,P1Y,0.01,ON,ON
FullTest_0134,"Rank(Ts_Rank(close, 10))",USA,TOP3000,NONE,0,0,P1Y,0.01,ON,OFF
FullTest_0135,"Rank(Ts_Rank(close, 10))",USA,TOP3000,NONE,0,0,P1Y,0.01,OFF,ON
FullTest_0136,"Rank(Ts_Rank(close, 10))",USA,TOP3000,NONE,0,0,P1Y,0.01,OFF,OFF
FullTest_0137,"Rank(Ts_Rank(close, 10))",USA,TOP3000,NONE,0,0,P2Y,0.08,ON,ON
FullTest_0138,"Rank(Ts_Rank(close, 10))",USA,TOP3000,NONE,0,0,P2Y,0.08,ON,OFF
FullTest_0139,"Rank(Ts_Rank(close, 10))",USA,TOP3000,NONE,0,0,P2Y,0.08,OFF,ON
FullTest_0140,"Rank(Ts_Rank(close, 10))",USA,TOP3000,NONE,0,0,P2Y,0.08,OFF,OFF
FullTest_0141,"Rank(Ts_Rank(close, 10))",USA,TOP3000,NONE,0,0,P2Y,0.01,ON,ON
FullTest_0142,"Rank(Ts_Rank(close, 10))",USA,TOP3000,NONE,0,0,P2Y,0.01,ON,OFF
FullTest_0143,"Rank(Ts_Rank(close, 10))",USA,TOP3000,NONE,0,0,P2Y,0.01,OFF,ON
FullTest_0144,"Rank(Ts_Rank(close, 10))",USA,TOP3000,NONE,0,0,P2Y,0.01,OFF,OFF
FullTest_0145,"Rank(Ts_Rank(close, 10))",USA,TOP3000,NONE,0,1,P1Y,0.08,ON,ON
FullTest_0146,"Rank(Ts_Rank(close, 10))",USA,TOP3000,NONE,0,1,P1Y,0.08,ON,OFF
FullTest_0147,"Rank(Ts_Rank(close, 10))",USA,TOP3000,NONE,0,1,P1Y,0.08,OFF,ON
FullTest_0148,"Rank(Ts_Rank(close, 10))",USA,TOP3000,NONE,0,1,P1Y,0.08,OFF,OFF
FullTest_0149,"Rank(Ts_Rank(close, 10))",USA,TOP3000,NONE,0,1,P1Y,0.01,ON,ON
FullTest_0150,"Rank(Ts_Rank(close, 10))",USA,TOP3000,NONE,0,1,P1Y,0.01,ON,OFF
FullTest_0151,"Rank(Ts_Rank(close, 10))",USA,TOP3000,NONE,0,1,P1Y,0.01,OFF,ON
FullTest_0152,"Rank(Ts_Rank(close, 10))",USA,TOP3000,NONE,0,1,P1Y,0.01,OFF,OFF
FullTest_0153,"Rank(Ts_Rank(close, 10))",USA,TOP3000,NONE,0,1,P2Y,0.08,ON,ON
FullTest_0154,"Rank(Ts_Rank(close, 10))",USA,TOP3000,NONE,0,1,P2Y,0.08,ON,OFF
FullTest_0155,"Rank(Ts_Rank(close, 10))",USA,TOP3000,NONE,0,1,P2Y,0.08,OFF,ON
FullTest_0156,"Rank(Ts_Rank(close, 10))",USA,TOP3000,NONE,0,1,P2Y,0.08,OFF,OFF
FullTest_0157,"Rank(Ts_Rank(close, 10))",USA,TOP3000,NONE,0,1,P2Y,0.01,ON,ON
FullTest_0158,"Rank(Ts_Rank(close, 10))",USA,TOP3000,NONE,0,1,P2Y,0.01,ON,OFF
FullTest_0159,"Rank(Ts_Rank(close, 10))",USA,TOP3000,NONE,0,1,P2Y,0.01,OFF,ON
FullTest_0160,"Rank(Ts_Rank(close, 10))",USA,TOP3000,NONE,0,1,P2Y,0.01,OFF,OFF
FullTest_0161,"Rank(Ts_Rank(close, 10))",USA,TOP3000,NONE,5,0,P1Y,0.08,ON,ON
FullTest_0162,"Rank(Ts_Rank(close, 10))",USA,TOP3000,NONE,5,0,P1Y,0.08,ON,OFF
FullTest_0163,"Rank(Ts_Rank(close, 10))",USA,TOP3000,NONE,5,0,P1Y,0.08,OFF,ON
FullTest_0164,"Rank(Ts_Rank(close, 10))",USA,TOP3000,NONE,5,0,P1Y,0.08,OFF,OFF
FullTest_0165,"Rank(Ts_Rank(close, 10))",USA,TOP3000,NONE,5,0,P1Y,0.01,ON,ON
FullTest_0166,"Rank(Ts_Rank(close, 10))",USA,TOP3000,NONE,5,0,P1Y,0.01,ON,OFF
FullTest_0167,"Rank(Ts_Rank(close, 10))",USA,TOP3000,NONE,5,0,P1Y,0.01,OFF,ON
FullTest_0168,"Rank(Ts_Rank(close, 10))",USA,TOP3000,NONE,5,0,P1Y,0.01,OFF,OFF
FullTest_0169,"Rank(Ts_Rank(close, 10))",USA,TOP3000,NONE,5,0,P2Y,0.08,ON,ON
FullTest_0170,"Rank(Ts_Rank(close, 10))",USA,TOP3000,NONE,5,0,P2Y,0.08,ON,OFF
FullTest_0171,"Rank(Ts_Rank(close, 10))",USA,TOP3000,NONE,5,0,P2Y,0.08,OFF,ON
FullTest_0172,"Rank(Ts_Rank(close, 10))",USA,TOP3000,NONE,5,0,P2Y,0.08,OFF,OFF
FullTest_0173,"Rank(Ts_Rank(close, 10))",USA,TOP3000,NONE,5,0,P2Y,0.01,ON,ON
FullTest_0174,"Rank(Ts_Rank(close, 10))",USA,TOP3000,NONE,5,0,P2Y,0.01,ON,OFF
FullTest_0175,"Rank(Ts_Rank(close, 10))",USA,TOP3000,NONE,5,0,P2Y,0.01,OFF,ON
FullTest_0176,"Rank(Ts_Rank(close, 10))",USA,TOP3000,NONE,5,0,P2Y,0.01,OFF,OFF
FullTest_0177,"Rank(Ts_Rank(close, 10))",USA,TOP3000,NONE,5,1,P1Y,0.08,ON,ON
FullTest_0178,"Rank(Ts_Rank(close, 10))",USA,TOP3000,NONE,5,1,P1Y,0.08,ON,OFF
FullTest_0179,"Rank(Ts_Rank(close, 10))",USA,TOP3000,NONE,5,1,P1Y,0.08,OFF,ON
FullTest_0180,"Rank(Ts_Rank(close, 10))",USA,TOP3000,NONE,5,1,P1Y,0.08,OFF,OFF
FullTest_0181,"Rank(Ts_Rank(close, 10))",USA,TOP3000,NONE,5,1,P1Y,0.01,ON,ON
FullTest_0182,"Rank(Ts_Rank(close, 10))",USA,TOP3000,NONE,5,1,P1Y,0.01,ON,OFF
FullTest_0183,"Rank(Ts_Rank(close, 10))",USA,TOP3000,NONE,5,1,P1Y,0.01,OFF,ON
FullTest_0184,"Rank(Ts_Rank(close, 10))",USA,TOP3000,NONE,5,1,P1Y,0.01,OFF,OFF
FullTest_0185,"Rank(Ts_Rank(close, 10))",USA,TOP3000,NONE,5,1,P2Y,0.08,ON,ON
FullTest_0186,"Rank(Ts_Rank(close, 10))",USA,TOP3000,NONE,5,1,P2Y,0.08,ON,OFF
FullTest_0187,"Rank(Ts_Rank(close, 10))",USA,TOP3000,NONE,5,1,P2Y,0.08,OFF,ON
FullTest_0188,"Rank(Ts_Rank(close, 10))",USA,TOP3000,NONE,5,1,P2Y,0.08,OFF,OFF
FullTest_0189,"Rank(Ts_Rank(close, 10))",USA,TOP3000,NONE,5,1,P2Y,0.01,ON,ON
FullTest_0190,"Rank(Ts_Rank(close, 10))",USA,TOP3000,NONE,5,1,P2Y,0.01,ON,OFF
FullTest_0191,"Rank(Ts_Rank(close, 10))",USA,TOP3000,NONE,5,1,P2Y,0.01,OFF,ON
FullTest_0192,"Rank(Ts_Rank(close, 10))",USA,TOP3000,NONE,5,1,P2Y,0.01,OFF,OFF
FullTest_0193,"Rank(Ts_Rank(close, 10))",USA,MINVOL3M,INDUSTRY,0,0,P1Y,0.08,ON,ON
FullTest_0194,"Rank(Ts_Rank(close, 10))",USA,MINVOL3M,INDUSTRY,0,0,P1Y,0.08,ON,OFF
FullTest_0195,"Rank(Ts_Rank(close, 10))",USA,MINVOL3M,INDUSTRY,0,0,P1Y,0.08,OFF,ON
FullTest_0196,"Rank(Ts_Rank(close, 10))",USA,MINVOL3M,INDUSTRY,0,0,P1Y,0.08,OFF,OFF
FullTest_0197,"Rank(Ts_Rank(close, 10))",USA,MINVOL3M,INDUSTRY,0,0,P1Y,0.01,ON,ON
FullTest_0198,"Rank(Ts_Rank(close, 10))",USA,MINVOL3M,INDUSTRY,0,0,P1Y,0.01,ON,OFF
FullTest_0199,"Rank(Ts_Rank(close, 10))",USA,MINVOL3M,INDUSTRY,0,0,P1Y,0.01,OFF,ON
FullTest_0200,"Rank(Ts_Rank(close, 10))",USA,MINVOL3M,INDUSTRY,0,0,P1Y,0.01,OFF,OFF
FullTest_0201,"Rank(Ts_Rank(close, 10))",USA,MINVOL3M,INDUSTRY,0,0,P2Y,0.08,ON,ON
FullTest_0202,"Rank(Ts_Rank(close, 10))",USA,MINVOL3M,INDUSTRY,0,0,P2Y,0.08,ON,OFF
FullTest_0203,"Rank(Ts_Rank(close, 10))",USA,MINVOL3M,INDUSTRY,0,0,P2Y,0.08,OFF,ON
FullTest_0204,"Rank(Ts_Rank(close, 10))",USA,MINVOL3M,INDUSTRY,0,0,P2Y,0.08,OFF,OFF
FullTest_0205,"Rank(Ts_Rank(close, 10))",USA,MINVOL3M,INDUSTRY,0,0,P2Y,0.01,ON,ON
FullTest_0206,"Rank(Ts_Rank(close, 10))",USA,MINVOL3M,INDUSTRY,0,0,P2Y,0.01,ON,OFF
FullTest_0207,"Rank(Ts_Rank(close, 10))",USA,MINVOL3M,INDUSTRY,0,0,P2Y,0.01,OFF,ON
FullTest_0208,"Rank(Ts_Rank(close, 10))",USA,MINVOL3M,INDUSTRY,0,0,P2Y,0.01,OFF,OFF
FullTest_0209,"Rank(Ts_Rank(close, 10))",USA,MINVOL3M,INDUSTRY,0,1,P1Y,0.08,ON,ON
FullTest_0210,"Rank(Ts_Rank(close, 10))",USA,MINVOL3M,INDUSTRY,0,1,P1Y,0.08,ON,OFF
FullTest_0211,"Rank(Ts_Rank(close, 10))",USA,MINVOL3M,INDUSTRY,0,1,P1Y,0.08,OFF,ON
FullTest_0212,"Rank(Ts_Rank(close, 10))",USA,MINVOL3M,INDUSTRY,0,1,P1Y,0.08,OFF,OFF
FullTest_0213,"Rank(Ts_Rank(close, 10))",USA,MINVOL3M,INDUSTRY,0,1,P1Y,0.01,ON,ON
FullTest_0214,"Rank(Ts_Rank(close, 10))",USA,MINVOL3M,INDUSTRY,0,1,P1Y,0.01,ON,OFF
FullTest_0215,"Rank(Ts_Rank(close, 10))",USA,MINVOL3M,INDUSTRY,0,1,P1Y,0.01,OFF,ON
FullTest_0216,"Rank(Ts_Rank(close, 10))",USA,MINVOL3M,INDUSTRY,0,1,P1Y,0.01,OFF,OFF
FullTest_0217,"Rank(Ts_Rank(close, 10))",USA,MINVOL3M,INDUSTRY,0,1,P2Y,0.08,ON,ON
FullTest_0218,"Rank(Ts_Rank(close, 10))",USA,MINVOL3M,INDUSTRY,0,1,P2Y,0.08,ON,OFF
FullTest_0219,"Rank(Ts_Rank(close, 10))",USA,MINVOL3M,INDUSTRY,0,1,P2Y,0.08,OFF,ON
FullTest_0220,"Rank(Ts_Rank(close, 10))",USA,MINVOL3M,INDUSTRY,0,1,P2Y,0.08,OFF,OFF
FullTest_0221,"Rank(Ts_Rank(close, 10))",USA,MINVOL3M,INDUSTRY,0,1,P2Y,0.01,ON,ON
FullTest_0222,"Rank(Ts_Rank(close, 10))",USA,MINVOL3M,INDUSTRY,0,1,P2Y,0.01,ON,OFF
FullTest_0223,"Rank(Ts_Rank(close, 10))",USA,MINVOL3M,INDUSTRY,0,1,P2Y,0.01,OFF,ON
FullTest_0224,"Rank(Ts_Rank(close, 10))",USA,MINVOL3M,INDUSTRY,0,1,P2Y,0.01,OFF,OFF
FullTest_0225,"Rank(Ts_Rank(close, 10))",USA,MINVOL3M,INDUSTRY,5,0,P1Y,0.08,ON,ON
FullTest_0226,"Rank(Ts_Rank(close, 10))",USA,MINVOL3M,INDUSTRY,5,0,P1Y,0.08,ON,OFF
FullTest_0227,"Rank(Ts_Rank(close, 10))",USA,MINVOL3M,INDUSTRY,5,0,P1Y,0.08,OFF,ON
FullTest_0228,"Rank(Ts_Rank(close, 10))",USA,MINVOL3M,INDUSTRY,5,0,P1Y,0.08,OFF,OFF
FullTest_0229,"Rank(Ts_Rank(close, 10))",USA,MINVOL3M,INDUSTRY,5,0,P1Y,0.01,ON,ON
FullTest_0230,"Rank(Ts_Rank(close, 10))",USA,MINVOL3M,INDUSTRY,5,0,P1Y,0.01,ON,OFF
FullTest_0231,"Rank(Ts_Rank(close, 10))",USA,MINVOL3M,INDUSTRY,5,0,P1Y,0.01,OFF,ON
FullTest_0232,"Rank(Ts_Rank(close, 10))",USA,MINVOL3M,INDUSTRY,5,0,P1Y,0.01,OFF,OFF
FullTest_0233,"Rank(Ts_Rank(close, 10))",USA,MINVOL3M,INDUSTRY,5,0,P2Y,0.08,ON,ON
FullTest_0234,"Rank(Ts_Rank(close, 10))",USA,MINVOL3M,INDUSTRY,5,0,P2Y,0.08,ON,OFF
FullTest_0235,"Rank(Ts_Rank(close, 10))",USA,MINVOL3M,INDUSTRY,5,0,P2Y,0.08,OFF,ON
FullTest_0236,"Rank(Ts_Rank(close, 10))",USA,MINVOL3M,INDUSTRY,5,0,P2Y,0.08,OFF,OFF
FullTest_0237,"Rank(Ts_Rank(close, 10))",USA,MINVOL3M,INDUSTRY,5,0,P2Y,0.01,ON,ON
FullTest_0238,"Rank(Ts_Rank(close, 10))",USA,MINVOL3M,INDUSTRY,5,0,P2Y,0.01,ON,OFF
FullTest_0239,"Rank(Ts_Rank(close, 10))",USA,MINVOL3M,INDUSTRY,5,0,P2Y,0.01,OFF,ON
FullTest_0240,"Rank(Ts_Rank(close, 10))",USA,MINVOL3M,INDUSTRY,5,0,P2Y,0.01,OFF,OFF
FullTest_0241,"Rank(Ts_Rank(close, 10))",USA,MINVOL3M,INDUSTRY,5,1,P1Y,0.08,ON,ON
FullTest_0242,"Rank(Ts_Rank(close, 10))",USA,MINVOL3M,INDUSTRY,5,1,P1Y,0.08,ON,OFF
FullTest_0243,"Rank(Ts_Rank(close, 10))",USA,MINVOL3M,INDUSTRY,5,1,P1Y,0.08,OFF,ON
FullTest_0244,"Rank(Ts_Rank(close, 10))",USA,MINVOL3M,INDUSTRY,5,1,P1Y,0.08,OFF,OFF
FullTest_0245,"Rank(Ts_Rank(close, 10))",USA,MINVOL3M,INDUSTRY,5,1,P1Y,0.01,ON,ON
FullTest_0246,"Rank(Ts_Rank(close, 10))",USA,MINVOL3M,INDUSTRY,5,1,P1Y,0.01,ON,OFF
FullTest_0247,"Rank(Ts_Rank(close, 10))",USA,MINVOL3M,INDUSTRY,5,1,P1Y,0.01,OFF,ON
FullTest_0248,"Rank(Ts_Rank(close, 10))",USA,MINVOL3M,INDUSTRY,5,1,P1Y,0.01,OFF,OFF
FullTest_0249,"Rank(Ts_Rank(close, 10))",USA,MINVOL3M,INDUSTRY,5,1,P2Y,0.08,ON,ON
FullTest_0250,"Rank(Ts_Rank(close, 10))",USA,MINVOL3M,INDUSTRY,5,1,P2Y,0.08,ON,OFF
FullTest_0251,"Rank(Ts_Rank(close, 10))",USA,MINVOL3M,INDUSTRY,5,1,P2Y,0.08,OFF,ON
FullTest_0252,"Rank(Ts_Rank(close, 10))",USA,MINVOL3M,INDUSTRY,5,1,P2Y,0.08,OFF,OFF
FullTest_0253,"Rank(Ts_Rank(close, 10))",USA,MINVOL3M,INDUSTRY,5,1,P2Y,0.01,ON,ON
FullTest_0254,"Rank(Ts_Rank(close, 10))",USA,MINVOL3M,INDUSTRY,5,1,P2Y,0.01,ON,OFF
FullTest_0255,"Rank(Ts_Rank(close, 10))",USA,MINVOL3M,INDUSTRY,5,1,P2Y,0.01,OFF,ON
FullTest_0256,"Rank(Ts_Rank(close, 10))",USA,MINVOL3M,INDUSTRY,5,1,P2Y,0.01,OFF,OFF
FullTest_0257,"Rank(Ts_Rank(close, 10))",USA,MINVOL3M,MARKET,0,0,P1Y,0.08,ON,ON
FullTest_0258,"Rank(Ts_Rank(close, 10))",USA,MINVOL3M,MARKET,0,0,P1Y,0.08,ON,OFF
FullTest_0259,"Rank(Ts_Rank(close, 10))",USA,MINVOL3M,MARKET,0,0,P1Y,0.08,OFF,ON
FullTest_0260,"Rank(Ts_Rank(close, 10))",USA,MINVOL3M,MARKET,0,0,P1Y,0.08,OFF,OFF
FullTest_0261,"Rank(Ts_Rank(close, 10))",USA,MINVOL3M,MARKET,0,0,P1Y,0.01,ON,ON
FullTest_0262,"Rank(Ts_Rank(close, 10))",USA,MINVOL3M,MARKET,0,0,P1Y,0.01,ON,OFF
FullTest_0263,"Rank(Ts_Rank(close, 10))",USA,MINVOL3M,MARKET,0,0,P1Y,0.01,OFF,ON
FullTest_0264,"Rank(Ts_Rank(close, 10))",USA,MINVOL3M,MARKET,0,0,P1Y,0.01,OFF,OFF
FullTest_0265,"Rank(Ts_Rank(close, 10))",USA,MINVOL3M,MARKET,0,0,P2Y,0.08,ON,ON
FullTest_0266,"Rank(Ts_Rank(close, 10))",USA,MINVOL3M,MARKET,0,0,P2Y,0.08,ON,OFF
FullTest_0267,"Rank(Ts_Rank(close, 10))",USA,MINVOL3M,MARKET,0,0,P2Y,0.08,OFF,ON
FullTest_0268,"Rank(Ts_Rank(close, 10))",USA,MINVOL3M,MARKET,0,0,P2Y,0.08,OFF,OFF
FullTest_0269,"Rank(Ts_Rank(close, 10))",USA,MINVOL3M,MARKET,0,0,P2Y,0.01,ON,ON
FullTest_0270,"Rank(Ts_Rank(close, 10))",USA,MINVOL3M,MARKET,0,0,P2Y,0.01,ON,OFF
FullTest_0271,"Rank(Ts_Rank(close, 10))",USA,MINVOL3M,MARKET,0,0,P2Y,0.01,OFF,ON
FullTest_0272,"Rank(Ts_Rank(close, 10))",USA,MINVOL3M,MARKET,0,0,P2Y,0.01,OFF,OFF
FullTest_0273,"Rank(Ts_Rank(close, 10))",USA,MINVOL3M,MARKET,0,1,P1Y,0.08,ON,ON
FullTest_0274,"Rank(Ts_Rank(close, 10))",USA,MINVOL3M,MARKET,0,1,P1Y,0.08,ON,OFF
FullTest_0275,"Rank(Ts_Rank(close, 10))",USA,MINVOL3M,MARKET,0,1,P1Y,0.08,OFF,ON
FullTest_0276,"Rank(Ts_Rank(close, 10))",USA,MINVOL3M,MARKET,0,1,P1Y,0.08,OFF,OFF
FullTest_0277,"Rank(Ts_Rank(close, 10))",USA,MINVOL3M,MARKET,0,1,P1Y,0.01,ON,ON
FullTest_0278,"Rank(Ts_Rank(close, 10))",USA,MINVOL3M,MARKET,0,1,P1Y,0.01,ON,OFF
FullTest_0279,"Rank(Ts_Rank(close, 10))",USA,MINVOL3M,MARKET,0,1,P1Y,0.01,OFF,ON
FullTest_0280,"Rank(Ts_Rank(close, 10))",USA,MINVOL3M,MARKET,0,1,P1Y,0.01,OFF,OFF
FullTest_0281,"Rank(Ts_Rank(close, 10))",USA,MINVOL3M,MARKET,0,1,P2Y,0.08,ON,ON
FullTest_0282,"Rank(Ts_Rank(close, 10))",USA,MINVOL3M,MARKET,0,1,P2Y,0.08,ON,OFF
FullTest_0283,"Rank(Ts_Rank(close, 10))",USA,MINVOL3M,MARKET,0,1,P2Y,0.08,OFF,ON
FullTest_0284,"Rank(Ts_Rank(close, 10))",USA,MINVOL3M,MARKET,0,1,P2Y,0.08,OFF,OFF
FullTest_0285,"Rank(Ts_Rank(close, 10))",USA,MINVOL3M,MARKET,0,1,P2Y,0.01,ON,ON
FullTest_0286,"Rank(Ts_Rank(close, 10))",USA,MINVOL3M,MARKET,0,1,P2Y,0.01,ON,OFF
FullTest_0287,"Rank(Ts_Rank(close, 10))",USA,MINVOL3M,MARKET,0,1,P2Y,0.01,OFF,ON
FullTest_0288,"Rank(Ts_Rank(close, 10))",USA,MINVOL3M,MARKET,0,1,P2Y,0.01,OFF,OFF
FullTest_0289,"Rank(Ts_Rank(close, 10))",USA,MINVOL3M,MARKET,5,0,P1Y,0.08,ON,ON
FullTest_0290,"Rank(Ts_Rank(close, 10))",USA,MINVOL3M,MARKET,5,0,P1Y,0.08,ON,OFF
FullTest_0291,"Rank(Ts_Rank(close, 10))",USA,MINVOL3M,MARKET,5,0,P1Y,0.08,OFF,ON
FullTest_0292,"Rank(Ts_Rank(close, 10))",USA,MINVOL3M,MARKET,5,0,P1Y,0.08,OFF,OFF
FullTest_0293,"Rank(Ts_Rank(close, 10))",USA,MINVOL3M,MARKET,5,0,P1Y,0.01,ON,ON
FullTest_0294,"Rank(Ts_Rank(close, 10))",USA,MINVOL3M,MARKET,5,0,P1Y,0.01,ON,OFF
FullTest_0295,"Rank(Ts_Rank(close, 10))",USA,MINVOL3M,MARKET,5,0,P1Y,0.01,OFF,ON
FullTest_0296,"Rank(Ts_Rank(close, 10))",USA,MINVOL3M,MARKET,5,0,P1Y,0.01,OFF,OFF
FullTest_0297,"Rank(Ts_Rank(close, 10))",USA,MINVOL3M,MARKET,5,0,P2Y,0.08,ON,ON
FullTest_0298,"Rank(Ts_Rank(close, 10))",USA,MINVOL3M,MARKET,5,0,P2Y,0.08,ON,OFF
FullTest_0299,"Rank(Ts_Rank(close, 10))",USA,MINVOL3M,MARKET,5,0,P2Y,0.08,OFF,ON
FullTest_0300,"Rank(Ts_Rank(close, 10))",USA,MINVOL3M,MARKET,5,0,P2Y,0.08,OFF,OFF
FullTest_0301,"Rank(Ts_Rank(close, 10))",USA,MINVOL3M,MARKET,5,0,P2Y,0.01,ON,ON
FullTest_0302,"Rank(Ts_Rank(close, 10))",USA,MINVOL3M,MARKET,5,0,P2Y,0.01,ON,OFF
FullTest_0303,"Rank(Ts_Rank(close, 10))",USA,MINVOL3M,MARKET,5,0,P2Y,0.01,OFF,ON
FullTest_0304,"Rank(Ts_Rank(close, 10))",USA,MINVOL3M,MARKET,5,0,P2Y,0.01,OFF,OFF
FullTest_0305,"Rank(Ts_Rank(close, 10))",USA,MINVOL3M,MARKET,5,1,P1Y,0.08,ON,ON
FullTest_0306,"Rank(Ts_Rank(close, 10))",USA,MINVOL3M,MARKET,5,1,P1Y,0.08,ON,OFF
FullTest_0307,"Rank(Ts_Rank(close, 10))",USA,MINVOL3M,MARKET,5,1,P1Y,0.08,OFF,ON
FullTest_0308,"Rank(Ts_Rank(close, 10))",USA,MINVOL3M,MARKET,5,1,P1Y,0.08,OFF,OFF
FullTest_0309,"Rank(Ts_Rank(close, 10))",USA,MINVOL3M,MARKET,5,1,P1Y,0.01,ON,ON
FullTest_0310,"Rank(Ts_Rank(close, 10))",USA,MINVOL3M,MARKET,5,1,P1Y,0.01,ON,OFF
FullTest_0311,"Rank(Ts_Rank(close, 10))",USA,MINVOL3M,MARKET,5,1,P1Y,0.01,OFF,ON
FullTest_0312,"Rank(Ts_Rank(close, 10))",USA,MINVOL3M,MARKET,5,1,P1Y,0.01,OFF,OFF
FullTest_0313,"Rank(Ts_Rank(close, 10))",USA,MINVOL3M,MARKET,5,1,P2Y,0.08,ON,ON
FullTest_0314,"Rank(Ts_Rank(close, 10))",USA,MINVOL3M,MARKET,5,1,P2Y,0.08,ON,OFF
FullTest_0315,"Rank(Ts_Rank(close, 10))",USA,MINVOL3M,MARKET,5,1,P2Y,0.08,OFF,ON
FullTest_0316,"Rank(Ts_Rank(close, 10))",USA,MINVOL3M,MARKET,5,1,P2Y,0.08,OFF,OFF
FullTest_0317,"Rank(Ts_Rank(close, 10))",USA,MINVOL3M,MARKET,5,1,P2Y,0.01,ON,ON
FullTest_0318,"Rank(Ts_Rank(close, 10))",USA,MINVOL3M,MARKET,5,1,P2Y,0.01,ON,OFF
FullTest_0319,"Rank(Ts_Rank(close, 10))",USA,MINVOL3M,MARKET,5,1,P2Y,0.01,OFF,ON
FullTest_0320,"Rank(Ts_Rank(close, 10))",USA,MINVOL3M,MARKET,5,1,P2Y,0.01,OFF,OFF
FullTest_0321,"Rank(Ts_Rank(close, 10))",USA,MINVOL3M,NONE,0,0,P1Y,0.08,ON,ON
FullTest_0322,"Rank(Ts_Rank(close, 10))",USA,MINVOL3M,NONE,0,0,P1Y,0.08,ON,OFF
FullTest_0323,"Rank(Ts_Rank(close, 10))",USA,MINVOL3M,NONE,0,0,P1Y,0.08,OFF,ON
FullTest_0324,"Rank(Ts_Rank(close, 10))",USA,MINVOL3M,NONE,0,0,P1Y,0.08,OFF,OFF
FullTest_0325,"Rank(Ts_Rank(close, 10))",USA,MINVOL3M,NONE,0,0,P1Y,0.01,ON,ON
FullTest_0326,"Rank(Ts_Rank(close, 10))",USA,MINVOL3M,NONE,0,0,P1Y,0.01,ON,OFF
FullTest_0327,"Rank(Ts_Rank(close, 10))",USA,MINVOL3M,NONE,0,0,P1Y,0.01,OFF,ON
FullTest_0328,"Rank(Ts_Rank(close, 10))",USA,MINVOL3M,NONE,0,0,P1Y,0.01,OFF,OFF
FullTest_0329,"Rank(Ts_Rank(close, 10))",USA,MINVOL3M,NONE,0,0,P2Y,0.08,ON,ON
FullTest_0330,"Rank(Ts_Rank(close, 10))",USA,MINVOL3M,NONE,0,0,P2Y,0.08,ON,OFF
FullTest_0331,"Rank(Ts_Rank(close, 10))",USA,MINVOL3M,NONE,0,0,P2Y,0.08,OFF,ON
FullTest_0332,"Rank(Ts_Rank(close, 10))",USA,MINVOL3M,NONE,0,0,P2Y,0.08,OFF,OFF
FullTest_0333,"Rank(Ts_Rank(close, 10))",USA,MINVOL3M,NONE,0,0,P2Y,0.01,ON,ON
FullTest_0334,"Rank(Ts_Rank(close, 10))",USA,MINVOL3M,NONE,0,0,P2Y,0.01,ON,OFF
FullTest_0335,"Rank(Ts_Rank(close, 10))",USA,MINVOL3M,NONE,0,0,P2Y,0.01,OFF,ON
FullTest_0336,"Rank(Ts_Rank(close, 10))",USA,MINVOL3M,NONE,0,0,P2Y,0.01,OFF,OFF
FullTest_0337,"Rank(Ts_Rank(close, 10))",USA,MINVOL3M,NONE,0,1,P1Y,0.08,ON,ON
FullTest_0338,"Rank(Ts_Rank(close, 10))",USA,MINVOL3M,NONE,0,1,P1Y,0.08,ON,OFF
FullTest_0339,"Rank(Ts_Rank(close, 10))",USA,MINVOL3M,NONE,0,1,P1Y,0.08,OFF,ON
FullTest_0340,"Rank(Ts_Rank(close, 10))",USA,MINVOL3M,NONE,0,1,P1Y,0.08,OFF,OFF
FullTest_0341,"Rank(Ts_Rank(close, 10))",USA,MINVOL3M,NONE,0,1,P1Y,0.01,ON,ON
FullTest_0342,"Rank(Ts_Rank(close, 10))",USA,MINVOL3M,NONE,0,1,P1Y,0.01,ON,OFF
FullTest_0343,"Rank(Ts_Rank(close, 10))",USA,MINVOL3M,NONE,0,1,P1Y,0.01,OFF,ON
FullTest_0344,"Rank(Ts_Rank(close, 10))",USA,MINVOL3M,NONE,0,1,P1Y,0.01,OFF,OFF
FullTest_0345,"Rank(Ts_Rank(close, 10))",USA,MINVOL3M,NONE,0,1,P2Y,0.08,ON,ON
FullTest_0346,"Rank(Ts_Rank(close, 10))",USA,MINVOL3M,NONE,0,1,P2Y,0.08,ON,OFF
FullTest_0347,"Rank(Ts_Rank(close, 10))",USA,MINVOL3M,NONE,0,1,P2Y,0.08,OFF,ON
FullTest_0348,"Rank(Ts_Rank(close, 10))",USA,MINVOL3M,NONE,0,1,P2Y,0.08,OFF,OFF
FullTest_0349,"Rank(Ts_Rank(close, 10))",USA,MINVOL3M,NONE,0,1,P2Y,0.01,ON,ON
FullTest_0350,"Rank(Ts_Rank(close, 10))",USA,MINVOL3M,NONE,0,1,P2Y,0.01,ON,OFF
FullTest_0351,"Rank(Ts_Rank(close, 10))",USA,MINVOL3M,NONE,0,1,P2Y,0.01,OFF,ON
FullTest_0352,"Rank(Ts_Rank(close, 10))",USA,MINVOL3M,NONE,0,1,P2Y,0.01,OFF,OFF
FullTest_0353,"Rank(Ts_Rank(close, 10))",USA,MINVOL3M,NONE,5,0,P1Y,0.08,ON,ON
FullTest_0354,"Rank(Ts_Rank(close, 10))",USA,MINVOL3M,NONE,5,0,P1Y,0.08,ON,OFF
FullTest_0355,"Rank(Ts_Rank(close, 10))",USA,MINVOL3M,NONE,5,0,P1Y,0.08,OFF,ON
FullTest_0356,"Rank(Ts_Rank(close, 10))",USA,MINVOL3M,NONE,5,0,P1Y,0.08,OFF,OFF
FullTest_0357,"Rank(Ts_Rank(close, 10))",USA,MINVOL3M,NONE,5,0,P1Y,0.01,ON,ON
FullTest_0358,"Rank(Ts_Rank(close, 10))",USA,MINVOL3M,NONE,5,0,P1Y,0.01,ON,OFF
FullTest_0359,"Rank(Ts_Rank(close, 10))",USA,MINVOL3M,NONE,5,0,P1Y,0.01,OFF,ON
FullTest_0360,"Rank(Ts_Rank(close, 10))",USA,MINVOL3M,NONE,5,0,P1Y,0.01,OFF,OFF
FullTest_0361,"Rank(Ts_Rank(close, 10))",USA,MINVOL3M,NONE,5,0,P2Y,0.08,ON,ON
FullTest_0362,"Rank(Ts_Rank(close, 10))",USA,MINVOL3M,NONE,5,0,P2Y,0.08,ON,OFF
FullTest_0363,"Rank(Ts_Rank(close, 10))",USA,MINVOL3M,NONE,5,0,P2Y,0.08,OFF,ON
FullTest_0364,"Rank(Ts_Rank(close, 10))",USA,MINVOL3M,NONE,5,0,P2Y,0.08,OFF,OFF
FullTest_0365,"Rank(Ts_Rank(close, 10))",USA,MINVOL3M,NONE,5,0,P2Y,0.01,ON,ON
FullTest_0366,"Rank(Ts_Rank(close, 10))",USA,MINVOL3M,NONE,5,0,P2Y,0.01,ON,OFF
FullTest_0367,"Rank(Ts_Rank(close, 10))",USA,MINVOL3M,NONE,5,0,P2Y,0.01,OFF,ON
FullTest_0368,"Rank(Ts_Rank(close, 10))",USA,MINVOL3M,NONE,5,0,P2Y,0.01,OFF,OFF
FullTest_0369,"Rank(Ts_Rank(close, 10))",USA,MINVOL3M,NONE,5,1,P1Y,0.08,ON,ON
FullTest_0370,"Rank(Ts_Rank(close, 10))",USA,MINVOL3M,NONE,5,1,P1Y,0.08,ON,OFF
FullTest_0371,"Rank(Ts_Rank(close, 10))",USA,MINVOL3M,NONE,5,1,P1Y,0.08,OFF,ON
FullTest_0372,"Rank(Ts_Rank(close, 10))",USA,MINVOL3M,NONE,5,1,P1Y,0.08,OFF,OFF
FullTest_0373,"Rank(Ts_Rank(close, 10))",USA,MINVOL3M,NONE,5,1,P1Y,0.01,ON,ON
FullTest_0374,"Rank(Ts_Rank(close, 10))",USA,MINVOL3M,NONE,5,1,P1Y,0.01,ON,OFF
FullTest_0375,"Rank(Ts_Rank(close, 10))",USA,MINVOL3M,NONE,5,1,P1Y,0.01,OFF,ON
FullTest_0376,"Rank(Ts_Rank(close, 10))",USA,MINVOL3M,NONE,5,1,P1Y,0.01,OFF,OFF
FullTest_0377,"Rank(Ts_Rank(close, 10))",USA,MINVOL3M,NONE,5,1,P2Y,0.08,ON,ON
FullTest_0378,"Rank(Ts_Rank(close, 10))",USA,MINVOL3M,NONE,5,1,P2Y,0.08,ON,OFF
FullTest_0379,"Rank(Ts_Rank(close, 10))",USA,MINVOL3M,NONE,5,1,P2Y,0.08,OFF,ON
FullTest_0380,"Rank(Ts_Rank(close, 10))",USA,MINVOL3M,NONE,5,1,P2Y,0.08,OFF,OFF
FullTest_0381,"Rank(Ts_Rank(close, 10))",USA,MINVOL3M,NONE,5,1,P2Y,0.01,ON,ON
FullTest_0382,"Rank(Ts_Rank(close, 10))",USA,MINVOL3M,NONE,5,1,P2Y,0.01,ON,OFF
FullTest_0383,"Rank(Ts_Rank(close, 10))",USA,MINVOL3M,NONE,5,1,P2Y,0.01,OFF,ON
FullTest_0384,"Rank(Ts_Rank(close, 10))",USA,MINVOL3M,NONE,5,1,P2Y,0.01,OFF,OFF
FullTest_0385,"Rank(Ts_Rank(close, 10))",ASI,TOP3000,INDUSTRY,0,0,P1Y,0.08,ON,ON
FullTest_0386,"Rank(Ts_Rank(close, 10))",ASI,TOP3000,INDUSTRY,0,0,P1Y,0.08,ON,OFF
FullTest_0387,"Rank(Ts_Rank(close, 10))",ASI,TOP3000,INDUSTRY,0,0,P1Y,0.08,OFF,ON
FullTest_0388,"Rank(Ts_Rank(close, 10))",ASI,TOP3000,INDUSTRY,0,0,P1Y,0.08,OFF,OFF
FullTest_0389,"Rank(Ts_Rank(close, 10))",ASI,TOP3000,INDUSTRY,0,0,P1Y,0.01,ON,ON
FullTest_0390,"Rank(Ts_Rank(close, 10))",ASI,TOP3000,INDUSTRY,0,0,P1Y,0.01,ON,OFF
FullTest_0391,"Rank(Ts_Rank(close, 10))",ASI,TOP3000,INDUSTRY,0,0,P1Y,0.01,OFF,ON
FullTest_0392,"Rank(Ts_Rank(close, 10))",ASI,TOP3000,INDUSTRY,0,0,P1Y,0.01,OFF,OFF
FullTest_0393,"Rank(Ts_Rank(close, 10))",ASI,TOP3000,INDUSTRY,0,0,P2Y,0.08,ON,ON
FullTest_0394,"Rank(Ts_Rank(close, 10))",ASI,TOP3000,INDUSTRY,0,0,P2Y,0.08,ON,OFF
FullTest_0395,"Rank(Ts_Rank(close, 10))",ASI,TOP3000,INDUSTRY,0,0,P2Y,0.08,OFF,ON
FullTest_0396,"Rank(Ts_Rank(close, 10))",ASI,TOP3000,INDUSTRY,0,0,P2Y,0.08,OFF,OFF
FullTest_0397,"Rank(Ts_Rank(close, 10))",ASI,TOP3000,INDUSTRY,0,0,P2Y,0.01,ON,ON
FullTest_0398,"Rank(Ts_Rank(close, 10))",ASI,TOP3000,INDUSTRY,0,0,P2Y,0.01,ON,OFF
FullTest_0399,"Rank(Ts_Rank(close, 10))",ASI,TOP3000,INDUSTRY,0,0,P2Y,0.01,OFF,ON
FullTest_0400,"Rank(Ts_Rank(close, 10))",ASI,TOP3000,INDUSTRY,0,0,P2Y,0.01,OFF,OFF
FullTest_0401,"Rank(Ts_Rank(close, 10))",ASI,TOP3000,INDUSTRY,0,1,P1Y,0.08,ON,ON
FullTest_0402,"Rank(Ts_Rank(close, 10))",ASI,TOP3000,INDUSTRY,0,1,P1Y,0.08,ON,OFF
FullTest_0403,"Rank(Ts_Rank(close, 10))",ASI,TOP3000,INDUSTRY,0,1,P1Y,0.08,OFF,ON
FullTest_0404,"Rank(Ts_Rank(close, 10))",ASI,TOP3000,INDUSTRY,0,1,P1Y,0.08,OFF,OFF
FullTest_0405,"Rank(Ts_Rank(close, 10))",ASI,TOP3000,INDUSTRY,0,1,P1Y,0.01,ON,ON
FullTest_0406,"Rank(Ts_Rank(close, 10))",ASI,TOP3000,INDUSTRY,0,1,P1Y,0.01,ON,OFF
FullTest_0407,"Rank(Ts_Rank(close, 10))",ASI,TOP3000,INDUSTRY,0,1,P1Y,0.01,OFF,ON
FullTest_0408,"Rank(Ts_Rank(close, 10))",ASI,TOP3000,INDUSTRY,0,1,P1Y,0.01,OFF,OFF
FullTest_0409,"Rank(Ts_Rank(close, 10))",ASI,TOP3000,INDUSTRY,0,1,P2Y,0.08,ON,ON
FullTest_0410,"Rank(Ts_Rank(close, 10))",ASI,TOP3000,INDUSTRY,0,1,P2Y,0.08,ON,OFF
FullTest_0411,"Rank(Ts_Rank(close, 10))",ASI,TOP3000,INDUSTRY,0,1,P2Y,0.08,OFF,ON
FullTest_0412,"Rank(Ts_Rank(close, 10))",ASI,TOP3000,INDUSTRY,0,1,P2Y,0.08,OFF,OFF
FullTest_0413,"Rank(Ts_Rank(close, 10))",ASI,TOP3000,INDUSTRY,0,1,P2Y,0.01,ON,ON
FullTest_0414,"Rank(Ts_Rank(close, 10))",ASI,TOP3000,INDUSTRY,0,1,P2Y,0.01,ON,OFF
FullTest_0415,"Rank(Ts_Rank(close, 10))",ASI,TOP3000,INDUSTRY,0,1,P2Y,0.01,OFF,ON
FullTest_0416,"Rank(Ts_Rank(close, 10))",ASI,TOP3000,INDUSTRY,0,1,P2Y,0.01,OFF,OFF
FullTest_0417,"Rank(Ts_Rank(close, 10))",ASI,TOP3000,INDUSTRY,5,0,P1Y,0.08,ON,ON
FullTest_0418,"Rank(Ts_Rank(close, 10))",ASI,TOP3000,INDUSTRY,5,0,P1Y,0.08,ON,OFF
FullTest_0419,"Rank(Ts_Rank(close, 10))",ASI,TOP3000,INDUSTRY,5,0,P1Y,0.08,OFF,ON
FullTest_0420,"Rank(Ts_Rank(close, 10))",ASI,TOP3000,INDUSTRY,5,0,P1Y,0.08,OFF,OFF
FullTest_0421,"Rank(Ts_Rank(close, 10))",ASI,TOP3000,INDUSTRY,5,0,P1Y,0.01,ON,ON
FullTest_0422,"Rank(Ts_Rank(close, 10))",ASI,TOP3000,INDUSTRY,5,0,P1Y,0.01,ON,OFF
FullTest_0423,"Rank(Ts_Rank(close, 10))",ASI,TOP3000,INDUSTRY,5,0,P1Y,0.01,OFF,ON
FullTest_0424,"Rank(Ts_Rank(close, 10))",ASI,TOP3000,INDUSTRY,5,0,P1Y,0.01,OFF,OFF
FullTest_0425,"Rank(Ts_Rank(close, 10))",ASI,TOP3000,INDUSTRY,5,0,P2Y,0.08,ON,ON
FullTest_0426,"Rank(Ts_Rank(close, 10))",ASI,TOP3000,INDUSTRY,5,0,P2Y,0.08,ON,OFF
FullTest_0427,"Rank(Ts_Rank(close, 10))",ASI,TOP3000,INDUSTRY,5,0,P2Y,0.08,OFF,ON
FullTest_0428,"Rank(Ts_Rank(close, 10))",ASI,TOP3000,INDUSTRY,5,0,P2Y,0.08,OFF,OFF
FullTest_0429,"Rank(Ts_Rank(close, 10))",ASI,TOP3000,INDUSTRY,5,0,P2Y,0.01,ON,ON
FullTest_0430,"Rank(Ts_Rank(close, 10))",ASI,TOP3000,INDUSTRY,5,0,P2Y,0.01,ON,OFF
FullTest_0431,"Rank(Ts_Rank(close, 10))",ASI,TOP3000,INDUSTRY,5,0,P2Y,0.01,OFF,ON
FullTest_0432,"Rank(Ts_Rank(close, 10))",ASI,TOP3000,INDUSTRY,5,0,P2Y,0.01,OFF,OFF
FullTest_0433,"Rank(Ts_Rank(close, 10))",ASI,TOP3000,INDUSTRY,5,1,P1Y,0.08,ON,ON
FullTest_0434,"Rank(Ts_Rank(close, 10))",ASI,TOP3000,INDUSTRY,5,1,P1Y,0.08,ON,OFF
FullTest_0435,"Rank(Ts_Rank(close, 10))",ASI,TOP3000,INDUSTRY,5,1,P1Y,0.08,OFF,ON
FullTest_0436,"Rank(Ts_Rank(close, 10))",ASI,TOP3000,INDUSTRY,5,1,P1Y,0.08,OFF,OFF
FullTest_0437,"Rank(Ts_Rank(close, 10))",ASI,TOP3000,INDUSTRY,5,1,P1Y,0.01,ON,ON
FullTest_0438,"Rank(Ts_Rank(close, 10))",ASI,TOP3000,INDUSTRY,5,1,P1Y,0.01,ON,OFF
FullTest_0439,"Rank(Ts_Rank(close, 10))",ASI,TOP3000,INDUSTRY,5,1,P1Y,0.01,OFF,ON
FullTest_0440,"Rank(Ts_Rank(close, 10))",ASI,TOP3000,INDUSTRY,5,1,P1Y,0.01,OFF,OFF
FullTest_0441,"Rank(Ts_Rank(close, 10))",ASI,TOP3000,INDUSTRY,5,1,P2Y,0.08,ON,ON
FullTest_0442,"Rank(Ts_Rank(close, 10))",ASI,TOP3000,INDUSTRY,5,1,P2Y,0.08,ON,OFF
FullTest_0443,"Rank(Ts_Rank(close, 10))",ASI,TOP3000,INDUSTRY,5,1,P2Y,0.08,OFF,ON
FullTest_0444,"Rank(Ts_Rank(close, 10))",ASI,TOP3000,INDUSTRY,5,1,P2Y,0.08,OFF,OFF
FullTest_0445,"Rank(Ts_Rank(close, 10))",ASI,TOP3000,INDUSTRY,5,1,P2Y,0.01,ON,ON
FullTest_0446,"Rank(Ts_Rank(close, 10))",ASI,TOP3000,INDUSTRY,5,1,P2Y,0.01,ON,OFF
FullTest_0447,"Rank(Ts_Rank(close, 10))",ASI,TOP3000,INDUSTRY,5,1,P2Y,0.01,OFF,ON
FullTest_0448,"Rank(Ts_Rank(close, 10))",ASI,TOP3000,INDUSTRY,5,1,P2Y,0.01,OFF,OFF
FullTest_0449,"Rank(Ts_Rank(close, 10))",ASI,TOP3000,MARKET,0,0,P1Y,0.08,ON,ON
FullTest_0450,"Rank(Ts_Rank(close, 10))",ASI,TOP3000,MARKET,0,0,P1Y,0.08,ON,OFF
FullTest_0451,"Rank(Ts_Rank(close, 10))",ASI,TOP3000,MARKET,0,0,P1Y,0.08,OFF,ON
FullTest_0452,"Rank(Ts_Rank(close, 10))",ASI,TOP3000,MARKET,0,0,P1Y,0.08,OFF,OFF
FullTest_0453,"Rank(Ts_Rank(close, 10))",ASI,TOP3000,MARKET,0,0,P1Y,0.01,ON,ON
FullTest_0454,"Rank(Ts_Rank(close, 10))",ASI,TOP3000,MARKET,0,0,P1Y,0.01,ON,OFF
FullTest_0455,"Rank(Ts_Rank(close, 10))",ASI,TOP3000,MARKET,0,0,P1Y,0.01,OFF,ON
FullTest_0456,"Rank(Ts_Rank(close, 10))",ASI,TOP3000,MARKET,0,0,P1Y,0.01,OFF,OFF
FullTest_0457,"Rank(Ts_Rank(close, 10))",ASI,TOP3000,MARKET,0,0,P2Y,0.08,ON,ON
FullTest_0458,"Rank(Ts_Rank(close, 10))",ASI,TOP3000,MARKET,0,0,P2Y,0.08,ON,OFF
FullTest_0459,"Rank(Ts_Rank(close, 10))",ASI,TOP3000,MARKET,0,0,P2Y,0.08,OFF,ON
FullTest_0460,"Rank(Ts_Rank(close, 10))",ASI,TOP3000,MARKET,0,0,P2Y,0.08,OFF,OFF
FullTest_0461,"Rank(Ts_Rank(close, 10))",ASI,TOP3000,MARKET,0,0,P2Y,0.01,ON,ON
FullTest_0462,"Rank(Ts_Rank(close, 10))",ASI,TOP3000,MARKET,0,0,P2Y,0.01,ON,OFF
FullTest_0463,"Rank(Ts_Rank(close, 10))",ASI,TOP3000,MARKET,0,0,P2Y,0.01,OFF,ON
FullTest_0464,"Rank(Ts_Rank(close, 10))",ASI,TOP3000,MARKET,0,0,P2Y,0.01,OFF,OFF
FullTest_0465,"Rank(Ts_Rank(close, 10))",ASI,TOP3000,MARKET,0,1,P1Y,0.08,ON,ON
FullTest_0466,"Rank(Ts_Rank(close, 10))",ASI,TOP3000,MARKET,0,1,P1Y,0.08,ON,OFF
FullTest_0467,"Rank(Ts_Rank(close, 10))",ASI,TOP3000,MARKET,0,1,P1Y,0.08,OFF,ON
FullTest_0468,"Rank(Ts_Rank(close, 10))",ASI,TOP3000,MARKET,0,1,P1Y,0.08,OFF,OFF
FullTest_0469,"Rank(Ts_Rank(close, 10))",ASI,TOP3000,MARKET,0,1,P1Y,0.01,ON,ON
FullTest_0470,"Rank(Ts_Rank(close, 10))",ASI,TOP3000,MARKET,0,1,P1Y,0.01,ON,OFF
FullTest_0471,"Rank(Ts_Rank(close, 10))",ASI,TOP3000,MARKET,0,1,P1Y,0.01,OFF,ON
FullTest_0472,"Rank(Ts_Rank(close, 10))",ASI,TOP3000,MARKET,0,1,P1Y,0.01,OFF,OFF
FullTest_0473,"Rank(Ts_Rank(close, 10))",ASI,TOP3000,MARKET,0,1,P2Y,0.08,ON,ON
FullTest_0474,"Rank(Ts_Rank(close, 10))",ASI,TOP3000,MARKET,0,1,P2Y,0.08,ON,OFF
FullTest_0475,"Rank(Ts_Rank(close, 10))",ASI,TOP3000,MARKET,0,1,P2Y,0.08,OFF,ON
FullTest_0476,"Rank(Ts_Rank(close, 10))",ASI,TOP3000,MARKET,0,1,P2Y,0.08,OFF,OFF
FullTest_0477,"Rank(Ts_Rank(close, 10))",ASI,TOP3000,MARKET,0,1,P2Y,0.01,ON,ON
FullTest_0478,"Rank(Ts_Rank(close, 10))",ASI,TOP3000,MARKET,0,1,P2Y,0.01,ON,OFF
FullTest_0479,"Rank(Ts_Rank(close, 10))",ASI,TOP3000,MARKET,0,1,P2Y,0.01,OFF,ON
FullTest_0480,"Rank(Ts_Rank(close, 10))",ASI,TOP3000,MARKET,0,1,P2Y,0.01,OFF,OFF
FullTest_0481,"Rank(Ts_Rank(close, 10))",ASI,TOP3000,MARKET,5,0,P1Y,0.08,ON,ON
FullTest_0482,"Rank(Ts_Rank(close, 10))",ASI,TOP3000,MARKET,5,0,P1Y,0.08,ON,OFF
FullTest_0483,"Rank(Ts_Rank(close, 10))",ASI,TOP3000,MARKET,5,0,P1Y,0.08,OFF,ON
FullTest_0484,"Rank(Ts_Rank(close, 10))",ASI,TOP3000,MARKET,5,0,P1Y,0.08,OFF,OFF
FullTest_0485,"Rank(Ts_Rank(close, 10))",ASI,TOP3000,MARKET,5,0,P1Y,0.01,ON,ON
FullTest_0486,"Rank(Ts_Rank(close, 10))",ASI,TOP3000,MARKET,5,0,P1Y,0.01,ON,OFF
FullTest_0487,"Rank(Ts_Rank(close, 10))",ASI,TOP3000,MARKET,5,0,P1Y,0.01,OFF,ON
FullTest_0488,"Rank(Ts_Rank(close, 10))",ASI,TOP3000,MARKET,5,0,P1Y,0.01,OFF,OFF
FullTest_0489,"Rank(Ts_Rank(close, 10))",ASI,TOP3000,MARKET,5,0,P2Y,0.08,ON,ON
FullTest_0490,"Rank(Ts_Rank(close, 10))",ASI,TOP3000,MARKET,5,0,P2Y,0.08,ON,OFF
FullTest_0491,"Rank(Ts_Rank(close, 10))",ASI,TOP3000,MARKET,5,0,P2Y,0.08,OFF,ON
FullTest_0492,"Rank(Ts_Rank(close, 10))",ASI,TOP3000,MARKET,5,0,P2Y,0.08,OFF,OFF
FullTest_0493,"Rank(Ts_Rank(close, 10))",ASI,TOP3000,MARKET,5,0,P2Y,0.01,ON,ON
FullTest_0494,"Rank(Ts_Rank(close, 10))",ASI,TOP3000,MARKET,5,0,P2Y,0.01,ON,OFF
FullTest_0495,"Rank(Ts_Rank(close, 10))",ASI,TOP3000,MARKET,5,0,P2Y,0.01,OFF,ON
FullTest_0496,"Rank(Ts_Rank(close, 10))",ASI,TOP3000,MARKET,5,0,P2Y,0.01,OFF,OFF
FullTest_0497,"Rank(Ts_Rank(close, 10))",ASI,TOP3000,MARKET,5,1,P1Y,0.08,ON,ON
FullTest_0498,"Rank(Ts_Rank(close, 10))",ASI,TOP3000,MARKET,5,1,P1Y,0.08,ON,OFF
FullTest_0499,"Rank(Ts_Rank(close, 10))",ASI,TOP3000,MARKET,5,1,P1Y,0.08,OFF,ON
FullTest_0500,"Rank(Ts_Rank(close, 10))",ASI,TOP3000,MARKET,5,1,P1Y,0.08,OFF,OFF
FullTest_0501,"Rank(Ts_Rank(close, 10))",ASI,TOP3000,MARKET,5,1,P1Y,0.01,ON,ON
FullTest_0502,"Rank(Ts_Rank(close, 10))",ASI,TOP3000,MARKET,5,1,P1Y,0.01,ON,OFF
FullTest_0503,"Rank(Ts_Rank(close, 10))",ASI,TOP3000,MARKET,5,1,P1Y,0.01,OFF,ON
FullTest_0504,"Rank(Ts_Rank(close, 10))",ASI,TOP3000,MARKET,5,1,P1Y,0.01,OFF,OFF
FullTest_0505,"Rank(Ts_Rank(close, 10))",ASI,TOP3000,MARKET,5,1,P2Y,0.08,ON,ON
FullTest_0506,"Rank(Ts_Rank(close, 10))",ASI,TOP3000,MARKET,5,1,P2Y,0.08,ON,OFF
FullTest_0507,"Rank(Ts_Rank(close, 10))",ASI,TOP3000,MARKET,5,1,P2Y,0.08,OFF,ON
FullTest_0508,"Rank(Ts_Rank(close, 10))",ASI,TOP3000,MARKET,5,1,P2Y,0.08,OFF,OFF
FullTest_0509,"Rank(Ts_Rank(close, 10))",ASI,TOP3000,MARKET,5,1,P2Y,0.01,ON,ON
FullTest_0510,"Rank(Ts_Rank(close, 10))",ASI,TOP3000,MARKET,5,1,P2Y,0.01,ON,OFF
FullTest_0511,"Rank(Ts_Rank(close, 10))",ASI,TOP3000,MARKET,5,1,P2Y,0.01,OFF,ON
FullTest_0512,"Rank(Ts_Rank(close, 10))",ASI,TOP3000,MARKET,5,1,P2Y,0.01,OFF,OFF
FullTest_0513,"Rank(Ts_Rank(close, 10))",ASI,TOP3000,NONE,0,0,P1Y,0.08,ON,ON
FullTest_0514,"Rank(Ts_Rank(close, 10))",ASI,TOP3000,NONE,0,0,P1Y,0.08,ON,OFF
FullTest_0515,"Rank(Ts_Rank(close, 10))",ASI,TOP3000,NONE,0,0,P1Y,0.08,OFF,ON
FullTest_0516,"Rank(Ts_Rank(close, 10))",ASI,TOP3000,NONE,0,0,P1Y,0.08,OFF,OFF
FullTest_0517,"Rank(Ts_Rank(close, 10))",ASI,TOP3000,NONE,0,0,P1Y,0.01,ON,ON
FullTest_0518,"Rank(Ts_Rank(close, 10))",ASI,TOP3000,NONE,0,0,P1Y,0.01,ON,OFF
FullTest_0519,"Rank(Ts_Rank(close, 10))",ASI,TOP3000,NONE,0,0,P1Y,0.01,OFF,ON
FullTest_0520,"Rank(Ts_Rank(close, 10))",ASI,TOP3000,NONE,0,0,P1Y,0.01,OFF,OFF
FullTest_0521,"Rank(Ts_Rank(close, 10))",ASI,TOP3000,NONE,0,0,P2Y,0.08,ON,ON
FullTest_0522,"Rank(Ts_Rank(close, 10))",ASI,TOP3000,NONE,0,0,P2Y,0.08,ON,OFF
FullTest_0523,"Rank(Ts_Rank(close, 10))",ASI,TOP3000,NONE,0,0,P2Y,0.08,OFF,ON
FullTest_0524,"Rank(Ts_Rank(close, 10))",ASI,TOP3000,NONE,0,0,P2Y,0.08,OFF,OFF
FullTest_0525,"Rank(Ts_Rank(close, 10))",ASI,TOP3000,NONE,0,0,P2Y,0.01,ON,ON
FullTest_0526,"Rank(Ts_Rank(close, 10))",ASI,TOP3000,NONE,0,0,P2Y,0.01,ON,OFF
FullTest_0527,"Rank(Ts_Rank(close, 10))",ASI,TOP3000,NONE,0,0,P2Y,0.01,OFF,ON
FullTest_0528,"Rank(Ts_Rank(close, 10))",ASI,TOP3000,NONE,0,0,P2Y,0.01,OFF,OFF
FullTest_0529,"Rank(Ts_Rank(close, 10))",ASI,TOP3000,NONE,0,1,P1Y,0.08,ON,ON
FullTest_0530,"Rank(Ts_Rank(close, 10))",ASI,TOP3000,NONE,0,1,P1Y,0.08,ON,OFF
FullTest_0531,"Rank(Ts_Rank(close, 10))",ASI,TOP3000,NONE,0,1,P1Y,0.08,OFF,ON
FullTest_0532,"Rank(Ts_Rank(close, 10))",ASI,TOP3000,NONE,0,1,P1Y,0.08,OFF,OFF
FullTest_0533,"Rank(Ts_Rank(close, 10))",ASI,TOP3000,NONE,0,1,P1Y,0.01,ON,ON
FullTest_0534,"Rank(Ts_Rank(close, 10))",ASI,TOP3000,NONE,0,1,P1Y,0.01,ON,OFF
FullTest_0535,"Rank(Ts_Rank(close, 10))",ASI,TOP3000,NONE,0,1,P1Y,0.01,OFF,ON
FullTest_0536,"Rank(Ts_Rank(close, 10))",ASI,TOP3000,NONE,0,1,P1Y,0.01,OFF,OFF
FullTest_0537,"Rank(Ts_Rank(close, 10))",ASI,TOP3000,NONE,0,1,P2Y,0.08,ON,ON
FullTest_0538,"Rank(Ts_Rank(close, 10))",ASI,TOP3000,NONE,0,1,P2Y,0.08,ON,OFF
FullTest_0539,"Rank(Ts_Rank(close, 10))",ASI,TOP3000,NONE,0,1,P2Y,0.08,OFF,ON
FullTest_0540,"Rank(Ts_Rank(close, 10))",ASI,TOP3000,NONE,0,1,P2Y,0.08,OFF,OFF
FullTest_0541,"Rank(Ts_Rank(close, 10))",ASI,TOP3000,NONE,0,1,P2Y,0.01,ON,ON
FullTest_0542,"Rank(Ts_Rank(close, 10))",ASI,TOP3000,NONE,0,1,P2Y,0.01,ON,OFF
FullTest_0543,"Rank(Ts_Rank(close, 10))",ASI,TOP3000,NONE,0,1,P2Y,0.01,OFF,ON
FullTest_0544,"Rank(Ts_Rank(close, 10))",ASI,TOP3000,NONE,0,1,P2Y,0.01,OFF,OFF
FullTest_0545,"Rank(Ts_Rank(close, 10))",ASI,TOP3000,NONE,5,0,P1Y,0.08,ON,ON
FullTest_0546,"Rank(Ts_Rank(close, 10))",ASI,TOP3000,NONE,5,0,P1Y,0.08,ON,OFF
FullTest_0547,"Rank(Ts_Rank(close, 10))",ASI,TOP3000,NONE,5,0,P1Y,0.08,OFF,ON
FullTest_0548,"Rank(Ts_Rank(close, 10))",ASI,TOP3000,NONE,5,0,P1Y,0.08,OFF,OFF
FullTest_0549,"Rank(Ts_Rank(close, 10))",ASI,TOP3000,NONE,5,0,P1Y,0.01,ON,ON
FullTest_0550,"Rank(Ts_Rank(close, 10))",ASI,TOP3000,NONE,5,0,P1Y,0.01,ON,OFF
FullTest_0551,"Rank(Ts_Rank(close, 10))",ASI,TOP3000,NONE,5,0,P1Y,0.01,OFF,ON
FullTest_0552,"Rank(Ts_Rank(close, 10))",ASI,TOP3000,NONE,5,0,P1Y,0.01,OFF,OFF
FullTest_0553,"Rank(Ts_Rank(close, 10))",ASI,TOP3000,NONE,5,0,P2Y,0.08,ON,ON
FullTest_0554,"Rank(Ts_Rank(close, 10))",ASI,TOP3000,NONE,5,0,P2Y,0.08,ON,OFF
FullTest_0555,"Rank(Ts_Rank(close, 10))",ASI,TOP3000,NONE,5,0,P2Y,0.08,OFF,ON
FullTest_0556,"Rank(Ts_Rank(close, 10))",ASI,TOP3000,NONE,5,0,P2Y,0.08,OFF,OFF
FullTest_0557,"Rank(Ts_Rank(close, 10))",ASI,TOP3000,NONE,5,0,P2Y,0.01,ON,ON
FullTest_0558,"Rank(Ts_Rank(close, 10))",ASI,TOP3000,NONE,5,0,P2Y,0.01,ON,OFF
FullTest_0559,"Rank(Ts_Rank(close, 10))",ASI,TOP3000,NONE,5,0,P2Y,0.01,OFF,ON
FullTest_0560,"Rank(Ts_Rank(close, 10))",ASI,TOP3000,NONE,5,0,P2Y,0.01,OFF,OFF
FullTest_0561,"Rank(Ts_Rank(close, 10))",ASI,TOP3000,NONE,5,1,P1Y,0.08,ON,ON
FullTest_0562,"Rank(Ts_Rank(close, 10))",ASI,TOP3000,NONE,5,1,P1Y,0.08,ON,OFF
FullTest_0563,"Rank(Ts_Rank(close, 10))",ASI,TOP3000,NONE,5,1,P1Y,0.08,OFF,ON
FullTest_0564,"Rank(Ts_Rank(close, 10))",ASI,TOP3000,NONE,5,1,P1Y,0.08,OFF,OFF
FullTest_0565,"Rank(Ts_Rank(close, 10))",ASI,TOP3000,NONE,5,1,P1Y,0.01,ON,ON
FullTest_0566,"Rank(Ts_Rank(close, 10))",ASI,TOP3000,NONE,5,1,P1Y,0.01,ON,OFF
FullTest_0567,"Rank(Ts_Rank(close, 10))",ASI,TOP3000,NONE,5,1,P1Y,0.01,OFF,ON
FullTest_0568,"Rank(Ts_Rank(close, 10))",ASI,TOP3000,NONE,5,1,P1Y,0.01,OFF,OFF
FullTest_0569,"Rank(Ts_Rank(close, 10))",ASI,TOP3000,NONE,5,1,P2Y,0.08,ON,ON
FullTest_0570,"Rank(Ts_Rank(close, 10))",ASI,TOP3000,NONE,5,1,P2Y,0.08,ON,OFF
FullTest_0571,"Rank(Ts_Rank(close, 10))",ASI,TOP3000,NONE,5,1,P2Y,0.08,OFF,ON
FullTest_0572,"Rank(Ts_Rank(close, 10))",ASI,TOP3000,NONE,5,1,P2Y,0.08,OFF,OFF
FullTest_0573,"Rank(Ts_Rank(close, 10))",ASI,TOP3000,NONE,5,1,P2Y,0.01,ON,ON
FullTest_0574,"Rank(Ts_Rank(close, 10))",ASI,TOP3000,NONE,5,1,P2Y,0.01,ON,OFF
FullTest_0575,"Rank(Ts_Rank(close, 10))",ASI,TOP3000,NONE,5,1,P2Y,0.01,OFF,ON
FullTest_0576,"Rank(Ts_Rank(close, 10))",ASI,TOP3000,NONE,5,1,P2Y,0.01,OFF,OFF
FullTest_0577,"Rank(Ts_Rank(close, 10))",ASI,MINVOL3M,INDUSTRY,0,0,P1Y,0.08,ON,ON
FullTest_0578,"Rank(Ts_Rank(close, 10))",ASI,MINVOL3M,INDUSTRY,0,0,P1Y,0.08,ON,OFF
FullTest_0579,"Rank(Ts_Rank(close, 10))",ASI,MINVOL3M,INDUSTRY,0,0,P1Y,0.08,OFF,ON
FullTest_0580,"Rank(Ts_Rank(close, 10))",ASI,MINVOL3M,INDUSTRY,0,0,P1Y,0.08,OFF,OFF
FullTest_0581,"Rank(Ts_Rank(close, 10))",ASI,MINVOL3M,INDUSTRY,0,0,P1Y,0.01,ON,ON
FullTest_0582,"Rank(Ts_Rank(close, 10))",ASI,MINVOL3M,INDUSTRY,0,0,P1Y,0.01,ON,OFF
FullTest_0583,"Rank(Ts_Rank(close, 10))",ASI,MINVOL3M,INDUSTRY,0,0,P1Y,0.01,OFF,ON
FullTest_0584,"Rank(Ts_Rank(close, 10))",ASI,MINVOL3M,INDUSTRY,0,0,P1Y,0.01,OFF,OFF
FullTest_0585,"Rank(Ts_Rank(close, 10))",ASI,MINVOL3M,INDUSTRY,0,0,P2Y,0.08,ON,ON
FullTest_0586,"Rank(Ts_Rank(close, 10))",ASI,MINVOL3M,INDUSTRY,0,0,P2Y,0.08,ON,OFF
FullTest_0587,"Rank(Ts_Rank(close, 10))",ASI,MINVOL3M,INDUSTRY,0,0,P2Y,0.08,OFF,ON
FullTest_0588,"Rank(Ts_Rank(close, 10))",ASI,MINVOL3M,INDUSTRY,0,0,P2Y,0.08,OFF,OFF
FullTest_0589,"Rank(Ts_Rank(close, 10))",ASI,MINVOL3M,INDUSTRY,0,0,P2Y,0.01,ON,ON
FullTest_0590,"Rank(Ts_Rank(close, 10))",ASI,MINVOL3M,INDUSTRY,0,0,P2Y,0.01,ON,OFF
FullTest_0591,"Rank(Ts_Rank(close, 10))",ASI,MINVOL3M,INDUSTRY,0,0,P2Y,0.01,OFF,ON
FullTest_0592,"Rank(Ts_Rank(close, 10))",ASI,MINVOL3M,INDUSTRY,0,0,P2Y,0.01,OFF,OFF
FullTest_0593,"Rank(Ts_Rank(close, 10))",ASI,MINVOL3M,INDUSTRY,0,1,P1Y,0.08,ON,ON
FullTest_0594,"Rank(Ts_Rank(close, 10))",ASI,MINVOL3M,INDUSTRY,0,1,P1Y,0.08,ON,OFF
FullTest_0595,"Rank(Ts_Rank(close, 10))",ASI,MINVOL3M,INDUSTRY,0,1,P1Y,0.08,OFF,ON
FullTest_0596,"Rank(Ts_Rank(close, 10))",ASI,MINVOL3M,INDUSTRY,0,1,P1Y,0.08,OFF,OFF
FullTest_0597,"Rank(Ts_Rank(close, 10))",ASI,MINVOL3M,INDUSTRY,0,1,P1Y,0.01,ON,ON
FullTest_0598,"Rank(Ts_Rank(close, 10))",ASI,MINVOL3M,INDUSTRY,0,1,P1Y,0.01,ON,OFF
FullTest_0599,"Rank(Ts_Rank(close, 10))",ASI,MINVOL3M,INDUSTRY,0,1,P1Y,0.01,OFF,ON
FullTest_0600,"Rank(Ts_Rank(close, 10))",ASI,MINVOL3M,INDUSTRY,0,1,P1Y,0.01,OFF,OFF
FullTest_0601,"Rank(Ts_Rank(close, 10))",ASI,MINVOL3M,INDUSTRY,0,1,P2Y,0.08,ON,ON
FullTest_0602,"Rank(Ts_Rank(close, 10))",ASI,MINVOL3M,INDUSTRY,0,1,P2Y,0.08,ON,OFF
FullTest_0603,"Rank(Ts_Rank(close, 10))",ASI,MINVOL3M,INDUSTRY,0,1,P2Y,0.08,OFF,ON
FullTest_0604,"Rank(Ts_Rank(close, 10))",ASI,MINVOL3M,INDUSTRY,0,1,P2Y,0.08,OFF,OFF
FullTest_0605,"Rank(Ts_Rank(close, 10))",ASI,MINVOL3M,INDUSTRY,0,1,P2Y,0.01,ON,ON
FullTest_0606,"Rank(Ts_Rank(close, 10))",ASI,MINVOL3M,INDUSTRY,0,1,P2Y,0.01,ON,OFF
FullTest_0607,"Rank(Ts_Rank(close, 10))",ASI,MINVOL3M,INDUSTRY,0,1,P2Y,0.01,OFF,ON
FullTest_0608,"Rank(Ts_Rank(close, 10))",ASI,MINVOL3M,INDUSTRY,0,1,P2Y,0.01,OFF,OFF
FullTest_0609,"Rank(Ts_Rank(close, 10))",ASI,MINVOL3M,INDUSTRY,5,0,P1Y,0.08,ON,ON
FullTest_0610,"Rank(Ts_Rank(close, 10))",ASI,MINVOL3M,INDUSTRY,5,0,P1Y,0.08,ON,OFF
FullTest_0611,"Rank(Ts_Rank(close, 10))",ASI,MINVOL3M,INDUSTRY,5,0,P1Y,0.08,OFF,ON
FullTest_0612,"Rank(Ts_Rank(close, 10))",ASI,MINVOL3M,INDUSTRY,5,0,P1Y,0.08,OFF,OFF
FullTest_0613,"Rank(Ts_Rank(close, 10))",ASI,MINVOL3M,INDUSTRY,5,0,P1Y,0.01,ON,ON
FullTest_0614,"Rank(Ts_Rank(close, 10))",ASI,MINVOL3M,INDUSTRY,5,0,P1Y,0.01,ON,OFF
FullTest_0615,"Rank(Ts_Rank(close, 10))",ASI,MINVOL3M,INDUSTRY,5,0,P1Y,0.01,OFF,ON
FullTest_0616,"Rank(Ts_Rank(close, 10))",ASI,MINVOL3M,INDUSTRY,5,0,P1Y,0.01,OFF,OFF
FullTest_0617,"Rank(Ts_Rank(close, 10))",ASI,MINVOL3M,INDUSTRY,5,0,P2Y,0.08,ON,ON
FullTest_0618,"Rank(Ts_Rank(close, 10))",ASI,MINVOL3M,INDUSTRY,5,0,P2Y,0.08,ON,OFF
FullTest_0619,"Rank(Ts_Rank(close, 10))",ASI,MINVOL3M,INDUSTRY,5,0,P2Y,0.08,OFF,ON
FullTest_0620,"Rank(Ts_Rank(close, 10))",ASI,MINVOL3M,INDUSTRY,5,0,P2Y,0.08,OFF,OFF
FullTest_0621,"Rank(Ts_Rank(close, 10))",ASI,MINVOL3M,INDUSTRY,5,0,P2Y,0.01,ON,ON
FullTest_0622,"Rank(Ts_Rank(close, 10))",ASI,MINVOL3M,INDUSTRY,5,0,P2Y,0.01,ON,OFF
FullTest_0623,"Rank(Ts_Rank(close, 10))",ASI,MINVOL3M,INDUSTRY,5,0,P2Y,0.01,OFF,ON
FullTest_0624,"Rank(Ts_Rank(close, 10))",ASI,MINVOL3M,INDUSTRY,5,0,P2Y,0.01,OFF,OFF
FullTest_0625,"Rank(Ts_Rank(close, 10))",ASI,MINVOL3M,INDUSTRY,5,1,P1Y,0.08,ON,ON
FullTest_0626,"Rank(Ts_Rank(close, 10))",ASI,MINVOL3M,INDUSTRY,5,1,P1Y,0.08,ON,OFF
FullTest_0627,"Rank(Ts_Rank(close, 10))",ASI,MINVOL3M,INDUSTRY,5,1,P1Y,0.08,OFF,ON
FullTest_0628,"Rank(Ts_Rank(close, 10))",ASI,MINVOL3M,INDUSTRY,5,1,P1Y,0.08,OFF,OFF
FullTest_0629,"Rank(Ts_Rank(close, 10))",ASI,MINVOL3M,INDUSTRY,5,1,P1Y,0.01,ON,ON
FullTest_0630,"Rank(Ts_Rank(close, 10))",ASI,MINVOL3M,INDUSTRY,5,1,P1Y,0.01,ON,OFF
FullTest_0631,"Rank(Ts_Rank(close, 10))",ASI,MINVOL3M,INDUSTRY,5,1,P1Y,0.01,OFF,ON
FullTest_0632,"Rank(Ts_Rank(close, 10))",ASI,MINVOL3M,INDUSTRY,5,1,P1Y,0.01,OFF,OFF
FullTest_0633,"Rank(Ts_Rank(close, 10))",ASI,MINVOL3M,INDUSTRY,5,1,P2Y,0.08,ON,ON
FullTest_0634,"Rank(Ts_Rank(close, 10))",ASI,MINVOL3M,INDUSTRY,5,1,P2Y,0.08,ON,OFF
FullTest_0635,"Rank(Ts_Rank(close, 10))",ASI,MINVOL3M,INDUSTRY,5,1,P2Y,0.08,OFF,ON
FullTest_0636,"Rank(Ts_Rank(close, 10))",ASI,MINVOL3M,INDUSTRY,5,1,P2Y,0.08,OFF,OFF
FullTest_0637,"Rank(Ts_Rank(close, 10))",ASI,MINVOL3M,INDUSTRY,5,1,P2Y,0.01,ON,ON
FullTest_0638,"Rank(Ts_Rank(close, 10))",ASI,MINVOL3M,INDUSTRY,5,1,P2Y,0.01,ON,OFF
FullTest_0639,"Rank(Ts_Rank(close, 10))",ASI,MINVOL3M,INDUSTRY,5,1,P2Y,0.01,OFF,ON
FullTest_0640,"Rank(Ts_Rank(close, 10))",ASI,MINVOL3M,INDUSTRY,5,1,P2Y,0.01,OFF,OFF
FullTest_0641,"Rank(Ts_Rank(close, 10))",ASI,MINVOL3M,MARKET,0,0,P1Y,0.08,ON,ON
FullTest_0642,"Rank(Ts_Rank(close, 10))",ASI,MINVOL3M,MARKET,0,0,P1Y,0.08,ON,OFF
FullTest_0643,"Rank(Ts_Rank(close, 10))",ASI,MINVOL3M,MARKET,0,0,P1Y,0.08,OFF,ON
FullTest_0644,"Rank(Ts_Rank(close, 10))",ASI,MINVOL3M,MARKET,0,0,P1Y,0.08,OFF,OFF
FullTest_0645,"Rank(Ts_Rank(close, 10))",ASI,MINVOL3M,MARKET,0,0,P1Y,0.01,ON,ON
FullTest_0646,"Rank(Ts_Rank(close, 10))",ASI,MINVOL3M,MARKET,0,0,P1Y,0.01,ON,OFF
FullTest_0647,"Rank(Ts_Rank(close, 10))",ASI,MINVOL3M,MARKET,0,0,P1Y,0.01,OFF,ON
FullTest_0648,"Rank(Ts_Rank(close, 10))",ASI,MINVOL3M,MARKET,0,0,P1Y,0.01,OFF,OFF
FullTest_0649,"Rank(Ts_Rank(close, 10))",ASI,MINVOL3M,MARKET,0,0,P2Y,0.08,ON,ON
FullTest_0650,"Rank(Ts_Rank(close, 10))",ASI,MINVOL3M,MARKET,0,0,P2Y,0.08,ON,OFF
FullTest_0651,"Rank(Ts_Rank(close, 10))",ASI,MINVOL3M,MARKET,0,0,P2Y,0.08,OFF,ON
FullTest_0652,"Rank(Ts_Rank(close, 10))",ASI,MINVOL3M,MARKET,0,0,P2Y,0.08,OFF,OFF
FullTest_0653,"Rank(Ts_Rank(close, 10))",ASI,MINVOL3M,MARKET,0,0,P2Y,0.01,ON,ON
FullTest_0654,"Rank(Ts_Rank(close, 10))",ASI,MINVOL3M,MARKET,0,0,P2Y,0.01,ON,OFF
FullTest_0655,"Rank(Ts_Rank(close, 10))",ASI,MINVOL3M,MARKET,0,0,P2Y,0.01,OFF,ON
FullTest_0656,"Rank(Ts_Rank(close, 10))",ASI,MINVOL3M,MARKET,0,0,P2Y,0.01,OFF,OFF
FullTest_0657,"Rank(Ts_Rank(close, 10))",ASI,MINVOL3M,MARKET,0,1,P1Y,0.08,ON,ON
FullTest_0658,"Rank(Ts_Rank(close, 10))",ASI,MINVOL3M,MARKET,0,1,P1Y,0.08,ON,OFF
FullTest_0659,"Rank(Ts_Rank(close, 10))",ASI,MINVOL3M,MARKET,0,1,P1Y,0.08,OFF,ON
FullTest_0660,"Rank(Ts_Rank(close, 10))",ASI,MINVOL3M,MARKET,0,1,P1Y,0.08,OFF,OFF
FullTest_0661,"Rank(Ts_Rank(close, 10))",ASI,MINVOL3M,MARKET,0,1,P1Y,0.01,ON,ON
FullTest_0662,"Rank(Ts_Rank(close, 10))",ASI,MINVOL3M,MARKET,0,1,P1Y,0.01,ON,OFF
FullTest_0663,"Rank(Ts_Rank(close, 10))",ASI,MINVOL3M,MARKET,0,1,P1Y,0.01,OFF,ON
FullTest_0664,"Rank(Ts_Rank(close, 10))",ASI,MINVOL3M,MARKET,0,1,P1Y,0.01,OFF,OFF
FullTest_0665,"Rank(Ts_Rank(close, 10))",ASI,MINVOL3M,MARKET,0,1,P2Y,0.08,ON,ON
FullTest_0666,"Rank(Ts_Rank(close, 10))",ASI,MINVOL3M,MARKET,0,1,P2Y,0.08,ON,OFF
FullTest_0667,"Rank(Ts_Rank(close, 10))",ASI,MINVOL3M,MARKET,0,1,P2Y,0.08,OFF,ON
FullTest_0668,"Rank(Ts_Rank(close, 10))",ASI,MINVOL3M,MARKET,0,1,P2Y,0.08,OFF,OFF
FullTest_0669,"Rank(Ts_Rank(close, 10))",ASI,MINVOL3M,MARKET,0,1,P2Y,0.01,ON,ON
FullTest_0670,"Rank(Ts_Rank(close, 10))",ASI,MINVOL3M,MARKET,0,1,P2Y,0.01,ON,OFF
FullTest_0671,"Rank(Ts_Rank(close, 10))",ASI,MINVOL3M,MARKET,0,1,P2Y,0.01,OFF,ON
FullTest_0672,"Rank(Ts_Rank(close, 10))",ASI,MINVOL3M,MARKET,0,1,P2Y,0.01,OFF,OFF
FullTest_0673,"Rank(Ts_Rank(close, 10))",ASI,MINVOL3M,MARKET,5,0,P1Y,0.08,ON,ON
FullTest_0674,"Rank(Ts_Rank(close, 10))",ASI,MINVOL3M,MARKET,5,0,P1Y,0.08,ON,OFF
FullTest_0675,"Rank(Ts_Rank(close, 10))",ASI,MINVOL3M,MARKET,5,0,P1Y,0.08,OFF,ON
FullTest_0676,"Rank(Ts_Rank(close, 10))",ASI,MINVOL3M,MARKET,5,0,P1Y,0.08,OFF,OFF
FullTest_0677,"Rank(Ts_Rank(close, 10))",ASI,MINVOL3M,MARKET,5,0,P1Y,0.01,ON,ON
FullTest_0678,"Rank(Ts_Rank(close, 10))",ASI,MINVOL3M,MARKET,5,0,P1Y,0.01,ON,OFF
FullTest_0679,"Rank(Ts_Rank(close, 10))",ASI,MINVOL3M,MARKET,5,0,P1Y,0.01,OFF,ON
FullTest_0680,"Rank(Ts_Rank(close, 10))",ASI,MINVOL3M,MARKET,5,0,P1Y,0.01,OFF,OFF
FullTest_0681,"Rank(Ts_Rank(close, 10))",ASI,MINVOL3M,MARKET,5,0,P2Y,0.08,ON,ON
FullTest_0682,"Rank(Ts_Rank(close, 10))",ASI,MINVOL3M,MARKET,5,0,P2Y,0.08,ON,OFF
FullTest_0683,"Rank(Ts_Rank(close, 10))",ASI,MINVOL3M,MARKET,5,0,P2Y,0.08,OFF,ON
FullTest_0684,"Rank(Ts_Rank(close, 10))",ASI,MINVOL3M,MARKET,5,0,P2Y,0.08,OFF,OFF
FullTest_0685,"Rank(Ts_Rank(close, 10))",ASI,MINVOL3M,MARKET,5,0,P2Y,0.01,ON,ON
FullTest_0686,"Rank(Ts_Rank(close, 10))",ASI,MINVOL3M,MARKET,5,0,P2Y,0.01,ON,OFF
FullTest_0687,"Rank(Ts_Rank(close, 10))",ASI,MINVOL3M,MARKET,5,0,P2Y,0.01,OFF,ON
FullTest_0688,"Rank(Ts_Rank(close, 10))",ASI,MINVOL3M,MARKET,5,0,P2Y,0.01,OFF,OFF
FullTest_0689,"Rank(Ts_Rank(close, 10))",ASI,MINVOL3M,MARKET,5,1,P1Y,0.08,ON,ON
FullTest_0690,"Rank(Ts_Rank(close, 10))",ASI,MINVOL3M,MARKET,5,1,P1Y,0.08,ON,OFF
FullTest_0691,"Rank(Ts_Rank(close, 10))",ASI,MINVOL3M,MARKET,5,1,P1Y,0.08,OFF,ON
FullTest_0692,"Rank(Ts_Rank(close, 10))",ASI,MINVOL3M,MARKET,5,1,P1Y,0.08,OFF,OFF
FullTest_0693,"Rank(Ts_Rank(close, 10))",ASI,MINVOL3M,MARKET,5,1,P1Y,0.01,ON,ON
FullTest_0694,"Rank(Ts_Rank(close, 10))",ASI,MINVOL3M,MARKET,5,1,P1Y,0.01,ON,OFF
FullTest_0695,"Rank(Ts_Rank(close, 10))",ASI,MINVOL3M,MARKET,5,1,P1Y,0.01,OFF,ON
FullTest_0696,"Rank(Ts_Rank(close, 10))",ASI,MINVOL3M,MARKET,5,1,P1Y,0.01,OFF,OFF
FullTest_0697,"Rank(Ts_Rank(close, 10))",ASI,MINVOL3M,MARKET,5,1,P2Y,0.08,ON,ON
FullTest_0698,"Rank(Ts_Rank(close, 10))",ASI,MINVOL3M,MARKET,5,1,P2Y,0.08,ON,OFF
FullTest_0699,"Rank(Ts_Rank(close, 10))",ASI,MINVOL3M,MARKET,5,1,P2Y,0.08,OFF,ON
FullTest_0700,"Rank(Ts_Rank(close, 10))",ASI,MINVOL3M,MARKET,5,1,P2Y,0.08,OFF,OFF
FullTest_0701,"Rank(Ts_Rank(close, 10))",ASI,MINVOL3M,MARKET,5,1,P2Y,0.01,ON,ON
FullTest_0702,"Rank(Ts_Rank(close, 10))",ASI,MINVOL3M,MARKET,5,1,P2Y,0.01,ON,OFF
FullTest_0703,"Rank(Ts_Rank(close, 10))",ASI,MINVOL3M,MARKET,5,1,P2Y,0.01,OFF,ON
FullTest_0704,"Rank(Ts_Rank(close, 10))",ASI,MINVOL3M,MARKET,5,1,P2Y,0.01,OFF,OFF
FullTest_0705,"Rank(Ts_Rank(close, 10))",ASI,MINVOL3M,NONE,0,0,P1Y,0.08,ON,ON
FullTest_0706,"Rank(Ts_Rank(close, 10))",ASI,MINVOL3M,NONE,0,0,P1Y,0.08,ON,OFF
FullTest_0707,"Rank(Ts_Rank(close, 10))",ASI,MINVOL3M,NONE,0,0,P1Y,0.08,OFF,ON
FullTest_0708,"Rank(Ts_Rank(close, 10))",ASI,MINVOL3M,NONE,0,0,P1Y,0.08,OFF,OFF
FullTest_0709,"Rank(Ts_Rank(close, 10))",ASI,MINVOL3M,NONE,0,0,P1Y,0.01,ON,ON
FullTest_0710,"Rank(Ts_Rank(close, 10))",ASI,MINVOL3M,NONE,0,0,P1Y,0.01,ON,OFF
FullTest_0711,"Rank(Ts_Rank(close, 10))",ASI,MINVOL3M,NONE,0,0,P1Y,0.01,OFF,ON
FullTest_0712,"Rank(Ts_Rank(close, 10))",ASI,MINVOL3M,NONE,0,0,P1Y,0.01,OFF,OFF
FullTest_0713,"Rank(Ts_Rank(close, 10))",ASI,MINVOL3M,NONE,0,0,P2Y,0.08,ON,ON
FullTest_0714,"Rank(Ts_Rank(close, 10))",ASI,MINVOL3M,NONE,0,0,P2Y,0.08,ON,OFF
FullTest_0715,"Rank(Ts_Rank(close, 10))",ASI,MINVOL3M,NONE,0,0,P2Y,0.08,OFF,ON
FullTest_0716,"Rank(Ts_Rank(close, 10))",ASI,MINVOL3M,NONE,0,0,P2Y,0.08,OFF,OFF
FullTest_0717,"Rank(Ts_Rank(close, 10))",ASI,MINVOL3M,NONE,0,0,P2Y,0.01,ON,ON
FullTest_0718,"Rank(Ts_Rank(close, 10))",ASI,MINVOL3M,NONE,0,0,P2Y,0.01,ON,OFF
FullTest_0719,"Rank(Ts_Rank(close, 10))",ASI,MINVOL3M,NONE,0,0,P2Y,0.01,OFF,ON
FullTest_0720,"Rank(Ts_Rank(close, 10))",ASI,MINVOL3M,NONE,0,0,P2Y,0.01,OFF,OFF
FullTest_0721,"Rank(Ts_Rank(close, 10))",ASI,MINVOL3M,NONE,0,1,P1Y,0.08,ON,ON
FullTest_0722,"Rank(Ts_Rank(close, 10))",ASI,MINVOL3M,NONE,0,1,P1Y,0.08,ON,OFF
FullTest_0723,"Rank(Ts_Rank(close, 10))",ASI,MINVOL3M,NONE,0,1,P1Y,0.08,OFF,ON
FullTest_0724,"Rank(Ts_Rank(close, 10))",ASI,MINVOL3M,NONE,0,1,P1Y,0.08,OFF,OFF
FullTest_0725,"Rank(Ts_Rank(close, 10))",ASI,MINVOL3M,NONE,0,1,P1Y,0.01,ON,ON
FullTest_0726,"Rank(Ts_Rank(close, 10))",ASI,MINVOL3M,NONE,0,1,P1Y,0.01,ON,OFF
FullTest_0727,"Rank(Ts_Rank(close, 10))",ASI,MINVOL3M,NONE,0,1,P1Y,0.01,OFF,ON
FullTest_0728,"Rank(Ts_Rank(close, 10))",ASI,MINVOL3M,NONE,0,1,P1Y,0.01,OFF,OFF
FullTest_0729,"Rank(Ts_Rank(close, 10))",ASI,MINVOL3M,NONE,0,1,P2Y,0.08,ON,ON
FullTest_0730,"Rank(Ts_Rank(close, 10))",ASI,MINVOL3M,NONE,0,1,P2Y,0.08,ON,OFF
FullTest_0731,"Rank(Ts_Rank(close, 10))",ASI,MINVOL3M,NONE,0,1,P2Y,0.08,OFF,ON
FullTest_0732,"Rank(Ts_Rank(close, 10))",ASI,MINVOL3M,NONE,0,1,P2Y,0.08,OFF,OFF
FullTest_0733,"Rank(Ts_Rank(close, 10))",ASI,MINVOL3M,NONE,0,1,P2Y,0.01,ON,ON
FullTest_0734,"Rank(Ts_Rank(close, 10))",ASI,MINVOL3M,NONE,0,1,P2Y,0.01,ON,OFF
FullTest_0735,"Rank(Ts_Rank(close, 10))",ASI,MINVOL3M,NONE,0,1,P2Y,0.01,OFF,ON
FullTest_0736,"Rank(Ts_Rank(close, 10))",ASI,MINVOL3M,NONE,0,1,P2Y,0.01,OFF,OFF
FullTest_0737,"Rank(Ts_Rank(close, 10))",ASI,MINVOL3M,NONE,5,0,P1Y,0.08,ON,ON
FullTest_0738,"Rank(Ts_Rank(close, 10))",ASI,MINVOL3M,NONE,5,0,P1Y,0.08,ON,OFF
FullTest_0739,"Rank(Ts_Rank(close, 10))",ASI,MINVOL3M,NONE,5,0,P1Y,0.08,OFF,ON
FullTest_0740,"Rank(Ts_Rank(close, 10))",ASI,MINVOL3M,NONE,5,0,P1Y,0.08,OFF,OFF
FullTest_0741,"Rank(Ts_Rank(close, 10))",ASI,MINVOL3M,NONE,5,0,P1Y,0.01,ON,ON
FullTest_0742,"Rank(Ts_Rank(close, 10))",ASI,MINVOL3M,NONE,5,0,P1Y,0.01,ON,OFF
FullTest_0743,"Rank(Ts_Rank(close, 10))",ASI,MINVOL3M,NONE,5,0,P1Y,0.01,OFF,ON
FullTest_0744,"Rank(Ts_Rank(close, 10))",ASI,MINVOL3M,NONE,5,0,P1Y,0.01,OFF,OFF
FullTest_0745,"Rank(Ts_Rank(close, 10))",ASI,MINVOL3M,NONE,5,0,P2Y,0.08,ON,ON
FullTest_0746,"Rank(Ts_Rank(close, 10))",ASI,MINVOL3M,NONE,5,0,P2Y,0.08,ON,OFF
FullTest_0747,"Rank(Ts_Rank(close, 10))",ASI,MINVOL3M,NONE,5,0,P2Y,0.08,OFF,ON
FullTest_0748,"Rank(Ts_Rank(close, 10))",ASI,MINVOL3M,NONE,5,0,P2Y,0.08,OFF,OFF
FullTest_0749,"Rank(Ts_Rank(close, 10))",ASI,MINVOL3M,NONE,5,0,P2Y,0.01,ON,ON
FullTest_0750,"Rank(Ts_Rank(close, 10))",ASI,MINVOL3M,NONE,5,0,P2Y,0.01,ON,OFF
FullTest_0751,"Rank(Ts_Rank(close, 10))",ASI,MINVOL3M,NONE,5,0,P2Y,0.01,OFF,ON
FullTest_0752,"Rank(Ts_Rank(close, 10))",ASI,MINVOL3M,NONE,5,0,P2Y,0.01,OFF,OFF
FullTest_0753,"Rank(Ts_Rank(close, 10))",ASI,MINVOL3M,NONE,5,1,P1Y,0.08,ON,ON
FullTest_0754,"Rank(Ts_Rank(close, 10))",ASI,MINVOL3M,NONE,5,1,P1Y,0.08,ON,OFF
FullTest_0755,"Rank(Ts_Rank(close, 10))",ASI,MINVOL3M,NONE,5,1,P1Y,0.08,OFF,ON
FullTest_0756,"Rank(Ts_Rank(close, 10))",ASI,MINVOL3M,NONE,5,1,P1Y,0.08,OFF,OFF
FullTest_0757,"Rank(Ts_Rank(close, 10))",ASI,MINVOL3M,NONE,5,1,P1Y,0.01,ON,ON
FullTest_0758,"Rank(Ts_Rank(close, 10))",ASI,MINVOL3M,NONE,5,1,P1Y,0.01,ON,OFF
FullTest_0759,"Rank(Ts_Rank(close, 10))",ASI,MINVOL3M,NONE,5,1,P1Y,0.01,OFF,ON
FullTest_0760,"Rank(Ts_Rank(close, 10))",ASI,MINVOL3M,NONE,5,1,P1Y,0.01,OFF,OFF
FullTest_0761,"Rank(Ts_Rank(close, 10))",ASI,MINVOL3M,NONE,5,1,P2Y,0.08,ON,ON
FullTest_0762,"Rank(Ts_Rank(close, 10))",ASI,MINVOL3M,NONE,5,1,P2Y,0.08,ON,OFF
FullTest_0763,"Rank(Ts_Rank(close, 10))",ASI,MINVOL3M,NONE,5,1,P2Y,0.08,OFF,ON
FullTest_0764,"Rank(Ts_Rank(close, 10))",ASI,MINVOL3M,NONE,5,1,P2Y,0.08,OFF,OFF
FullTest_0765,"Rank(Ts_Rank(close, 10))",ASI,MINVOL3M,NONE,5,1,P2Y,0.01,ON,ON
FullTest_0766,"Rank(Ts_Rank(close, 10))",ASI,MINVOL3M,NONE,5,1,P2Y,0.01,ON,OFF
FullTest_0767,"Rank(Ts_Rank(close, 10))",ASI,MINVOL3M,NONE,5,1,P2Y,0.01,OFF,ON
FullTest_0768,"Rank(Ts_Rank(close, 10))",ASI,MINVOL3M,NONE,5,1,P2Y,0.01,OFF,OFF
FullTest_0769,"Rank(Ts_Rank(close, 10))",EUR,TOP3000,INDUSTRY,0,0,P1Y,0.08,ON,ON
FullTest_0770,"Rank(Ts_Rank(close, 10))",EUR,TOP3000,INDUSTRY,0,0,P1Y,0.08,ON,OFF
FullTest_0771,"Rank(Ts_Rank(close, 10))",EUR,TOP3000,INDUSTRY,0,0,P1Y,0.08,OFF,ON
FullTest_0772,"Rank(Ts_Rank(close, 10))",EUR,TOP3000,INDUSTRY,0,0,P1Y,0.08,OFF,OFF
FullTest_0773,"Rank(Ts_Rank(close, 10))",EUR,TOP3000,INDUSTRY,0,0,P1Y,0.01,ON,ON
FullTest_0774,"Rank(Ts_Rank(close, 10))",EUR,TOP3000,INDUSTRY,0,0,P1Y,0.01,ON,OFF
FullTest_0775,"Rank(Ts_Rank(close, 10))",EUR,TOP3000,INDUSTRY,0,0,P1Y,0.01,OFF,ON
FullTest_0776,"Rank(Ts_Rank(close, 10))",EUR,TOP3000,INDUSTRY,0,0,P1Y,0.01,OFF,OFF
FullTest_0777,"Rank(Ts_Rank(close, 10))",EUR,TOP3000,INDUSTRY,0,0,P2Y,0.08,ON,ON
FullTest_0778,"Rank(Ts_Rank(close, 10))",EUR,TOP3000,INDUSTRY,0,0,P2Y,0.08,ON,OFF
FullTest_0779,"Rank(Ts_Rank(close, 10))",EUR,TOP3000,INDUSTRY,0,0,P2Y,0.08,OFF,ON
FullTest_0780,"Rank(Ts_Rank(close, 10))",EUR,TOP3000,INDUSTRY,0,0,P2Y,0.08,OFF,OFF
FullTest_0781,"Rank(Ts_Rank(close, 10))",EUR,TOP3000,INDUSTRY,0,0,P2Y,0.01,ON,ON
FullTest_0782,"Rank(Ts_Rank(close, 10))",EUR,TOP3000,INDUSTRY,0,0,P2Y,0.01,ON,OFF
FullTest_0783,"Rank(Ts_Rank(close, 10))",EUR,TOP3000,INDUSTRY,0,0,P2Y,0.01,OFF,ON
FullTest_0784,"Rank(Ts_Rank(close, 10))",EUR,TOP3000,INDUSTRY,0,0,P2Y,0.01,OFF,OFF
FullTest_0785,"Rank(Ts_Rank(close, 10))",EUR,TOP3000,INDUSTRY,0,1,P1Y,0.08,ON,ON
FullTest_0786,"Rank(Ts_Rank(close, 10))",EUR,TOP3000,INDUSTRY,0,1,P1Y,0.08,ON,OFF
FullTest_0787,"Rank(Ts_Rank(close, 10))",EUR,TOP3000,INDUSTRY,0,1,P1Y,0.08,OFF,ON
FullTest_0788,"Rank(Ts_Rank(close, 10))",EUR,TOP3000,INDUSTRY,0,1,P1Y,0.08,OFF,OFF
FullTest_0789,"Rank(Ts_Rank(close, 10))",EUR,TOP3000,INDUSTRY,0,1,P1Y,0.01,ON,ON
FullTest_0790,"Rank(Ts_Rank(close, 10))",EUR,TOP3000,INDUSTRY,0,1,P1Y,0.01,ON,OFF
FullTest_0791,"Rank(Ts_Rank(close, 10))",EUR,TOP3000,INDUSTRY,0,1,P1Y,0.01,OFF,ON
FullTest_0792,"Rank(Ts_Rank(close, 10))",EUR,TOP3000,INDUSTRY,0,1,P1Y,0.01,OFF,OFF
FullTest_0793,"Rank(Ts_Rank(close, 10))",EUR,TOP3000,INDUSTRY,0,1,P2Y,0.08,ON,ON
FullTest_0794,"Rank(Ts_Rank(close, 10))",EUR,TOP3000,INDUSTRY,0,1,P2Y,0.08,ON,OFF
FullTest_0795,"Rank(Ts_Rank(close, 10))",EUR,TOP3000,INDUSTRY,0,1,P2Y,0.08,OFF,ON
FullTest_0796,"Rank(Ts_Rank(close, 10))",EUR,TOP3000,INDUSTRY,0,1,P2Y,0.08,OFF,OFF
FullTest_0797,"Rank(Ts_Rank(close, 10))",EUR,TOP3000,INDUSTRY,0,1,P2Y,0.01,ON,ON
FullTest_0798,"Rank(Ts_Rank(close, 10))",EUR,TOP3000,INDUSTRY,0,1,P2Y,0.01,ON,OFF
FullTest_0799,"Rank(Ts_Rank(close, 10))",EUR,TOP3000,INDUSTRY,0,1,P2Y,0.01,OFF,ON
FullTest_0800,"Rank(Ts_Rank(close, 10))",EUR,TOP3000,INDUSTRY,0,1,P2Y,0.01,OFF,OFF
FullTest_0801,"Rank(Ts_Rank(close, 10))",EUR,TOP3000,INDUSTRY,5,0,P1Y,0.08,ON,ON
FullTest_0802,"Rank(Ts_Rank(close, 10))",EUR,TOP3000,INDUSTRY,5,0,P1Y,0.08,ON,OFF
FullTest_0803,"Rank(Ts_Rank(close, 10))",EUR,TOP3000,INDUSTRY,5,0,P1Y,0.08,OFF,ON
FullTest_0804,"Rank(Ts_Rank(close, 10))",EUR,TOP3000,INDUSTRY,5,0,P1Y,0.08,OFF,OFF
FullTest_0805,"Rank(Ts_Rank(close, 10))",EUR,TOP3000,INDUSTRY,5,0,P1Y,0.01,ON,ON
FullTest_0806,"Rank(Ts_Rank(close, 10))",EUR,TOP3000,INDUSTRY,5,0,P1Y,0.01,ON,OFF
FullTest_0807,"Rank(Ts_Rank(close, 10))",EUR,TOP3000,INDUSTRY,5,0,P1Y,0.01,OFF,ON
FullTest_0808,"Rank(Ts_Rank(close, 10))",EUR,TOP3000,INDUSTRY,5,0,P1Y,0.01,OFF,OFF
FullTest_0809,"Rank(Ts_Rank(close, 10))",EUR,TOP3000,INDUSTRY,5,0,P2Y,0.08,ON,ON
FullTest_0810,"Rank(Ts_Rank(close, 10))",EUR,TOP3000,INDUSTRY,5,0,P2Y,0.08,ON,OFF
FullTest_0811,"Rank(Ts_Rank(close, 10))",EUR,TOP3000,INDUSTRY,5,0,P2Y,0.08,OFF,ON
FullTest_0812,"Rank(Ts_Rank(close, 10))",EUR,TOP3000,INDUSTRY,5,0,P2Y,0.08,OFF,OFF
FullTest_0813,"Rank(Ts_Rank(close, 10))",EUR,TOP3000,INDUSTRY,5,0,P2Y,0.01,ON,ON
FullTest_0814,"Rank(Ts_Rank(close, 10))",EUR,TOP3000,INDUSTRY,5,0,P2Y,0.01,ON,OFF
FullTest_0815,"Rank(Ts_Rank(close, 10))",EUR,TOP3000,INDUSTRY,5,0,P2Y,0.01,OFF,ON
FullTest_0816,"Rank(Ts_Rank(close, 10))",EUR,TOP3000,INDUSTRY,5,0,P2Y,0.01,OFF,OFF
FullTest_0817,"Rank(Ts_Rank(close, 10))",EUR,TOP3000,INDUSTRY,5,1,P1Y,0.08,ON,ON
FullTest_0818,"Rank(Ts_Rank(close, 10))",EUR,TOP3000,INDUSTRY,5,1,P1Y,0.08,ON,OFF
FullTest_0819,"Rank(Ts_Rank(close, 10))",EUR,TOP3000,INDUSTRY,5,1,P1Y,0.08,OFF,ON
FullTest_0820,"Rank(Ts_Rank(close, 10))",EUR,TOP3000,INDUSTRY,5,1,P1Y,0.08,OFF,OFF
FullTest_0821,"Rank(Ts_Rank(close, 10))",EUR,TOP3000,INDUSTRY,5,1,P1Y,0.01,ON,ON
FullTest_0822,"Rank(Ts_Rank(close, 10))",EUR,TOP3000,INDUSTRY,5,1,P1Y,0.01,ON,OFF
FullTest_0823,"Rank(Ts_Rank(close, 10))",EUR,TOP3000,INDUSTRY,5,1,P1Y,0.01,OFF,ON
FullTest_0824,"Rank(Ts_Rank(close, 10))",EUR,TOP3000,INDUSTRY,5,1,P1Y,0.01,OFF,OFF
FullTest_0825,"Rank(Ts_Rank(close, 10))",EUR,TOP3000,INDUSTRY,5,1,P2Y,0.08,ON,ON
FullTest_0826,"Rank(Ts_Rank(close, 10))",EUR,TOP3000,INDUSTRY,5,1,P2Y,0.08,ON,OFF
FullTest_0827,"Rank(Ts_Rank(close, 10))",EUR,TOP3000,INDUSTRY,5,1,P2Y,0.08,OFF,ON
FullTest_0828,"Rank(Ts_Rank(close, 10))",EUR,TOP3000,INDUSTRY,5,1,P2Y,0.08,OFF,OFF
FullTest_0829,"Rank(Ts_Rank(close, 10))",EUR,TOP3000,INDUSTRY,5,1,P2Y,0.01,ON,ON
FullTest_0830,"Rank(Ts_Rank(close, 10))",EUR,TOP3000,INDUSTRY,5,1,P2Y,0.01,ON,OFF
FullTest_0831,"Rank(Ts_Rank(close, 10))",EUR,TOP3000,INDUSTRY,5,1,P2Y,0.01,OFF,ON
FullTest_0832,"Rank(Ts_Rank(close, 10))",EUR,TOP3000,INDUSTRY,5,1,P2Y,0.01,OFF,OFF
FullTest_0833,"Rank(Ts_Rank(close, 10))",EUR,TOP3000,MARKET,0,0,P1Y,0.08,ON,ON
FullTest_0834,"Rank(Ts_Rank(close, 10))",EUR,TOP3000,MARKET,0,0,P1Y,0.08,ON,OFF
FullTest_0835,"Rank(Ts_Rank(close, 10))",EUR,TOP3000,MARKET,0,0,P1Y,0.08,OFF,ON
FullTest_0836,"Rank(Ts_Rank(close, 10))",EUR,TOP3000,MARKET,0,0,P1Y,0.08,OFF,OFF
FullTest_0837,"Rank(Ts_Rank(close, 10))",EUR,TOP3000,MARKET,0,0,P1Y,0.01,ON,ON
FullTest_0838,"Rank(Ts_Rank(close, 10))",EUR,TOP3000,MARKET,0,0,P1Y,0.01,ON,OFF
FullTest_0839,"Rank(Ts_Rank(close, 10))",EUR,TOP3000,MARKET,0,0,P1Y,0.01,OFF,ON
FullTest_0840,"Rank(Ts_Rank(close, 10))",EUR,TOP3000,MARKET,0,0,P1Y,0.01,OFF,OFF
FullTest_0841,"Rank(Ts_Rank(close, 10))",EUR,TOP3000,MARKET,0,0,P2Y,0.08,ON,ON
FullTest_0842,"Rank(Ts_Rank(close, 10))",EUR,TOP3000,MARKET,0,0,P2Y,0.08,ON,OFF
FullTest_0843,"Rank(Ts_Rank(close, 10))",EUR,TOP3000,MARKET,0,0,P2Y,0.08,OFF,ON
FullTest_0844,"Rank(Ts_Rank(close, 10))",EUR,TOP3000,MARKET,0,0,P2Y,0.08,OFF,OFF
FullTest_0845,"Rank(Ts_Rank(close, 10))",EUR,TOP3000,MARKET,0,0,P2Y,0.01,ON,ON
FullTest_0846,"Rank(Ts_Rank(close, 10))",EUR,TOP3000,MARKET,0,0,P2Y,0.01,ON,OFF
FullTest_0847,"Rank(Ts_Rank(close, 10))",EUR,TOP3000,MARKET,0,0,P2Y,0.01,OFF,ON
FullTest_0848,"Rank(Ts_Rank(close, 10))",EUR,TOP3000,MARKET,0,0,P2Y,0.01,OFF,OFF
FullTest_0849,"Rank(Ts_Rank(close, 10))",EUR,TOP3000,MARKET,0,1,P1Y,0.08,ON,ON
FullTest_0850,"Rank(Ts_Rank(close, 10))",EUR,TOP3000,MARKET,0,1,P1Y,0.08,ON,OFF
FullTest_0851,"Rank(Ts_Rank(close, 10))",EUR,TOP3000,MARKET,0,1,P1Y,0.08,OFF,ON
FullTest_0852,"Rank(Ts_Rank(close, 10))",EUR,TOP3000,MARKET,0,1,P1Y,0.08,OFF,OFF
FullTest_0853,"Rank(Ts_Rank(close, 10))",EUR,TOP3000,MARKET,0,1,P1Y,0.01,ON,ON
FullTest_0854,"Rank(Ts_Rank(close, 10))",EUR,TOP3000,MARKET,0,1,P1Y,0.01,ON,OFF
FullTest_0855,"Rank(Ts_Rank(close, 10))",EUR,TOP3000,MARKET,0,1,P1Y,0.01,OFF,ON
FullTest_0856,"Rank(Ts_Rank(close, 10))",EUR,TOP3000,MARKET,0,1,P1Y,0.01,OFF,OFF
FullTest_0857,"Rank(Ts_Rank(close, 10))",EUR,TOP3000,MARKET,0,1,P2Y,0.08,ON,ON
FullTest_0858,"Rank(Ts_Rank(close, 10))",EUR,TOP3000,MARKET,0,1,P2Y,0.08,ON,OFF
FullTest_0859,"Rank(Ts_Rank(close, 10))",EUR,TOP3000,MARKET,0,1,P2Y,0.08,OFF,ON
FullTest_0860,"Rank(Ts_Rank(close, 10))",EUR,TOP3000,MARKET,0,1,P2Y,0.08,OFF,OFF
FullTest_0861,"Rank(Ts_Rank(close, 10))",EUR,TOP3000,MARKET,0,1,P2Y,0.01,ON,ON
FullTest_0862,"Rank(Ts_Rank(close, 10))",EUR,TOP3000,MARKET,0,1,P2Y,0.01,ON,OFF
FullTest_0863,"Rank(Ts_Rank(close, 10))",EUR,TOP3000,MARKET,0,1,P2Y,0.01,OFF,ON
FullTest_0864,"Rank(Ts_Rank(close, 10))",EUR,TOP3000,MARKET,0,1,P2Y,0.01,OFF,OFF
FullTest_0865,"Rank(Ts_Rank(close, 10))",EUR,TOP3000,MARKET,5,0,P1Y,0.08,ON,ON
FullTest_0866,"Rank(Ts_Rank(close, 10))",EUR,TOP3000,MARKET,5,0,P1Y,0.08,ON,OFF
FullTest_0867,"Rank(Ts_Rank(close, 10))",EUR,TOP3000,MARKET,5,0,P1Y,0.08,OFF,ON
FullTest_0868,"Rank(Ts_Rank(close, 10))",EUR,TOP3000,MARKET,5,0,P1Y,0.08,OFF,OFF
FullTest_0869,"Rank(Ts_Rank(close, 10))",EUR,TOP3000,MARKET,5,0,P1Y,0.01,ON,ON
FullTest_0870,"Rank(Ts_Rank(close, 10))",EUR,TOP3000,MARKET,5,0,P1Y,0.01,ON,OFF
FullTest_0871,"Rank(Ts_Rank(close, 10))",EUR,TOP3000,MARKET,5,0,P1Y,0.01,OFF,ON
FullTest_0872,"Rank(Ts_Rank(close, 10))",EUR,TOP3000,MARKET,5,0,P1Y,0.01,OFF,OFF
FullTest_0873,"Rank(Ts_Rank(close, 10))",EUR,TOP3000,MARKET,5,0,P2Y,0.08,ON,ON
FullTest_0874,"Rank(Ts_Rank(close, 10))",EUR,TOP3000,MARKET,5,0,P2Y,0.08,ON,OFF
FullTest_0875,"Rank(Ts_Rank(close, 10))",EUR,TOP3000,MARKET,5,0,P2Y,0.08,OFF,ON
FullTest_0876,"Rank(Ts_Rank(close, 10))",EUR,TOP3000,MARKET,5,0,P2Y,0.08,OFF,OFF
FullTest_0877,"Rank(Ts_Rank(close, 10))",EUR,TOP3000,MARKET,5,0,P2Y,0.01,ON,ON
FullTest_0878,"Rank(Ts_Rank(close, 10))",EUR,TOP3000,MARKET,5,0,P2Y,0.01,ON,OFF
FullTest_0879,"Rank(Ts_Rank(close, 10))",EUR,TOP3000,MARKET,5,0,P2Y,0.01,OFF,ON
FullTest_0880,"Rank(Ts_Rank(close, 10))",EUR,TOP3000,MARKET,5,0,P2Y,0.01,OFF,OFF
FullTest_0881,"Rank(Ts_Rank(close, 10))",EUR,TOP3000,MARKET,5,1,P1Y,0.08,ON,ON
FullTest_0882,"Rank(Ts_Rank(close, 10))",EUR,TOP3000,MARKET,5,1,P1Y,0.08,ON,OFF
FullTest_0883,"Rank(Ts_Rank(close, 10))",EUR,TOP3000,MARKET,5,1,P1Y,0.08,OFF,ON
FullTest_0884,"Rank(Ts_Rank(close, 10))",EUR,TOP3000,MARKET,5,1,P1Y,0.08,OFF,OFF
FullTest_0885,"Rank(Ts_Rank(close, 10))",EUR,TOP3000,MARKET,5,1,P1Y,0.01,ON,ON
FullTest_0886,"Rank(Ts_Rank(close, 10))",EUR,TOP3000,MARKET,5,1,P1Y,0.01,ON,OFF
FullTest_0887,"Rank(Ts_Rank(close, 10))",EUR,TOP3000,MARKET,5,1,P1Y,0.01,OFF,ON
FullTest_0888,"Rank(Ts_Rank(close, 10))",EUR,TOP3000,MARKET,5,1,P1Y,0.01,OFF,OFF
FullTest_0889,"Rank(Ts_Rank(close, 10))",EUR,TOP3000,MARKET,5,1,P2Y,0.08,ON,ON
FullTest_0890,"Rank(Ts_Rank(close, 10))",EUR,TOP3000,MARKET,5,1,P2Y,0.08,ON,OFF
FullTest_0891,"Rank(Ts_Rank(close, 10))",EUR,TOP3000,MARKET,5,1,P2Y,0.08,OFF,ON
FullTest_0892,"Rank(Ts_Rank(close, 10))",EUR,TOP3000,MARKET,5,1,P2Y,0.08,OFF,OFF
FullTest_0893,"Rank(Ts_Rank(close, 10))",EUR,TOP3000,MARKET,5,1,P2Y,0.01,ON,ON
FullTest_0894,"Rank(Ts_Rank(close, 10))",EUR,TOP3000,MARKET,5,1,P2Y,0.01,ON,OFF
FullTest_0895,"Rank(Ts_Rank(close, 10))",EUR,TOP3000,MARKET,5,1,P2Y,0.01,OFF,ON
FullTest_0896,"Rank(Ts_Rank(close, 10))",EUR,TOP3000,MARKET,5,1,P2Y,0.01,OFF,OFF
FullTest_0897,"Rank(Ts_Rank(close, 10))",EUR,TOP3000,NONE,0,0,P1Y,0.08,ON,ON
FullTest_0898,"Rank(Ts_Rank(close, 10))",EUR,TOP3000,NONE,0,0,P1Y,0.08,ON,OFF
FullTest_0899,"Rank(Ts_Rank(close, 10))",EUR,TOP3000,NONE,0,0,P1Y,0.08,OFF,ON
FullTest_0900,"Rank(Ts_Rank(close, 10))",EUR,TOP3000,NONE,0,0,P1Y,0.08,OFF,OFF
FullTest_0901,"Rank(Ts_Rank(close, 10))",EUR,TOP3000,NONE,0,0,P1Y,0.01,ON,ON
FullTest_0902,"Rank(Ts_Rank(close, 10))",EUR,TOP3000,NONE,0,0,P1Y,0.01,ON,OFF
FullTest_0903,"Rank(Ts_Rank(close, 10))",EUR,TOP3000,NONE,0,0,P1Y,0.01,OFF,ON
FullTest_0904,"Rank(Ts_Rank(close, 10))",EUR,TOP3000,NONE,0,0,P1Y,0.01,OFF,OFF
FullTest_0905,"Rank(Ts_Rank(close, 10))",EUR,TOP3000,NONE,0,0,P2Y,0.08,ON,ON
FullTest_0906,"Rank(Ts_Rank(close, 10))",EUR,TOP3000,NONE,0,0,P2Y,0.08,ON,OFF
FullTest_0907,"Rank(Ts_Rank(close, 10))",EUR,TOP3000,NONE,0,0,P2Y,0.08,OFF,ON
FullTest_0908,"Rank(Ts_Rank(close, 10))",EUR,TOP3000,NONE,0,0,P2Y,0.08,OFF,OFF
FullTest_0909,"Rank(Ts_Rank(close, 10))",EUR,TOP3000,NONE,0,0,P2Y,0.01,ON,ON
FullTest_0910,"Rank(Ts_Rank(close, 10))",EUR,TOP3000,NONE,0,0,P2Y,0.01,ON,OFF
FullTest_0911,"Rank(Ts_Rank(close, 10))",EUR,TOP3000,NONE,0,0,P2Y,0.01,OFF,ON
FullTest_0912,"Rank(Ts_Rank(close, 10))",EUR,TOP3000,NONE,0,0,P2Y,0.01,OFF,OFF
FullTest_0913,"Rank(Ts_Rank(close, 10))",EUR,TOP3000,NONE,0,1,P1Y,0.08,ON,ON
FullTest_0914,"Rank(Ts_Rank(close, 10))",EUR,TOP3000,NONE,0,1,P1Y,0.08,ON,OFF
FullTest_0915,"Rank(Ts_Rank(close, 10))",EUR,TOP3000,NONE,0,1,P1Y,0.08,OFF,ON
FullTest_0916,"Rank(Ts_Rank(close, 10))",EUR,TOP3000,NONE,0,1,P1Y,0.08,OFF,OFF
FullTest_0917,"Rank(Ts_Rank(close, 10))",EUR,TOP3000,NONE,0,1,P1Y,0.01,ON,ON
FullTest_0918,"Rank(Ts_Rank(close, 10))",EUR,TOP3000,NONE,0,1,P1Y,0.01,ON,OFF
FullTest_0919,"Rank(Ts_Rank(close, 10))",EUR,TOP3000,NONE,0,1,P1Y,0.01,OFF,ON
FullTest_0920,"Rank(Ts_Rank(close, 10))",EUR,TOP3000,NONE,0,1,P1Y,0.01,OFF,OFF
FullTest_0921,"Rank(Ts_Rank(close, 10))",EUR,TOP3000,NONE,0,1,P2Y,0.08,ON,ON
FullTest_0922,"Rank(Ts_Rank(close, 10))",EUR,TOP3000,NONE,0,1,P2Y,0.08,ON,OFF
FullTest_0923,"Rank(Ts_Rank(close, 10))",EUR,TOP3000,NONE,0,1,P2Y,0.08,OFF,ON
FullTest_0924,"Rank(Ts_Rank(close, 10))",EUR,TOP3000,NONE,0,1,P2Y,0.08,OFF,OFF
FullTest_0925,"Rank(Ts_Rank(close, 10))",EUR,TOP3000,NONE,0,1,P2Y,0.01,ON,ON
FullTest_0926,"Rank(Ts_Rank(close, 10))",EUR,TOP3000,NONE,0,1,P2Y,0.01,ON,OFF
FullTest_0927,"Rank(Ts_Rank(close, 10))",EUR,TOP3000,NONE,0,1,P2Y,0.01,OFF,ON
FullTest_0928,"Rank(Ts_Rank(close, 10))",EUR,TOP3000,NONE,0,1,P2Y,0.01,OFF,OFF
FullTest_0929,"Rank(Ts_Rank(close, 10))",EUR,TOP3000,NONE,5,0,P1Y,0.08,ON,ON
FullTest_0930,"Rank(Ts_Rank(close, 10))",EUR,TOP3000,NONE,5,0,P1Y,0.08,ON,OFF
FullTest_0931,"Rank(Ts_Rank(close, 10))",EUR,TOP3000,NONE,5,0,P1Y,0.08,OFF,ON
FullTest_0932,"Rank(Ts_Rank(close, 10))",EUR,TOP3000,NONE,5,0,P1Y,0.08,OFF,OFF
FullTest_0933,"Rank(Ts_Rank(close, 10))",EUR,TOP3000,NONE,5,0,P1Y,0.01,ON,ON
FullTest_0934,"Rank(Ts_Rank(close, 10))",EUR,TOP3000,NONE,5,0,P1Y,0.01,ON,OFF
FullTest_0935,"Rank(Ts_Rank(close, 10))",EUR,TOP3000,NONE,5,0,P1Y,0.01,OFF,ON
FullTest_0936,"Rank(Ts_Rank(close, 10))",EUR,TOP3000,NONE,5,0,P1Y,0.01,OFF,OFF
FullTest_0937,"Rank(Ts_Rank(close, 10))",EUR,TOP3000,NONE,5,0,P2Y,0.08,ON,ON
FullTest_0938,"Rank(Ts_Rank(close, 10))",EUR,TOP3000,NONE,5,0,P2Y,0.08,ON,OFF
FullTest_0939,"Rank(Ts_Rank(close, 10))",EUR,TOP3000,NONE,5,0,P2Y,0.08,OFF,ON
FullTest_0940,"Rank(Ts_Rank(close, 10))",EUR,TOP3000,NONE,5,0,P2Y,0.08,OFF,OFF
FullTest_0941,"Rank(Ts_Rank(close, 10))",EUR,TOP3000,NONE,5,0,P2Y,0.01,ON,ON
FullTest_0942,"Rank(Ts_Rank(close, 10))",EUR,TOP3000,NONE,5,0,P2Y,0.01,ON,OFF
FullTest_0943,"Rank(Ts_Rank(close, 10))",EUR,TOP3000,NONE,5,0,P2Y,0.01,OFF,ON
FullTest_0944,"Rank(Ts_Rank(close, 10))",EUR,TOP3000,NONE,5,0,P2Y,0.01,OFF,OFF
FullTest_0945,"Rank(Ts_Rank(close, 10))",EUR,TOP3000,NONE,5,1,P1Y,0.08,ON,ON
FullTest_0946,"Rank(Ts_Rank(close, 10))",EUR,TOP3000,NONE,5,1,P1Y,0.08,ON,OFF
FullTest_0947,"Rank(Ts_Rank(close, 10))",EUR,TOP3000,NONE,5,1,P1Y,0.08,OFF,ON
FullTest_0948,"Rank(Ts_Rank(close, 10))",EUR,TOP3000,NONE,5,1,P1Y,0.08,OFF,OFF
FullTest_0949,"Rank(Ts_Rank(close, 10))",EUR,TOP3000,NONE,5,1,P1Y,0.01,ON,ON
FullTest_0950,"Rank(Ts_Rank(close, 10))",EUR,TOP3000,NONE,5,1,P1Y,0.01,ON,OFF
FullTest_0951,"Rank(Ts_Rank(close, 10))",EUR,TOP3000,NONE,5,1,P1Y,0.01,OFF,ON
FullTest_0952,"Rank(Ts_Rank(close, 10))",EUR,TOP3000,NONE,5,1,P1Y,0.01,OFF,OFF
FullTest_0953,"Rank(Ts_Rank(close, 10))",EUR,TOP3000,NONE,5,1,P2Y,0.08,ON,ON
FullTest_0954,"Rank(Ts_Rank(close, 10))",EUR,TOP3000,NONE,5,1,P2Y,0.08,ON,OFF
FullTest_0955,"Rank(Ts_Rank(close, 10))",EUR,TOP3000,NONE,5,1,P2Y,0.08,OFF,ON
FullTest_0956,"Rank(Ts_Rank(close, 10))",EUR,TOP3000,NONE,5,1,P2Y,0.08,OFF,OFF
FullTest_0957,"Rank(Ts_Rank(close, 10))",EUR,TOP3000,NONE,5,1,P2Y,0.01,ON,ON
FullTest_0958,"Rank(Ts_Rank(close, 10))",EUR,TOP3000,NONE,5,1,P2Y,0.01,ON,OFF
FullTest_0959,"Rank(Ts_Rank(close, 10))",EUR,TOP3000,NONE,5,1,P2Y,0.01,OFF,ON
FullTest_0960,"Rank(Ts_Rank(close, 10))",EUR,TOP3000,NONE,5,1,P2Y,0.01,OFF,OFF
FullTest_0961,"Rank(Ts_Rank(close, 10))",EUR,MINVOL3M,INDUSTRY,0,0,P1Y,0.08,ON,ON
FullTest_0962,"Rank(Ts_Rank(close, 10))",EUR,MINVOL3M,INDUSTRY,0,0,P1Y,0.08,ON,OFF
FullTest_0963,"Rank(Ts_Rank(close, 10))",EUR,MINVOL3M,INDUSTRY,0,0,P1Y,0.08,OFF,ON
FullTest_0964,"Rank(Ts_Rank(close, 10))",EUR,MINVOL3M,INDUSTRY,0,0,P1Y,0.08,OFF,OFF
FullTest_0965,"Rank(Ts_Rank(close, 10))",EUR,MINVOL3M,INDUSTRY,0,0,P1Y,0.01,ON,ON
FullTest_0966,"Rank(Ts_Rank(close, 10))",EUR,MINVOL3M,INDUSTRY,0,0,P1Y,0.01,ON,OFF
FullTest_0967,"Rank(Ts_Rank(close, 10))",EUR,MINVOL3M,INDUSTRY,0,0,P1Y,0.01,OFF,ON
FullTest_0968,"Rank(Ts_Rank(close, 10))",EUR,MINVOL3M,INDUSTRY,0,0,P1Y,0.01,OFF,OFF
FullTest_0969,"Rank(Ts_Rank(close, 10))",EUR,MINVOL3M,INDUSTRY,0,0,P2Y,0.08,ON,ON
FullTest_0970,"Rank(Ts_Rank(close, 10))",EUR,MINVOL3M,INDUSTRY,0,0,P2Y,0.08,ON,OFF
FullTest_0971,"Rank(Ts_Rank(close, 10))",EUR,MINVOL3M,INDUSTRY,0,0,P2Y,0.08,OFF,ON
FullTest_0972,"Rank(Ts_Rank(close, 10))",EUR,MINVOL3M,INDUSTRY,0,0,P2Y,0.08,OFF,OFF
FullTest_0973,"Rank(Ts_Rank(close, 10))",EUR,MINVOL3M,INDUSTRY,0,0,P2Y,0.01,ON,ON
FullTest_0974,"Rank(Ts_Rank(close, 10))",EUR,MINVOL3M,INDUSTRY,0,0,P2Y,0.01,ON,OFF
FullTest_0975,"Rank(Ts_Rank(close, 10))",EUR,MINVOL3M,INDUSTRY,0,0,P2Y,0.01,OFF,ON
FullTest_0976,"Rank(Ts_Rank(close, 10))",EUR,MINVOL3M,INDUSTRY,0,0,P2Y,0.01,OFF,OFF
FullTest_0977,"Rank(Ts_Rank(close, 10))",EUR,MINVOL3M,INDUSTRY,0,1,P1Y,0.08,ON,ON
FullTest_0978,"Rank(Ts_Rank(close, 10))",EUR,MINVOL3M,INDUSTRY,0,1,P1Y,0.08,ON,OFF
FullTest_0979,"Rank(Ts_Rank(close, 10))",EUR,MINVOL3M,INDUSTRY,0,1,P1Y,0.08,OFF,ON
FullTest_0980,"Rank(Ts_Rank(close, 10))",EUR,MINVOL3M,INDUSTRY,0,1,P1Y,0.08,OFF,OFF
FullTest_0981,"Rank(Ts_Rank(close, 10))",EUR,MINVOL3M,INDUSTRY,0,1,P1Y,0.01,ON,ON
FullTest_0982,"Rank(Ts_Rank(close, 10))",EUR,MINVOL3M,INDUSTRY,0,1,P1Y,0.01,ON,OFF
FullTest_0983,"Rank(Ts_Rank(close, 10))",EUR,MINVOL3M,INDUSTRY,0,1,P1Y,0.01,OFF,ON
FullTest_0984,"Rank(Ts_Rank(close, 10))",EUR,MINVOL3M,INDUSTRY,0,1,P1Y,0.01,OFF,OFF
FullTest_0985,"Rank(Ts_Rank(close, 10))",EUR,MINVOL3M,INDUSTRY,0,1,P2Y,0.08,ON,ON
FullTest_0986,"Rank(Ts_Rank(close, 10))",EUR,MINVOL3M,INDUSTRY,0,1,P2Y,0.08,ON,OFF
FullTest_0987,"Rank(Ts_Rank(close, 10))",EUR,MINVOL3M,INDUSTRY,0,1,P2Y,0.08,OFF,ON
FullTest_0988,"Rank(Ts_Rank(close, 10))",EUR,MINVOL3M,INDUSTRY,0,1,P2Y,0.08,OFF,OFF
FullTest_0989,"Rank(Ts_Rank(close, 10))",EUR,MINVOL3M,INDUSTRY,0,1,P2Y,0.01,ON,ON
FullTest_0990,"Rank(Ts_Rank(close, 10))",EUR,MINVOL3M,INDUSTRY,0,1,P2Y,0.01,ON,OFF
FullTest_0991,"Rank(Ts_Rank(close, 10))",EUR,MINVOL3M,INDUSTRY,0,1,P2Y,0.01,OFF,ON
FullTest_0992,"Rank(Ts_Rank(close, 10))",EUR,MINVOL3M,INDUSTRY,0,1,P2Y,0.01,OFF,OFF
FullTest_0993,"Rank(Ts_Rank(close, 10))",EUR,MINVOL3M,INDUSTRY,5,0,P1Y,0.08,ON,ON
FullTest_0994,"Rank(Ts_Rank(close, 10))",EUR,MINVOL3M,INDUSTRY,5,0,P1Y,0.08,ON,OFF
FullTest_0995,"Rank(Ts_Rank(close, 10))",EUR,MINVOL3M,INDUSTRY,5,0,P1Y,0.08,OFF,ON
FullTest_0996,"Rank(Ts_Rank(close, 10))",EUR,MINVOL3M,INDUSTRY,5,0,P1Y,0.08,OFF,OFF
FullTest_0997,"Rank(Ts_Rank(close, 10))",EUR,MINVOL3M,INDUSTRY,5,0,P1Y,0.01,ON,ON
FullTest_0998,"Rank(Ts_Rank(close, 10))",EUR,MINVOL3M,INDUSTRY,5,0,P1Y,0.01,ON,OFF
FullTest_0999,"Rank(Ts_Rank(close, 10))",EUR,MINVOL3M,INDUSTRY,5,0,P1Y,0.01,OFF,ON
FullTest_1000,"Rank(Ts_Rank(close, 10))",EUR,MINVOL3M,INDUSTRY,5,0,P1Y,0.01,OFF,OFF
FullTest_1001,"Rank(Ts_Rank(close, 10))",EUR,MINVOL3M,INDUSTRY,5,0,P2Y,0.08,ON,ON
FullTest_1002,"Rank(Ts_Rank(close, 10))",EUR,MINVOL3M,INDUSTRY,5,0,P2Y,0.08,ON,OFF
FullTest_1003,"Rank(Ts_Rank(close, 10))",EUR,MINVOL3M,INDUSTRY,5,0,P2Y,0.08,OFF,ON
FullTest_1004,"Rank(Ts_Rank(close, 10))",EUR,MINVOL3M,INDUSTRY,5,0,P2Y,0.08,OFF,OFF
FullTest_1005,"Rank(Ts_Rank(close, 10))",EUR,MINVOL3M,INDUSTRY,5,0,P2Y,0.01,ON,ON
FullTest_1006,"Rank(Ts_Rank(close, 10))",EUR,MINVOL3M,INDUSTRY,5,0,P2Y,0.01,ON,OFF
FullTest_1007,"Rank(Ts_Rank(close, 10))",EUR,MINVOL3M,INDUSTRY,5,0,P2Y,0.01,OFF,ON
FullTest_1008,"Rank(Ts_Rank(close, 10))",EUR,MINVOL3M,INDUSTRY,5,0,P2Y,0.01,OFF,OFF
FullTest_1009,"Rank(Ts_Rank(close, 10))",EUR,MINVOL3M,INDUSTRY,5,1,P1Y,0.08,ON,ON
FullTest_1010,"Rank(Ts_Rank(close, 10))",EUR,MINVOL3M,INDUSTRY,5,1,P1Y,0.08,ON,OFF
FullTest_1011,"Rank(Ts_Rank(close, 10))",EUR,MINVOL3M,INDUSTRY,5,1,P1Y,0.08,OFF,ON
FullTest_1012,"Rank(Ts_Rank(close, 10))",EUR,MINVOL3M,INDUSTRY,5,1,P1Y,0.08,OFF,OFF
FullTest_1013,"Rank(Ts_Rank(close, 10))",EUR,MINVOL3M,INDUSTRY,5,1,P1Y,0.01,ON,ON
FullTest_1014,"Rank(Ts_Rank(close, 10))",EUR,MINVOL3M,INDUSTRY,5,1,P1Y,0.01,ON,OFF
FullTest_1015,"Rank(Ts_Rank(close, 10))",EUR,MINVOL3M,INDUSTRY,5,1,P1Y,0.01,OFF,ON
FullTest_1016,"Rank(Ts_Rank(close, 10))",EUR,MINVOL3M,INDUSTRY,5,1,P1Y,0.01,OFF,OFF
FullTest_1017,"Rank(Ts_Rank(close, 10))",EUR,MINVOL3M,INDUSTRY,5,1,P2Y,0.08,ON,ON
FullTest_1018,"Rank(Ts_Rank(close, 10))",EUR,MINVOL3M,INDUSTRY,5,1,P2Y,0.08,ON,OFF
FullTest_1019,"Rank(Ts_Rank(close, 10))",EUR,MINVOL3M,INDUSTRY,5,1,P2Y,0.08,OFF,ON
FullTest_1020,"Rank(Ts_Rank(close, 10))",EUR,MINVOL3M,INDUSTRY,5,1,P2Y,0.08,OFF,OFF
FullTest_1021,"Rank(Ts_Rank(close, 10))",EUR,MINVOL3M,INDUSTRY,5,1,P2Y,0.01,ON,ON
FullTest_1022,"Rank(Ts_Rank(close, 10))",EUR,MINVOL3M,INDUSTRY,5,1,P2Y,0.01,ON,OFF
FullTest_1023,"Rank(Ts_Rank(close, 10))",EUR,MINVOL3M,INDUSTRY,5,1,P2Y,0.01,OFF,ON
FullTest_1024,"Rank(Ts_Rank(close, 10))",EUR,MINVOL3M,INDUSTRY,5,1,P2Y,0.01,OFF,OFF
FullTest_1025,"Rank(Ts_Rank(close, 10))",EUR,MINVOL3M,MARKET,0,0,P1Y,0.08,ON,ON
FullTest_1026,"Rank(Ts_Rank(close, 10))",EUR,MINVOL3M,MARKET,0,0,P1Y,0.08,ON,OFF
FullTest_1027,"Rank(Ts_Rank(close, 10))",EUR,MINVOL3M,MARKET,0,0,P1Y,0.08,OFF,ON
FullTest_1028,"Rank(Ts_Rank(close, 10))",EUR,MINVOL3M,MARKET,0,0,P1Y,0.08,OFF,OFF
FullTest_1029,"Rank(Ts_Rank(close, 10))",EUR,MINVOL3M,MARKET,0,0,P1Y,0.01,ON,ON
FullTest_1030,"Rank(Ts_Rank(close, 10))",EUR,MINVOL3M,MARKET,0,0,P1Y,0.01,ON,OFF
FullTest_1031,"Rank(Ts_Rank(close, 10))",EUR,MINVOL3M,MARKET,0,0,P1Y,0.01,OFF,ON
FullTest_1032,"Rank(Ts_Rank(close, 10))",EUR,MINVOL3M,MARKET,0,0,P1Y,0.01,OFF,OFF
FullTest_1033,"Rank(Ts_Rank(close, 10))",EUR,MINVOL3M,MARKET,0,0,P2Y,0.08,ON,ON
FullTest_1034,"Rank(Ts_Rank(close, 10))",EUR,MINVOL3M,MARKET,0,0,P2Y,0.08,ON,OFF
FullTest_1035,"Rank(Ts_Rank(close, 10))",EUR,MINVOL3M,MARKET,0,0,P2Y,0.08,OFF,ON
FullTest_1036,"Rank(Ts_Rank(close, 10))",EUR,MINVOL3M,MARKET,0,0,P2Y,0.08,OFF,OFF
FullTest_1037,"Rank(Ts_Rank(close, 10))",EUR,MINVOL3M,MARKET,0,0,P2Y,0.01,ON,ON
FullTest_1038,"Rank(Ts_Rank(close, 10))",EUR,MINVOL3M,MARKET,0,0,P2Y,0.01,ON,OFF
FullTest_1039,"Rank(Ts_Rank(close, 10))",EUR,MINVOL3M,MARKET,0,0,P2Y,0.01,OFF,ON
FullTest_1040,"Rank(Ts_Rank(close, 10))",EUR,MINVOL3M,MARKET,0,0,P2Y,0.01,OFF,OFF
FullTest_1041,"Rank(Ts_Rank(close, 10))",EUR,MINVOL3M,MARKET,0,1,P1Y,0.08,ON,ON
FullTest_1042,"Rank(Ts_Rank(close, 10))",EUR,MINVOL3M,MARKET,0,1,P1Y,0.08,ON,OFF
FullTest_1043,"Rank(Ts_Rank(close, 10))",EUR,MINVOL3M,MARKET,0,1,P1Y,0.08,OFF,ON
FullTest_1044,"Rank(Ts_Rank(close, 10))",EUR,MINVOL3M,MARKET,0,1,P1Y,0.08,OFF,OFF
FullTest_1045,"Rank(Ts_Rank(close, 10))",EUR,MINVOL3M,MARKET,0,1,P1Y,0.01,ON,ON
FullTest_1046,"Rank(Ts_Rank(close, 10))",EUR,MINVOL3M,MARKET,0,1,P1Y,0.01,ON,OFF
FullTest_1047,"Rank(Ts_Rank(close, 10))",EUR,MINVOL3M,MARKET,0,1,P1Y,0.01,OFF,ON
FullTest_1048,"Rank(Ts_Rank(close, 10))",EUR,MINVOL3M,MARKET,0,1,P1Y,0.01,OFF,OFF
FullTest_1049,"Rank(Ts_Rank(close, 10))",EUR,MINVOL3M,MARKET,0,1,P2Y,0.08,ON,ON
FullTest_1050,"Rank(Ts_Rank(close, 10))",EUR,MINVOL3M,MARKET,0,1,P2Y,0.08,ON,OFF
FullTest_1051,"Rank(Ts_Rank(close, 10))",EUR,MINVOL3M,MARKET,0,1,P2Y,0.08,OFF,ON
FullTest_1052,"Rank(Ts_Rank(close, 10))",EUR,MINVOL3M,MARKET,0,1,P2Y,0.08,OFF,OFF
FullTest_1053,"Rank(Ts_Rank(close, 10))",EUR,MINVOL3M,MARKET,0,1,P2Y,0.01,ON,ON
FullTest_1054,"Rank(Ts_Rank(close, 10))",EUR,MINVOL3M,MARKET,0,1,P2Y,0.01,ON,OFF
FullTest_1055,"Rank(Ts_Rank(close, 10))",EUR,MINVOL3M,MARKET,0,1,P2Y,0.01,OFF,ON
FullTest_1056,"Rank(Ts_Rank(close, 10))",EUR,MINVOL3M,MARKET,0,1,P2Y,0.01,OFF,OFF
FullTest_1057,"Rank(Ts_Rank(close, 10))",EUR,MINVOL3M,MARKET,5,0,P1Y,0.08,ON,ON
FullTest_1058,"Rank(Ts_Rank(close, 10))",EUR,MINVOL3M,MARKET,5,0,P1Y,0.08,ON,OFF
FullTest_1059,"Rank(Ts_Rank(close, 10))",EUR,MINVOL3M,MARKET,5,0,P1Y,0.08,OFF,ON
FullTest_1060,"Rank(Ts_Rank(close, 10))",EUR,MINVOL3M,MARKET,5,0,P1Y,0.08,OFF,OFF
FullTest_1061,"Rank(Ts_Rank(close, 10))",EUR,MINVOL3M,MARKET,5,0,P1Y,0.01,ON,ON
FullTest_1062,"Rank(Ts_Rank(close, 10))",EUR,MINVOL3M,MARKET,5,0,P1Y,0.01,ON,OFF
FullTest_1063,"Rank(Ts_Rank(close, 10))",EUR,MINVOL3M,MARKET,5,0,P1Y,0.01,OFF,ON
FullTest_1064,"Rank(Ts_Rank(close, 10))",EUR,MINVOL3M,MARKET,5,0,P1Y,0.01,OFF,OFF
FullTest_1065,"Rank(Ts_Rank(close, 10))",EUR,MINVOL3M,MARKET,5,0,P2Y,0.08,ON,ON
FullTest_1066,"Rank(Ts_Rank(close, 10))",EUR,MINVOL3M,MARKET,5,0,P2Y,0.08,ON,OFF
FullTest_1067,"Rank(Ts_Rank(close, 10))",EUR,MINVOL3M,MARKET,5,0,P2Y,0.08,OFF,ON
FullTest_1068,"Rank(Ts_Rank(close, 10))",EUR,MINVOL3M,MARKET,5,0,P2Y,0.08,OFF,OFF
FullTest_1069,"Rank(Ts_Rank(close, 10))",EUR,MINVOL3M,MARKET,5,0,P2Y,0.01,ON,ON
FullTest_1070,"Rank(Ts_Rank(close, 10))",EUR,MINVOL3M,MARKET,5,0,P2Y,0.01,ON,OFF
FullTest_1071,"Rank(Ts_Rank(close, 10))",EUR,MINVOL3M,MARKET,5,0,P2Y,0.01,OFF,ON
FullTest_1072,"Rank(Ts_Rank(close, 10))",EUR,MINVOL3M,MARKET,5,0,P2Y,0.01,OFF,OFF
FullTest_1073,"Rank(Ts_Rank(close, 10))",EUR,MINVOL3M,MARKET,5,1,P1Y,0.08,ON,ON
FullTest_1074,"Rank(Ts_Rank(close, 10))",EUR,MINVOL3M,MARKET,5,1,P1Y,0.08,ON,OFF
FullTest_1075,"Rank(Ts_Rank(close, 10))",EUR,MINVOL3M,MARKET,5,1,P1Y,0.08,OFF,ON
FullTest_1076,"Rank(Ts_Rank(close, 10))",EUR,MINVOL3M,MARKET,5,1,P1Y,0.08,OFF,OFF
FullTest_1077,"Rank(Ts_Rank(close, 10))",EUR,MINVOL3M,MARKET,5,1,P1Y,0.01,ON,ON
FullTest_1078,"Rank(Ts_Rank(close, 10))",EUR,MINVOL3M,MARKET,5,1,P1Y,0.01,ON,OFF
FullTest_1079,"Rank(Ts_Rank(close, 10))",EUR,MINVOL3M,MARKET,5,1,P1Y,0.01,OFF,ON
FullTest_1080,"Rank(Ts_Rank(close, 10))",EUR,MINVOL3M,MARKET,5,1,P1Y,0.01,OFF,OFF
FullTest_1081,"Rank(Ts_Rank(close, 10))",EUR,MINVOL3M,MARKET,5,1,P2Y,0.08,ON,ON
FullTest_1082,"Rank(Ts_Rank(close, 10))",EUR,MINVOL3M,MARKET,5,1,P2Y,0.08,ON,OFF
FullTest_1083,"Rank(Ts_Rank(close, 10))",EUR,MINVOL3M,MARKET,5,1,P2Y,0.08,OFF,ON
FullTest_1084,"Rank(Ts_Rank(close, 10))",EUR,MINVOL3M,MARKET,5,1,P2Y,0.08,OFF,OFF
FullTest_1085,"Rank(Ts_Rank(close, 10))",EUR,MINVOL3M,MARKET,5,1,P2Y,0.01,ON,ON
FullTest_1086,"Rank(Ts_Rank(close, 10))",EUR,MINVOL3M,MARKET,5,1,P2Y,0.01,ON,OFF
FullTest_1087,"Rank(Ts_Rank(close, 10))",EUR,MINVOL3M,MARKET,5,1,P2Y,0.01,OFF,ON
FullTest_1088,"Rank(Ts_Rank(close, 10))",EUR,MINVOL3M,MARKET,5,1,P2Y,0.01,OFF,OFF
FullTest_1089,"Rank(Ts_Rank(close, 10))",EUR,MINVOL3M,NONE,0,0,P1Y,0.08,ON,ON
FullTest_1090,"Rank(Ts_Rank(close, 10))",EUR,MINVOL3M,NONE,0,0,P1Y,0.08,ON,OFF
FullTest_1091,"Rank(Ts_Rank(close, 10))",EUR,MINVOL3M,NONE,0,0,P1Y,0.08,OFF,ON
FullTest_1092,"Rank(Ts_Rank(close, 10))",EUR,MINVOL3M,NONE,0,0,P1Y,0.08,OFF,OFF
FullTest_1093,"Rank(Ts_Rank(close, 10))",EUR,MINVOL3M,NONE,0,0,P1Y,0.01,ON,ON
FullTest_1094,"Rank(Ts_Rank(close, 10))",EUR,MINVOL3M,NONE,0,0,P1Y,0.01,ON,OFF
FullTest_1095,"Rank(Ts_Rank(close, 10))",EUR,MINVOL3M,NONE,0,0,P1Y,0.01,OFF,ON
FullTest_1096,"Rank(Ts_Rank(close, 10))",EUR,MINVOL3M,NONE,0,0,P1Y,0.01,OFF,OFF
FullTest_1097,"Rank(Ts_Rank(close, 10))",EUR,MINVOL3M,NONE,0,0,P2Y,0.08,ON,ON
FullTest_1098,"Rank(Ts_Rank(close, 10))",EUR,MINVOL3M,NONE,0,0,P2Y,0.08,ON,OFF
FullTest_1099,"Rank(Ts_Rank(close, 10))",EUR,MINVOL3M,NONE,0,0,P2Y,0.08,OFF,ON
FullTest_1100,"Rank(Ts_Rank(close, 10))",EUR,MINVOL3M,NONE,0,0,P2Y,0.08,OFF,OFF
FullTest_1101,"Rank(Ts_Rank(close, 10))",EUR,MINVOL3M,NONE,0,0,P2Y,0.01,ON,ON
FullTest_1102,"Rank(Ts_Rank(close, 10))",EUR,MINVOL3M,NONE,0,0,P2Y,0.01,ON,OFF
FullTest_1103,"Rank(Ts_Rank(close, 10))",EUR,MINVOL3M,NONE,0,0,P2Y,0.01,OFF,ON
FullTest_1104,"Rank(Ts_Rank(close, 10))",EUR,MINVOL3M,NONE,0,0,P2Y,0.01,OFF,OFF
FullTest_1105,"Rank(Ts_Rank(close, 10))",EUR,MINVOL3M,NONE,0,1,P1Y,0.08,ON,ON
FullTest_1106,"Rank(Ts_Rank(close, 10))",EUR,MINVOL3M,NONE,0,1,P1Y,0.08,ON,OFF
FullTest_1107,"Rank(Ts_Rank(close, 10))",EUR,MINVOL3M,NONE,0,1,P1Y,0.08,OFF,ON
FullTest_1108,"Rank(Ts_Rank(close, 10))",EUR,MINVOL3M,NONE,0,1,P1Y,0.08,OFF,OFF
FullTest_1109,"Rank(Ts_Rank(close, 10))",EUR,MINVOL3M,NONE,0,1,P1Y,0.01,ON,ON
FullTest_1110,"Rank(Ts_Rank(close, 10))",EUR,MINVOL3M,NONE,0,1,P1Y,0.01,ON,OFF
FullTest_1111,"Rank(Ts_Rank(close, 10))",EUR,MINVOL3M,NONE,0,1,P1Y,0.01,OFF,ON
FullTest_1112,"Rank(Ts_Rank(close, 10))",EUR,MINVOL3M,NONE,0,1,P1Y,0.01,OFF,OFF
FullTest_1113,"Rank(Ts_Rank(close, 10))",EUR,MINVOL3M,NONE,0,1,P2Y,0.08,ON,ON
FullTest_1114,"Rank(Ts_Rank(close, 10))",EUR,MINVOL3M,NONE,0,1,P2Y,0.08,ON,OFF
FullTest_1115,"Rank(Ts_Rank(close, 10))",EUR,MINVOL3M,NONE,0,1,P2Y,0.08,OFF,ON
FullTest_1116,"Rank(Ts_Rank(close, 10))",EUR,MINVOL3M,NONE,0,1,P2Y,0.08,OFF,OFF
FullTest_1117,"Rank(Ts_Rank(close, 10))",EUR,MINVOL3M,NONE,0,1,P2Y,0.01,ON,ON
FullTest_1118,"Rank(Ts_Rank(close, 10))",EUR,MINVOL3M,NONE,0,1,P2Y,0.01,ON,OFF
FullTest_1119,"Rank(Ts_Rank(close, 10))",EUR,MINVOL3M,NONE,0,1,P2Y,0.01,OFF,ON
FullTest_1120,"Rank(Ts_Rank(close, 10))",EUR,MINVOL3M,NONE,0,1,P2Y,0.01,OFF,OFF
FullTest_1121,"Rank(Ts_Rank(close, 10))",EUR,MINVOL3M,NONE,5,0,P1Y,0.08,ON,ON
FullTest_1122,"Rank(Ts_Rank(close, 10))",EUR,MINVOL3M,NONE,5,0,P1Y,0.08,ON,OFF
FullTest_1123,"Rank(Ts_Rank(close, 10))",EUR,MINVOL3M,NONE,5,0,P1Y,0.08,OFF,ON
FullTest_1124,"Rank(Ts_Rank(close, 10))",EUR,MINVOL3M,NONE,5,0,P1Y,0.08,OFF,OFF
FullTest_1125,"Rank(Ts_Rank(close, 10))",EUR,MINVOL3M,NONE,5,0,P1Y,0.01,ON,ON
FullTest_1126,"Rank(Ts_Rank(close, 10))",EUR,MINVOL3M,NONE,5,0,P1Y,0.01,ON,OFF
FullTest_1127,"Rank(Ts_Rank(close, 10))",EUR,MINVOL3M,NONE,5,0,P1Y,0.01,OFF,ON
FullTest_1128,"Rank(Ts_Rank(close, 10))",EUR,MINVOL3M,NONE,5,0,P1Y,0.01,OFF,OFF
FullTest_1129,"Rank(Ts_Rank(close, 10))",EUR,MINVOL3M,NONE,5,0,P2Y,0.08,ON,ON
FullTest_1130,"Rank(Ts_Rank(close, 10))",EUR,MINVOL3M,NONE,5,0,P2Y,0.08,ON,OFF
FullTest_1131,"Rank(Ts_Rank(close, 10))",EUR,MINVOL3M,NONE,5,0,P2Y,0.08,OFF,ON
FullTest_1132,"Rank(Ts_Rank(close, 10))",EUR,MINVOL3M,NONE,5,0,P2Y,0.08,OFF,OFF
FullTest_1133,"Rank(Ts_Rank(close, 10))",EUR,MINVOL3M,NONE,5,0,P2Y,0.01,ON,ON
FullTest_1134,"Rank(Ts_Rank(close, 10))",EUR,MINVOL3M,NONE,5,0,P2Y,0.01,ON,OFF
FullTest_1135,"Rank(Ts_Rank(close, 10))",EUR,MINVOL3M,NONE,5,0,P2Y,0.01,OFF,ON
FullTest_1136,"Rank(Ts_Rank(close, 10))",EUR,MINVOL3M,NONE,5,0,P2Y,0.01,OFF,OFF
FullTest_1137,"Rank(Ts_Rank(close, 10))",EUR,MINVOL3M,NONE,5,1,P1Y,0.08,ON,ON
FullTest_1138,"Rank(Ts_Rank(close, 10))",EUR,MINVOL3M,NONE,5,1,P1Y,0.08,ON,OFF
FullTest_1139,"Rank(Ts_Rank(close, 10))",EUR,MINVOL3M,NONE,5,1,P1Y,0.08,OFF,ON
FullTest_1140,"Rank(Ts_Rank(close, 10))",EUR,MINVOL3M,NONE,5,1,P1Y,0.08,OFF,OFF
FullTest_1141,"Rank(Ts_Rank(close, 10))",EUR,MINVOL3M,NONE,5,1,P1Y,0.01,ON,ON
FullTest_1142,"Rank(Ts_Rank(close, 10))",EUR,MINVOL3M,NONE,5,1,P1Y,0.01,ON,OFF
FullTest_1143,"Rank(Ts_Rank(close, 10))",EUR,MINVOL3M,NONE,5,1,P1Y,0.01,OFF,ON
FullTest_1144,"Rank(Ts_Rank(close, 10))",EUR,MINVOL3M,NONE,5,1,P1Y,0.01,OFF,OFF
FullTest_1145,"Rank(Ts_Rank(close, 10))",EUR,MINVOL3M,NONE,5,1,P2Y,0.08,ON,ON
FullTest_1146,"Rank(Ts_Rank(close, 10))",EUR,MINVOL3M,NONE,5,1,P2Y,0.08,ON,OFF
FullTest_1147,"Rank(Ts_Rank(close, 10))",EUR,MINVOL3M,NONE,5,1,P2Y,0.08,OFF,ON
FullTest_1148,"Rank(Ts_Rank(close, 10))",EUR,MINVOL3M,NONE,5,1,P2Y,0.08,OFF,OFF
FullTest_1149,"Rank(Ts_Rank(close, 10))",EUR,MINVOL3M,NONE,5,1,P2Y,0.01,ON,ON
FullTest_1150,"Rank(Ts_Rank(close, 10))",EUR,MINVOL3M,NONE,5,1,P2Y,0.01,ON,OFF
FullTest_1151,"Rank(Ts_Rank(close, 10))",EUR,MINVOL3M,NONE,5,1,P2Y,0.01,OFF,ON
FullTest_1152,"Rank(Ts_Rank(close, 10))",EUR,MINVOL3M,NONE,5,1,P2Y,0.01,OFF,OFF
FullTest_1153,"Rank(Ts_Rank(close, 20))",USA,TOP3000,INDUSTRY,0,0,P1Y,0.08,ON,ON
FullTest_1154,"Rank(Ts_Rank(close, 20))",USA,TOP3000,INDUSTRY,0,0,P1Y,0.08,ON,OFF
FullTest_1155,"Rank(Ts_Rank(close, 20))",USA,TOP3000,INDUSTRY,0,0,P1Y,0.08,OFF,ON
FullTest_1156,"Rank(Ts_Rank(close, 20))",USA,TOP3000,INDUSTRY,0,0,P1Y,0.08,OFF,OFF
FullTest_1157,"Rank(Ts_Rank(close, 20))",USA,TOP3000,INDUSTRY,0,0,P1Y,0.01,ON,ON
FullTest_1158,"Rank(Ts_Rank(close, 20))",USA,TOP3000,INDUSTRY,0,0,P1Y,0.01,ON,OFF
FullTest_1159,"Rank(Ts_Rank(close, 20))",USA,TOP3000,INDUSTRY,0,0,P1Y,0.01,OFF,ON
FullTest_1160,"Rank(Ts_Rank(close, 20))",USA,TOP3000,INDUSTRY,0,0,P1Y,0.01,OFF,OFF
FullTest_1161,"Rank(Ts_Rank(close, 20))",USA,TOP3000,INDUSTRY,0,0,P2Y,0.08,ON,ON
FullTest_1162,"Rank(Ts_Rank(close, 20))",USA,TOP3000,INDUSTRY,0,0,P2Y,0.08,ON,OFF
FullTest_1163,"Rank(Ts_Rank(close, 20))",USA,TOP3000,INDUSTRY,0,0,P2Y,0.08,OFF,ON
FullTest_1164,"Rank(Ts_Rank(close, 20))",USA,TOP3000,INDUSTRY,0,0,P2Y,0.08,OFF,OFF
FullTest_1165,"Rank(Ts_Rank(close, 20))",USA,TOP3000,INDUSTRY,0,0,P2Y,0.01,ON,ON
FullTest_1166,"Rank(Ts_Rank(close, 20))",USA,TOP3000,INDUSTRY,0,0,P2Y,0.01,ON,OFF
FullTest_1167,"Rank(Ts_Rank(close, 20))",USA,TOP3000,INDUSTRY,0,0,P2Y,0.01,OFF,ON
FullTest_1168,"Rank(Ts_Rank(close, 20))",USA,TOP3000,INDUSTRY,0,0,P2Y,0.01,OFF,OFF
FullTest_1169,"Rank(Ts_Rank(close, 20))",USA,TOP3000,INDUSTRY,0,1,P1Y,0.08,ON,ON
FullTest_1170,"Rank(Ts_Rank(close, 20))",USA,TOP3000,INDUSTRY,0,1,P1Y,0.08,ON,OFF
FullTest_1171,"Rank(Ts_Rank(close, 20))",USA,TOP3000,INDUSTRY,0,1,P1Y,0.08,OFF,ON
FullTest_1172,"Rank(Ts_Rank(close, 20))",USA,TOP3000,INDUSTRY,0,1,P1Y,0.08,OFF,OFF
FullTest_1173,"Rank(Ts_Rank(close, 20))",USA,TOP3000,INDUSTRY,0,1,P1Y,0.01,ON,ON
FullTest_1174,"Rank(Ts_Rank(close, 20))",USA,TOP3000,INDUSTRY,0,1,P1Y,0.01,ON,OFF
FullTest_1175,"Rank(Ts_Rank(close, 20))",USA,TOP3000,INDUSTRY,0,1,P1Y,0.01,OFF,ON
FullTest_1176,"Rank(Ts_Rank(close, 20))",USA,TOP3000,INDUSTRY,0,1,P1Y,0.01,OFF,OFF
FullTest_1177,"Rank(Ts_Rank(close, 20))",USA,TOP3000,INDUSTRY,0,1,P2Y,0.08,ON,ON
FullTest_1178,"Rank(Ts_Rank(close, 20))",USA,TOP3000,INDUSTRY,0,1,P2Y,0.08,ON,OFF
FullTest_1179,"Rank(Ts_Rank(close, 20))",USA,TOP3000,INDUSTRY,0,1,P2Y,0.08,OFF,ON
FullTest_1180,"Rank(Ts_Rank(close, 20))",USA,TOP3000,INDUSTRY,0,1,P2Y,0.08,OFF,OFF
FullTest_1181,"Rank(Ts_Rank(close, 20))",USA,TOP3000,INDUSTRY,0,1,P2Y,0.01,ON,ON
FullTest_1182,"Rank(Ts_Rank(close, 20))",USA,TOP3000,INDUSTRY,0,1,P2Y,0.01,ON,OFF
FullTest_1183,"Rank(Ts_Rank(close, 20))",USA,TOP3000,INDUSTRY,0,1,P2Y,0.01,OFF,ON
FullTest_1184,"Rank(Ts_Rank(close, 20))",USA,TOP3000,INDUSTRY,0,1,P2Y,0.01,OFF,OFF
FullTest_1185,"Rank(Ts_Rank(close, 20))",USA,TOP3000,INDUSTRY,5,0,P1Y,0.08,ON,ON
FullTest_1186,"Rank(Ts_Rank(close, 20))",USA,TOP3000,INDUSTRY,5,0,P1Y,0.08,ON,OFF
FullTest_1187,"Rank(Ts_Rank(close, 20))",USA,TOP3000,INDUSTRY,5,0,P1Y,0.08,OFF,ON
FullTest_1188,"Rank(Ts_Rank(close, 20))",USA,TOP3000,INDUSTRY,5,0,P1Y,0.08,OFF,OFF
FullTest_1189,"Rank(Ts_Rank(close, 20))",USA,TOP3000,INDUSTRY,5,0,P1Y,0.01,ON,ON
FullTest_1190,"Rank(Ts_Rank(close, 20))",USA,TOP3000,INDUSTRY,5,0,P1Y,0.01,ON,OFF
FullTest_1191,"Rank(Ts_Rank(close, 20))",USA,TOP3000,INDUSTRY,5,0,P1Y,0.01,OFF,ON
FullTest_1192,"Rank(Ts_Rank(close, 20))",USA,TOP3000,INDUSTRY,5,0,P1Y,0.01,OFF,OFF
FullTest_1193,"Rank(Ts_Rank(close, 20))",USA,TOP3000,INDUSTRY,5,0,P2Y,0.08,ON,ON
FullTest_1194,"Rank(Ts_Rank(close, 20))",USA,TOP3000,INDUSTRY,5,0,P2Y,0.08,ON,OFF
FullTest_1195,"Rank(Ts_Rank(close, 20))",USA,TOP3000,INDUSTRY,5,0,P2Y,0.08,OFF,ON
FullTest_1196,"Rank(Ts_Rank(close, 20))",USA,TOP3000,INDUSTRY,5,0,P2Y,0.08,OFF,OFF
FullTest_1197,"Rank(Ts_Rank(close, 20))",USA,TOP3000,INDUSTRY,5,0,P2Y,0.01,ON,ON
FullTest_1198,"Rank(Ts_Rank(close, 20))",USA,TOP3000,INDUSTRY,5,0,P2Y,0.01,ON,OFF
FullTest_1199,"Rank(Ts_Rank(close, 20))",USA,TOP3000,INDUSTRY,5,0,P2Y,0.01,OFF,ON
FullTest_1200,"Rank(Ts_Rank(close, 20))",USA,TOP3000,INDUSTRY,5,0,P2Y,0.01,OFF,OFF
FullTest_1201,"Rank(Ts_Rank(close, 20))",USA,TOP3000,INDUSTRY,5,1,P1Y,0.08,ON,ON
FullTest_1202,"Rank(Ts_Rank(close, 20))",USA,TOP3000,INDUSTRY,5,1,P1Y,0.08,ON,OFF
FullTest_1203,"Rank(Ts_Rank(close, 20))",USA,TOP3000,INDUSTRY,5,1,P1Y,0.08,OFF,ON
FullTest_1204,"Rank(Ts_Rank(close, 20))",USA,TOP3000,INDUSTRY,5,1,P1Y,0.08,OFF,OFF
FullTest_1205,"Rank(Ts_Rank(close, 20))",USA,TOP3000,INDUSTRY,5,1,P1Y,0.01,ON,ON
FullTest_1206,"Rank(Ts_Rank(close, 20))",USA,TOP3000,INDUSTRY,5,1,P1Y,0.01,ON,OFF
FullTest_1207,"Rank(Ts_Rank(close, 20))",USA,TOP3000,INDUSTRY,5,1,P1Y,0.01,OFF,ON
FullTest_1208,"Rank(Ts_Rank(close, 20))",USA,TOP3000,INDUSTRY,5,1,P1Y,0.01,OFF,OFF
FullTest_1209,"Rank(Ts_Rank(close, 20))",USA,TOP3000,INDUSTRY,5,1,P2Y,0.08,ON,ON
FullTest_1210,"Rank(Ts_Rank(close, 20))",USA,TOP3000,INDUSTRY,5,1,P2Y,0.08,ON,OFF
FullTest_1211,"Rank(Ts_Rank(close, 20))",USA,TOP3000,INDUSTRY,5,1,P2Y,0.08,OFF,ON
FullTest_1212,"Rank(Ts_Rank(close, 20))",USA,TOP3000,INDUSTRY,5,1,P2Y,0.08,OFF,OFF
FullTest_1213,"Rank(Ts_Rank(close, 20))",USA,TOP3000,INDUSTRY,5,1,P2Y,0.01,ON,ON
FullTest_1214,"Rank(Ts_Rank(close, 20))",USA,TOP3000,INDUSTRY,5,1,P2Y,0.01,ON,OFF
FullTest_1215,"Rank(Ts_Rank(close, 20))",USA,TOP3000,INDUSTRY,5,1,P2Y,0.01,OFF,ON
FullTest_1216,"Rank(Ts_Rank(close, 20))",USA,TOP3000,INDUSTRY,5,1,P2Y,0.01,OFF,OFF
FullTest_1217,"Rank(Ts_Rank(close, 20))",USA,TOP3000,MARKET,0,0,P1Y,0.08,ON,ON
FullTest_1218,"Rank(Ts_Rank(close, 20))",USA,TOP3000,MARKET,0,0,P1Y,0.08,ON,OFF
FullTest_1219,"Rank(Ts_Rank(close, 20))",USA,TOP3000,MARKET,0,0,P1Y,0.08,OFF,ON
FullTest_1220,"Rank(Ts_Rank(close, 20))",USA,TOP3000,MARKET,0,0,P1Y,0.08,OFF,OFF
FullTest_1221,"Rank(Ts_Rank(close, 20))",USA,TOP3000,MARKET,0,0,P1Y,0.01,ON,ON
FullTest_1222,"Rank(Ts_Rank(close, 20))",USA,TOP3000,MARKET,0,0,P1Y,0.01,ON,OFF
FullTest_1223,"Rank(Ts_Rank(close, 20))",USA,TOP3000,MARKET,0,0,P1Y,0.01,OFF,ON
FullTest_1224,"Rank(Ts_Rank(close, 20))",USA,TOP3000,MARKET,0,0,P1Y,0.01,OFF,OFF
FullTest_1225,"Rank(Ts_Rank(close, 20))",USA,TOP3000,MARKET,0,0,P2Y,0.08,ON,ON
FullTest_1226,"Rank(Ts_Rank(close, 20))",USA,TOP3000,MARKET,0,0,P2Y,0.08,ON,OFF
FullTest_1227,"Rank(Ts_Rank(close, 20))",USA,TOP3000,MARKET,0,0,P2Y,0.08,OFF,ON
FullTest_1228,"Rank(Ts_Rank(close, 20))",USA,TOP3000,MARKET,0,0,P2Y,0.08,OFF,OFF
FullTest_1229,"Rank(Ts_Rank(close, 20))",USA,TOP3000,MARKET,0,0,P2Y,0.01,ON,ON
FullTest_1230,"Rank(Ts_Rank(close, 20))",USA,TOP3000,MARKET,0,0,P2Y,0.01,ON,OFF
FullTest_1231,"Rank(Ts_Rank(close, 20))",USA,TOP3000,MARKET,0,0,P2Y,0.01,OFF,ON
FullTest_1232,"Rank(Ts_Rank(close, 20))",USA,TOP3000,MARKET,0,0,P2Y,0.01,OFF,OFF
FullTest_1233,"Rank(Ts_Rank(close, 20))",USA,TOP3000,MARKET,0,1,P1Y,0.08,ON,ON
FullTest_1234,"Rank(Ts_Rank(close, 20))",USA,TOP3000,MARKET,0,1,P1Y,0.08,ON,OFF
FullTest_1235,"Rank(Ts_Rank(close, 20))",USA,TOP3000,MARKET,0,1,P1Y,0.08,OFF,ON
FullTest_1236,"Rank(Ts_Rank(close, 20))",USA,TOP3000,MARKET,0,1,P1Y,0.08,OFF,OFF
FullTest_1237,"Rank(Ts_Rank(close, 20))",USA,TOP3000,MARKET,0,1,P1Y,0.01,ON,ON
FullTest_1238,"Rank(Ts_Rank(close, 20))",USA,TOP3000,MARKET,0,1,P1Y,0.01,ON,OFF
FullTest_1239,"Rank(Ts_Rank(close, 20))",USA,TOP3000,MARKET,0,1,P1Y,0.01,OFF,ON
FullTest_1240,"Rank(Ts_Rank(close, 20))",USA,TOP3000,MARKET,0,1,P1Y,0.01,OFF,OFF
FullTest_1241,"Rank(Ts_Rank(close, 20))",USA,TOP3000,MARKET,0,1,P2Y,0.08,ON,ON
FullTest_1242,"Rank(Ts_Rank(close, 20))",USA,TOP3000,MARKET,0,1,P2Y,0.08,ON,OFF
FullTest_1243,"Rank(Ts_Rank(close, 20))",USA,TOP3000,MARKET,0,1,P2Y,0.08,OFF,ON
FullTest_1244,"Rank(Ts_Rank(close, 20))",USA,TOP3000,MARKET,0,1,P2Y,0.08,OFF,OFF
FullTest_1245,"Rank(Ts_Rank(close, 20))",USA,TOP3000,MARKET,0,1,P2Y,0.01,ON,ON
FullTest_1246,"Rank(Ts_Rank(close, 20))",USA,TOP3000,MARKET,0,1,P2Y,0.01,ON,OFF
FullTest_1247,"Rank(Ts_Rank(close, 20))",USA,TOP3000,MARKET,0,1,P2Y,0.01,OFF,ON
FullTest_1248,"Rank(Ts_Rank(close, 20))",USA,TOP3000,MARKET,0,1,P2Y,0.01,OFF,OFF
FullTest_1249,"Rank(Ts_Rank(close, 20))",USA,TOP3000,MARKET,5,0,P1Y,0.08,ON,ON
FullTest_1250,"Rank(Ts_Rank(close, 20))",USA,TOP3000,MARKET,5,0,P1Y,0.08,ON,OFF
FullTest_1251,"Rank(Ts_Rank(close, 20))",USA,TOP3000,MARKET,5,0,P1Y,0.08,OFF,ON
FullTest_1252,"Rank(Ts_Rank(close, 20))",USA,TOP3000,MARKET,5,0,P1Y,0.08,OFF,OFF
FullTest_1253,"Rank(Ts_Rank(close, 20))",USA,TOP3000,MARKET,5,0,P1Y,0.01,ON,ON
FullTest_1254,"Rank(Ts_Rank(close, 20))",USA,TOP3000,MARKET,5,0,P1Y,0.01,ON,OFF
FullTest_1255,"Rank(Ts_Rank(close, 20))",USA,TOP3000,MARKET,5,0,P1Y,0.01,OFF,ON
FullTest_1256,"Rank(Ts_Rank(close, 20))",USA,TOP3000,MARKET,5,0,P1Y,0.01,OFF,OFF
FullTest_1257,"Rank(Ts_Rank(close, 20))",USA,TOP3000,MARKET,5,0,P2Y,0.08,ON,ON
FullTest_1258,"Rank(Ts_Rank(close, 20))",USA,TOP3000,MARKET,5,0,P2Y,0.08,ON,OFF
FullTest_1259,"Rank(Ts_Rank(close, 20))",USA,TOP3000,MARKET,5,0,P2Y,0.08,OFF,ON
FullTest_1260,"Rank(Ts_Rank(close, 20))",USA,TOP3000,MARKET,5,0,P2Y,0.08,OFF,OFF
FullTest_1261,"Rank(Ts_Rank(close, 20))",USA,TOP3000,MARKET,5,0,P2Y,0.01,ON,ON
FullTest_1262,"Rank(Ts_Rank(close, 20))",USA,TOP3000,MARKET,5,0,P2Y,0.01,ON,OFF
FullTest_1263,"Rank(Ts_Rank(close, 20))",USA,TOP3000,MARKET,5,0,P2Y,0.01,OFF,ON
FullTest_1264,"Rank(Ts_Rank(close, 20))",USA,TOP3000,MARKET,5,0,P2Y,0.01,OFF,OFF
FullTest_1265,"Rank(Ts_Rank(close, 20))",USA,TOP3000,MARKET,5,1,P1Y,0.08,ON,ON
FullTest_1266,"Rank(Ts_Rank(close, 20))",USA,TOP3000,MARKET,5,1,P1Y,0.08,ON,OFF
FullTest_1267,"Rank(Ts_Rank(close, 20))",USA,TOP3000,MARKET,5,1,P1Y,0.08,OFF,ON
FullTest_1268,"Rank(Ts_Rank(close, 20))",USA,TOP3000,MARKET,5,1,P1Y,0.08,OFF,OFF
FullTest_1269,"Rank(Ts_Rank(close, 20))",USA,TOP3000,MARKET,5,1,P1Y,0.01,ON,ON
FullTest_1270,"Rank(Ts_Rank(close, 20))",USA,TOP3000,MARKET,5,1,P1Y,0.01,ON,OFF
FullTest_1271,"Rank(Ts_Rank(close, 20))",USA,TOP3000,MARKET,5,1,P1Y,0.01,OFF,ON
FullTest_1272,"Rank(Ts_Rank(close, 20))",USA,TOP3000,MARKET,5,1,P1Y,0.01,OFF,OFF
FullTest_1273,"Rank(Ts_Rank(close, 20))",USA,TOP3000,MARKET,5,1,P2Y,0.08,ON,ON
FullTest_1274,"Rank(Ts_Rank(close, 20))",USA,TOP3000,MARKET,5,1,P2Y,0.08,ON,OFF
FullTest_1275,"Rank(Ts_Rank(close, 20))",USA,TOP3000,MARKET,5,1,P2Y,0.08,OFF,ON
FullTest_1276,"Rank(Ts_Rank(close, 20))",USA,TOP3000,MARKET,5,1,P2Y,0.08,OFF,OFF
FullTest_1277,"Rank(Ts_Rank(close, 20))",USA,TOP3000,MARKET,5,1,P2Y,0.01,ON,ON
FullTest_1278,"Rank(Ts_Rank(close, 20))",USA,TOP3000,MARKET,5,1,P2Y,0.01,ON,OFF
FullTest_1279,"Rank(Ts_Rank(close, 20))",USA,TOP3000,MARKET,5,1,P2Y,0.01,OFF,ON
FullTest_1280,"Rank(Ts_Rank(close, 20))",USA,TOP3000,MARKET,5,1,P2Y,0.01,OFF,OFF
FullTest_1281,"Rank(Ts_Rank(close, 20))",USA,TOP3000,NONE,0,0,P1Y,0.08,ON,ON
FullTest_1282,"Rank(Ts_Rank(close, 20))",USA,TOP3000,NONE,0,0,P1Y,0.08,ON,OFF
FullTest_1283,"Rank(Ts_Rank(close, 20))",USA,TOP3000,NONE,0,0,P1Y,0.08,OFF,ON
FullTest_1284,"Rank(Ts_Rank(close, 20))",USA,TOP3000,NONE,0,0,P1Y,0.08,OFF,OFF
FullTest_1285,"Rank(Ts_Rank(close, 20))",USA,TOP3000,NONE,0,0,P1Y,0.01,ON,ON
FullTest_1286,"Rank(Ts_Rank(close, 20))",USA,TOP3000,NONE,0,0,P1Y,0.01,ON,OFF
FullTest_1287,"Rank(Ts_Rank(close, 20))",USA,TOP3000,NONE,0,0,P1Y,0.01,OFF,ON
FullTest_1288,"Rank(Ts_Rank(close, 20))",USA,TOP3000,NONE,0,0,P1Y,0.01,OFF,OFF
FullTest_1289,"Rank(Ts_Rank(close, 20))",USA,TOP3000,NONE,0,0,P2Y,0.08,ON,ON
FullTest_1290,"Rank(Ts_Rank(close, 20))",USA,TOP3000,NONE,0,0,P2Y,0.08,ON,OFF
FullTest_1291,"Rank(Ts_Rank(close, 20))",USA,TOP3000,NONE,0,0,P2Y,0.08,OFF,ON
FullTest_1292,"Rank(Ts_Rank(close, 20))",USA,TOP3000,NONE,0,0,P2Y,0.08,OFF,OFF
FullTest_1293,"Rank(Ts_Rank(close, 20))",USA,TOP3000,NONE,0,0,P2Y,0.01,ON,ON
FullTest_1294,"Rank(Ts_Rank(close, 20))",USA,TOP3000,NONE,0,0,P2Y,0.01,ON,OFF
FullTest_1295,"Rank(Ts_Rank(close, 20))",USA,TOP3000,NONE,0,0,P2Y,0.01,OFF,ON
FullTest_1296,"Rank(Ts_Rank(close, 20))",USA,TOP3000,NONE,0,0,P2Y,0.01,OFF,OFF
FullTest_1297,"Rank(Ts_Rank(close, 20))",USA,TOP3000,NONE,0,1,P1Y,0.08,ON,ON
FullTest_1298,"Rank(Ts_Rank(close, 20))",USA,TOP3000,NONE,0,1,P1Y,0.08,ON,OFF
FullTest_1299,"Rank(Ts_Rank(close, 20))",USA,TOP3000,NONE,0,1,P1Y,0.08,OFF,ON
FullTest_1300,"Rank(Ts_Rank(close, 20))",USA,TOP3000,NONE,0,1,P1Y,0.08,OFF,OFF
FullTest_1301,"Rank(Ts_Rank(close, 20))",USA,TOP3000,NONE,0,1,P1Y,0.01,ON,ON
FullTest_1302,"Rank(Ts_Rank(close, 20))",USA,TOP3000,NONE,0,1,P1Y,0.01,ON,OFF
FullTest_1303,"Rank(Ts_Rank(close, 20))",USA,TOP3000,NONE,0,1,P1Y,0.01,OFF,ON
FullTest_1304,"Rank(Ts_Rank(close, 20))",USA,TOP3000,NONE,0,1,P1Y,0.01,OFF,OFF
FullTest_1305,"Rank(Ts_Rank(close, 20))",USA,TOP3000,NONE,0,1,P2Y,0.08,ON,ON
FullTest_1306,"Rank(Ts_Rank(close, 20))",USA,TOP3000,NONE,0,1,P2Y,0.08,ON,OFF
FullTest_1307,"Rank(Ts_Rank(close, 20))",USA,TOP3000,NONE,0,1,P2Y,0.08,OFF,ON
FullTest_1308,"Rank(Ts_Rank(close, 20))",USA,TOP3000,NONE,0,1,P2Y,0.08,OFF,OFF
FullTest_1309,"Rank(Ts_Rank(close, 20))",USA,TOP3000,NONE,0,1,P2Y,0.01,ON,ON
FullTest_1310,"Rank(Ts_Rank(close, 20))",USA,TOP3000,NONE,0,1,P2Y,0.01,ON,OFF
FullTest_1311,"Rank(Ts_Rank(close, 20))",USA,TOP3000,NONE,0,1,P2Y,0.01,OFF,ON
FullTest_1312,"Rank(Ts_Rank(close, 20))",USA,TOP3000,NONE,0,1,P2Y,0.01,OFF,OFF
FullTest_1313,"Rank(Ts_Rank(close, 20))",USA,TOP3000,NONE,5,0,P1Y,0.08,ON,ON
FullTest_1314,"Rank(Ts_Rank(close, 20))",USA,TOP3000,NONE,5,0,P1Y,0.08,ON,OFF
FullTest_1315,"Rank(Ts_Rank(close, 20))",USA,TOP3000,NONE,5,0,P1Y,0.08,OFF,ON
FullTest_1316,"Rank(Ts_Rank(close, 20))",USA,TOP3000,NONE,5,0,P1Y,0.08,OFF,OFF
FullTest_1317,"Rank(Ts_Rank(close, 20))",USA,TOP3000,NONE,5,0,P1Y,0.01,ON,ON
FullTest_1318,"Rank(Ts_Rank(close, 20))",USA,TOP3000,NONE,5,0,P1Y,0.01,ON,OFF
FullTest_1319,"Rank(Ts_Rank(close, 20))",USA,TOP3000,NONE,5,0,P1Y,0.01,OFF,ON
FullTest_1320,"Rank(Ts_Rank(close, 20))",USA,TOP3000,NONE,5,0,P1Y,0.01,OFF,OFF
FullTest_1321,"Rank(Ts_Rank(close, 20))",USA,TOP3000,NONE,5,0,P2Y,0.08,ON,ON
FullTest_1322,"Rank(Ts_Rank(close, 20))",USA,TOP3000,NONE,5,0,P2Y,0.08,ON,OFF
FullTest_1323,"Rank(Ts_Rank(close, 20))",USA,TOP3000,NONE,5,0,P2Y,0.08,OFF,ON
FullTest_1324,"Rank(Ts_Rank(close, 20))",USA,TOP3000,NONE,5,0,P2Y,0.08,OFF,OFF
FullTest_1325,"Rank(Ts_Rank(close, 20))",USA,TOP3000,NONE,5,0,P2Y,0.01,ON,ON
FullTest_1326,"Rank(Ts_Rank(close, 20))",USA,TOP3000,NONE,5,0,P2Y,0.01,ON,OFF
FullTest_1327,"Rank(Ts_Rank(close, 20))",USA,TOP3000,NONE,5,0,P2Y,0.01,OFF,ON
FullTest_1328,"Rank(Ts_Rank(close, 20))",USA,TOP3000,NONE,5,0,P2Y,0.01,OFF,OFF
FullTest_1329,"Rank(Ts_Rank(close, 20))",USA,TOP3000,NONE,5,1,P1Y,0.08,ON,ON
FullTest_1330,"Rank(Ts_Rank(close, 20))",USA,TOP3000,NONE,5,1,P1Y,0.08,ON,OFF
FullTest_1331,"Rank(Ts_Rank(close, 20))",USA,TOP3000,NONE,5,1,P1Y,0.08,OFF,ON
FullTest_1332,"Rank(Ts_Rank(close, 20))",USA,TOP3000,NONE,5,1,P1Y,0.08,OFF,OFF
FullTest_1333,"Rank(Ts_Rank(close, 20))",USA,TOP3000,NONE,5,1,P1Y,0.01,ON,ON
FullTest_1334,"Rank(Ts_Rank(close, 20))",USA,TOP3000,NONE,5,1,P1Y,0.01,ON,OFF
FullTest_1335,"Rank(Ts_Rank(close, 20))",USA,TOP3000,NONE,5,1,P1Y,0.01,OFF,ON
FullTest_1336,"Rank(Ts_Rank(close, 20))",USA,TOP3000,NONE,5,1,P1Y,0.01,OFF,OFF
FullTest_1337,"Rank(Ts_Rank(close, 20))",USA,TOP3000,NONE,5,1,P2Y,0.08,ON,ON
FullTest_1338,"Rank(Ts_Rank(close, 20))",USA,TOP3000,NONE,5,1,P2Y,0.08,ON,OFF
FullTest_1339,"Rank(Ts_Rank(close, 20))",USA,TOP3000,NONE,5,1,P2Y,0.08,OFF,ON
FullTest_1340,"Rank(Ts_Rank(close, 20))",USA,TOP3000,NONE,5,1,P2Y,0.08,OFF,OFF
FullTest_1341,"Rank(Ts_Rank(close, 20))",USA,TOP3000,NONE,5,1,P2Y,0.01,ON,ON
FullTest_1342,"Rank(Ts_Rank(close, 20))",USA,TOP3000,NONE,5,1,P2Y,0.01,ON,OFF
FullTest_1343,"Rank(Ts_Rank(close, 20))",USA,TOP3000,NONE,5,1,P2Y,0.01,OFF,ON
FullTest_1344,"Rank(Ts_Rank(close, 20))",USA,TOP3000,NONE,5,1,P2Y,0.01,OFF,OFF
FullTest_1345,"Rank(Ts_Rank(close, 20))",USA,MINVOL3M,INDUSTRY,0,0,P1Y,0.08,ON,ON
FullTest_1346,"Rank(Ts_Rank(close, 20))",USA,MINVOL3M,INDUSTRY,0,0,P1Y,0.08,ON,OFF
FullTest_1347,"Rank(Ts_Rank(close, 20))",USA,MINVOL3M,INDUSTRY,0,0,P1Y,0.08,OFF,ON
FullTest_1348,"Rank(Ts_Rank(close, 20))",USA,MINVOL3M,INDUSTRY,0,0,P1Y,0.08,OFF,OFF
FullTest_1349,"Rank(Ts_Rank(close, 20))",USA,MINVOL3M,INDUSTRY,0,0,P1Y,0.01,ON,ON
FullTest_1350,"Rank(Ts_Rank(close, 20))",USA,MINVOL3M,INDUSTRY,0,0,P1Y,0.01,ON,OFF
FullTest_1351,"Rank(Ts_Rank(close, 20))",USA,MINVOL3M,INDUSTRY,0,0,P1Y,0.01,OFF,ON
FullTest_1352,"Rank(Ts_Rank(close, 20))",USA,MINVOL3M,INDUSTRY,0,0,P1Y,0.01,OFF,OFF
FullTest_1353,"Rank(Ts_Rank(close, 20))",USA,MINVOL3M,INDUSTRY,0,0,P2Y,0.08,ON,ON
FullTest_1354,"Rank(Ts_Rank(close, 20))",USA,MINVOL3M,INDUSTRY,0,0,P2Y,0.08,ON,OFF
FullTest_1355,"Rank(Ts_Rank(close, 20))",USA,MINVOL3M,INDUSTRY,0,0,P2Y,0.08,OFF,ON
FullTest_1356,"Rank(Ts_Rank(close, 20))",USA,MINVOL3M,INDUSTRY,0,0,P2Y,0.08,OFF,OFF
FullTest_1357,"Rank(Ts_Rank(close, 20))",USA,MINVOL3M,INDUSTRY,0,0,P2Y,0.01,ON,ON
FullTest_1358,"Rank(Ts_Rank(close, 20))",USA,MINVOL3M,INDUSTRY,0,0,P2Y,0.01,ON,OFF
FullTest_1359,"Rank(Ts_Rank(close, 20))",USA,MINVOL3M,INDUSTRY,0,0,P2Y,0.01,OFF,ON
FullTest_1360,"Rank(Ts_Rank(close, 20))",USA,MINVOL3M,INDUSTRY,0,0,P2Y,0.01,OFF,OFF
FullTest_1361,"Rank(Ts_Rank(close, 20))",USA,MINVOL3M,INDUSTRY,0,1,P1Y,0.08,ON,ON
FullTest_1362,"Rank(Ts_Rank(close, 20))",USA,MINVOL3M,INDUSTRY,0,1,P1Y,0.08,ON,OFF
FullTest_1363,"Rank(Ts_Rank(close, 20))",USA,MINVOL3M,INDUSTRY,0,1,P1Y,0.08,OFF,ON
FullTest_1364,"Rank(Ts_Rank(close, 20))",USA,MINVOL3M,INDUSTRY,0,1,P1Y,0.08,OFF,OFF
FullTest_1365,"Rank(Ts_Rank(close, 20))",USA,MINVOL3M,INDUSTRY,0,1,P1Y,0.01,ON,ON
FullTest_1366,"Rank(Ts_Rank(close, 20))",USA,MINVOL3M,INDUSTRY,0,1,P1Y,0.01,ON,OFF
FullTest_1367,"Rank(Ts_Rank(close, 20))",USA,MINVOL3M,INDUSTRY,0,1,P1Y,0.01,OFF,ON
FullTest_1368,"Rank(Ts_Rank(close, 20))",USA,MINVOL3M,INDUSTRY,0,1,P1Y,0.01,OFF,OFF
FullTest_1369,"Rank(Ts_Rank(close, 20))",USA,MINVOL3M,INDUSTRY,0,1,P2Y,0.08,ON,ON
FullTest_1370,"Rank(Ts_Rank(close, 20))",USA,MINVOL3M,INDUSTRY,0,1,P2Y,0.08,ON,OFF
FullTest_1371,"Rank(Ts_Rank(close, 20))",USA,MINVOL3M,INDUSTRY,0,1,P2Y,0.08,OFF,ON
FullTest_1372,"Rank(Ts_Rank(close, 20))",USA,MINVOL3M,INDUSTRY,0,1,P2Y,0.08,OFF,OFF
FullTest_1373,"Rank(Ts_Rank(close, 20))",USA,MINVOL3M,INDUSTRY,0,1,P2Y,0.01,ON,ON
FullTest_1374,"Rank(Ts_Rank(close, 20))",USA,MINVOL3M,INDUSTRY,0,1,P2Y,0.01,ON,OFF
FullTest_1375,"Rank(Ts_Rank(close, 20))",USA,MINVOL3M,INDUSTRY,0,1,P2Y,0.01,OFF,ON
FullTest_1376,"Rank(Ts_Rank(close, 20))",USA,MINVOL3M,INDUSTRY,0,1,P2Y,0.01,OFF,OFF
FullTest_1377,"Rank(Ts_Rank(close, 20))",USA,MINVOL3M,INDUSTRY,5,0,P1Y,0.08,ON,ON
FullTest_1378,"Rank(Ts_Rank(close, 20))",USA,MINVOL3M,INDUSTRY,5,0,P1Y,0.08,ON,OFF
FullTest_1379,"Rank(Ts_Rank(close, 20))",USA,MINVOL3M,INDUSTRY,5,0,P1Y,0.08,OFF,ON
FullTest_1380,"Rank(Ts_Rank(close, 20))",USA,MINVOL3M,INDUSTRY,5,0,P1Y,0.08,OFF,OFF
FullTest_1381,"Rank(Ts_Rank(close, 20))",USA,MINVOL3M,INDUSTRY,5,0,P1Y,0.01,ON,ON
FullTest_1382,"Rank(Ts_Rank(close, 20))",USA,MINVOL3M,INDUSTRY,5,0,P1Y,0.01,ON,OFF
FullTest_1383,"Rank(Ts_Rank(close, 20))",USA,MINVOL3M,INDUSTRY,5,0,P1Y,0.01,OFF,ON
FullTest_1384,"Rank(Ts_Rank(close, 20))",USA,MINVOL3M,INDUSTRY,5,0,P1Y,0.01,OFF,OFF
FullTest_1385,"Rank(Ts_Rank(close, 20))",USA,MINVOL3M,INDUSTRY,5,0,P2Y,0.08,ON,ON
FullTest_1386,"Rank(Ts_Rank(close, 20))",USA,MINVOL3M,INDUSTRY,5,0,P2Y,0.08,ON,OFF
FullTest_1387,"Rank(Ts_Rank(close, 20))",USA,MINVOL3M,INDUSTRY,5,0,P2Y,0.08,OFF,ON
FullTest_1388,"Rank(Ts_Rank(close, 20))",USA,MINVOL3M,INDUSTRY,5,0,P2Y,0.08,OFF,OFF
FullTest_1389,"Rank(Ts_Rank(close, 20))",USA,MINVOL3M,INDUSTRY,5,0,P2Y,0.01,ON,ON
FullTest_1390,"Rank(Ts_Rank(close, 20))",USA,MINVOL3M,INDUSTRY,5,0,P2Y,0.01,ON,OFF
FullTest_1391,"Rank(Ts_Rank(close, 20))",USA,MINVOL3M,INDUSTRY,5,0,P2Y,0.01,OFF,ON
FullTest_1392,"Rank(Ts_Rank(close, 20))",USA,MINVOL3M,INDUSTRY,5,0,P2Y,0.01,OFF,OFF
FullTest_1393,"Rank(Ts_Rank(close, 20))",USA,MINVOL3M,INDUSTRY,5,1,P1Y,0.08,ON,ON
FullTest_1394,"Rank(Ts_Rank(close, 20))",USA,MINVOL3M,INDUSTRY,5,1,P1Y,0.08,ON,OFF
FullTest_1395,"Rank(Ts_Rank(close, 20))",USA,MINVOL3M,INDUSTRY,5,1,P1Y,0.08,OFF,ON
FullTest_1396,"Rank(Ts_Rank(close, 20))",USA,MINVOL3M,INDUSTRY,5,1,P1Y,0.08,OFF,OFF
FullTest_1397,"Rank(Ts_Rank(close, 20))",USA,MINVOL3M,INDUSTRY,5,1,P1Y,0.01,ON,ON
FullTest_1398,"Rank(Ts_Rank(close, 20))",USA,MINVOL3M,INDUSTRY,5,1,P1Y,0.01,ON,OFF
FullTest_1399,"Rank(Ts_Rank(close, 20))",USA,MINVOL3M,INDUSTRY,5,1,P1Y,0.01,OFF,ON
FullTest_1400,"Rank(Ts_Rank(close, 20))",USA,MINVOL3M,INDUSTRY,5,1,P1Y,0.01,OFF,OFF
FullTest_1401,"Rank(Ts_Rank(close, 20))",USA,MINVOL3M,INDUSTRY,5,1,P2Y,0.08,ON,ON
FullTest_1402,"Rank(Ts_Rank(close, 20))",USA,MINVOL3M,INDUSTRY,5,1,P2Y,0.08,ON,OFF
FullTest_1403,"Rank(Ts_Rank(close, 20))",USA,MINVOL3M,INDUSTRY,5,1,P2Y,0.08,OFF,ON
FullTest_1404,"Rank(Ts_Rank(close, 20))",USA,MINVOL3M,INDUSTRY,5,1,P2Y,0.08,OFF,OFF
FullTest_1405,"Rank(Ts_Rank(close, 20))",USA,MINVOL3M,INDUSTRY,5,1,P2Y,0.01,ON,ON
FullTest_1406,"Rank(Ts_Rank(close, 20))",USA,MINVOL3M,INDUSTRY,5,1,P2Y,0.01,ON,OFF
FullTest_1407,"Rank(Ts_Rank(close, 20))",USA,MINVOL3M,INDUSTRY,5,1,P2Y,0.01,OFF,ON
FullTest_1408,"Rank(Ts_Rank(close, 20))",USA,MINVOL3M,INDUSTRY,5,1,P2Y,0.01,OFF,OFF
FullTest_1409,"Rank(Ts_Rank(close, 20))",USA,MINVOL3M,MARKET,0,0,P1Y,0.08,ON,ON
FullTest_1410,"Rank(Ts_Rank(close, 20))",USA,MINVOL3M,MARKET,0,0,P1Y,0.08,ON,OFF
FullTest_1411,"Rank(Ts_Rank(close, 20))",USA,MINVOL3M,MARKET,0,0,P1Y,0.08,OFF,ON
FullTest_1412,"Rank(Ts_Rank(close, 20))",USA,MINVOL3M,MARKET,0,0,P1Y,0.08,OFF,OFF
FullTest_1413,"Rank(Ts_Rank(close, 20))",USA,MINVOL3M,MARKET,0,0,P1Y,0.01,ON,ON
FullTest_1414,"Rank(Ts_Rank(close, 20))",USA,MINVOL3M,MARKET,0,0,P1Y,0.01,ON,OFF
FullTest_1415,"Rank(Ts_Rank(close, 20))",USA,MINVOL3M,MARKET,0,0,P1Y,0.01,OFF,ON
FullTest_1416,"Rank(Ts_Rank(close, 20))",USA,MINVOL3M,MARKET,0,0,P1Y,0.01,OFF,OFF
FullTest_1417,"Rank(Ts_Rank(close, 20))",USA,MINVOL3M,MARKET,0,0,P2Y,0.08,ON,ON
FullTest_1418,"Rank(Ts_Rank(close, 20))",USA,MINVOL3M,MARKET,0,0,P2Y,0.08,ON,OFF
FullTest_1419,"Rank(Ts_Rank(close, 20))",USA,MINVOL3M,MARKET,0,0,P2Y,0.08,OFF,ON
FullTest_1420,"Rank(Ts_Rank(close, 20))",USA,MINVOL3M,MARKET,0,0,P2Y,0.08,OFF,OFF
FullTest_1421,"Rank(Ts_Rank(close, 20))",USA,MINVOL3M,MARKET,0,0,P2Y,0.01,ON,ON
FullTest_1422,"Rank(Ts_Rank(close, 20))",USA,MINVOL3M,MARKET,0,0,P2Y,0.01,ON,OFF
FullTest_1423,"Rank(Ts_Rank(close, 20))",USA,MINVOL3M,MARKET,0,0,P2Y,0.01,OFF,ON
FullTest_1424,"Rank(Ts_Rank(close, 20))",USA,MINVOL3M,MARKET,0,0,P2Y,0.01,OFF,OFF
FullTest_1425,"Rank(Ts_Rank(close, 20))",USA,MINVOL3M,MARKET,0,1,P1Y,0.08,ON,ON
FullTest_1426,"Rank(Ts_Rank(close, 20))",USA,MINVOL3M,MARKET,0,1,P1Y,0.08,ON,OFF
FullTest_1427,"Rank(Ts_Rank(close, 20))",USA,MINVOL3M,MARKET,0,1,P1Y,0.08,OFF,ON
FullTest_1428,"Rank(Ts_Rank(close, 20))",USA,MINVOL3M,MARKET,0,1,P1Y,0.08,OFF,OFF
FullTest_1429,"Rank(Ts_Rank(close, 20))",USA,MINVOL3M,MARKET,0,1,P1Y,0.01,ON,ON
FullTest_1430,"Rank(Ts_Rank(close, 20))",USA,MINVOL3M,MARKET,0,1,P1Y,0.01,ON,OFF
FullTest_1431,"Rank(Ts_Rank(close, 20))",USA,MINVOL3M,MARKET,0,1,P1Y,0.01,OFF,ON
FullTest_1432,"Rank(Ts_Rank(close, 20))",USA,MINVOL3M,MARKET,0,1,P1Y,0.01,OFF,OFF
FullTest_1433,"Rank(Ts_Rank(close, 20))",USA,MINVOL3M,MARKET,0,1,P2Y,0.08,ON,ON
FullTest_1434,"Rank(Ts_Rank(close, 20))",USA,MINVOL3M,MARKET,0,1,P2Y,0.08,ON,OFF
FullTest_1435,"Rank(Ts_Rank(close, 20))",USA,MINVOL3M,MARKET,0,1,P2Y,0.08,OFF,ON
FullTest_1436,"Rank(Ts_Rank(close, 20))",USA,MINVOL3M,MARKET,0,1,P2Y,0.08,OFF,OFF
FullTest_1437,"Rank(Ts_Rank(close, 20))",USA,MINVOL3M,MARKET,0,1,P2Y,0.01,ON,ON
FullTest_1438,"Rank(Ts_Rank(close, 20))",USA,MINVOL3M,MARKET,0,1,P2Y,0.01,ON,OFF
FullTest_1439,"Rank(Ts_Rank(close, 20))",USA,MINVOL3M,MARKET,0,1,P2Y,0.01,OFF,ON
FullTest_1440,"Rank(Ts_Rank(close, 20))",USA,MINVOL3M,MARKET,0,1,P2Y,0.01,OFF,OFF
FullTest_1441,"Rank(Ts_Rank(close, 20))",USA,MINVOL3M,MARKET,5,0,P1Y,0.08,ON,ON
FullTest_1442,"Rank(Ts_Rank(close, 20))",USA,MINVOL3M,MARKET,5,0,P1Y,0.08,ON,OFF
FullTest_1443,"Rank(Ts_Rank(close, 20))",USA,MINVOL3M,MARKET,5,0,P1Y,0.08,OFF,ON
FullTest_1444,"Rank(Ts_Rank(close, 20))",USA,MINVOL3M,MARKET,5,0,P1Y,0.08,OFF,OFF
FullTest_1445,"Rank(Ts_Rank(close, 20))",USA,MINVOL3M,MARKET,5,0,P1Y,0.01,ON,ON
FullTest_1446,"Rank(Ts_Rank(close, 20))",USA,MINVOL3M,MARKET,5,0,P1Y,0.01,ON,OFF
FullTest_1447,"Rank(Ts_Rank(close, 20))",USA,MINVOL3M,MARKET,5,0,P1Y,0.01,OFF,ON
FullTest_1448,"Rank(Ts_Rank(close, 20))",USA,MINVOL3M,MARKET,5,0,P1Y,0.01,OFF,OFF
FullTest_1449,"Rank(Ts_Rank(close, 20))",USA,MINVOL3M,MARKET,5,0,P2Y,0.08,ON,ON
FullTest_1450,"Rank(Ts_Rank(close, 20))",USA,MINVOL3M,MARKET,5,0,P2Y,0.08,ON,OFF
FullTest_1451,"Rank(Ts_Rank(close, 20))",USA,MINVOL3M,MARKET,5,0,P2Y,0.08,OFF,ON
FullTest_1452,"Rank(Ts_Rank(close, 20))",USA,MINVOL3M,MARKET,5,0,P2Y,0.08,OFF,OFF
FullTest_1453,"Rank(Ts_Rank(close, 20))",USA,MINVOL3M,MARKET,5,0,P2Y,0.01,ON,ON
FullTest_1454,"Rank(Ts_Rank(close, 20))",USA,MINVOL3M,MARKET,5,0,P2Y,0.01,ON,OFF
FullTest_1455,"Rank(Ts_Rank(close, 20))",USA,MINVOL3M,MARKET,5,0,P2Y,0.01,OFF,ON
FullTest_1456,"Rank(Ts_Rank(close, 20))",USA,MINVOL3M,MARKET,5,0,P2Y,0.01,OFF,OFF
FullTest_1457,"Rank(Ts_Rank(close, 20))",USA,MINVOL3M,MARKET,5,1,P1Y,0.08,ON,ON
FullTest_1458,"Rank(Ts_Rank(close, 20))",USA,MINVOL3M,MARKET,5,1,P1Y,0.08,ON,OFF
FullTest_1459,"Rank(Ts_Rank(close, 20))",USA,MINVOL3M,MARKET,5,1,P1Y,0.08,OFF,ON
FullTest_1460,"Rank(Ts_Rank(close, 20))",USA,MINVOL3M,MARKET,5,1,P1Y,0.08,OFF,OFF
FullTest_1461,"Rank(Ts_Rank(close, 20))",USA,MINVOL3M,MARKET,5,1,P1Y,0.01,ON,ON
FullTest_1462,"Rank(Ts_Rank(close, 20))",USA,MINVOL3M,MARKET,5,1,P1Y,0.01,ON,OFF
FullTest_1463,"Rank(Ts_Rank(close, 20))",USA,MINVOL3M,MARKET,5,1,P1Y,0.01,OFF,ON
FullTest_1464,"Rank(Ts_Rank(close, 20))",USA,MINVOL3M,MARKET,5,1,P1Y,0.01,OFF,OFF
FullTest_1465,"Rank(Ts_Rank(close, 20))",USA,MINVOL3M,MARKET,5,1,P2Y,0.08,ON,ON
FullTest_1466,"Rank(Ts_Rank(close, 20))",USA,MINVOL3M,MARKET,5,1,P2Y,0.08,ON,OFF
FullTest_1467,"Rank(Ts_Rank(close, 20))",USA,MINVOL3M,MARKET,5,1,P2Y,0.08,OFF,ON
FullTest_1468,"Rank(Ts_Rank(close, 20))",USA,MINVOL3M,MARKET,5,1,P2Y,0.08,OFF,OFF
FullTest_1469,"Rank(Ts_Rank(close, 20))",USA,MINVOL3M,MARKET,5,1,P2Y,0.01,ON,ON
FullTest_1470,"Rank(Ts_Rank(close, 20))",USA,MINVOL3M,MARKET,5,1,P2Y,0.01,ON,OFF
FullTest_1471,"Rank(Ts_Rank(close, 20))",USA,MINVOL3M,MARKET,5,1,P2Y,0.01,OFF,ON
FullTest_1472,"Rank(Ts_Rank(close, 20))",USA,MINVOL3M,MARKET,5,1,P2Y,0.01,OFF,OFF
FullTest_1473,"Rank(Ts_Rank(close, 20))",USA,MINVOL3M,NONE,0,0,P1Y,0.08,ON,ON
FullTest_1474,"Rank(Ts_Rank(close, 20))",USA,MINVOL3M,NONE,0,0,P1Y,0.08,ON,OFF
FullTest_1475,"Rank(Ts_Rank(close, 20))",USA,MINVOL3M,NONE,0,0,P1Y,0.08,OFF,ON
FullTest_1476,"Rank(Ts_Rank(close, 20))",USA,MINVOL3M,NONE,0,0,P1Y,0.08,OFF,OFF
FullTest_1477,"Rank(Ts_Rank(close, 20))",USA,MINVOL3M,NONE,0,0,P1Y,0.01,ON,ON
FullTest_1478,"Rank(Ts_Rank(close, 20))",USA,MINVOL3M,NONE,0,0,P1Y,0.01,ON,OFF
FullTest_1479,"Rank(Ts_Rank(close, 20))",USA,MINVOL3M,NONE,0,0,P1Y,0.01,OFF,ON
FullTest_1480,"Rank(Ts_Rank(close, 20))",USA,MINVOL3M,NONE,0,0,P1Y,0.01,OFF,OFF
FullTest_1481,"Rank(Ts_Rank(close, 20))",USA,MINVOL3M,NONE,0,0,P2Y,0.08,ON,ON
FullTest_1482,"Rank(Ts_Rank(close, 20))",USA,MINVOL3M,NONE,0,0,P2Y,0.08,ON,OFF
FullTest_1483,"Rank(Ts_Rank(close, 20))",USA,MINVOL3M,NONE,0,0,P2Y,0.08,OFF,ON
FullTest_1484,"Rank(Ts_Rank(close, 20))",USA,MINVOL3M,NONE,0,0,P2Y,0.08,OFF,OFF
FullTest_1485,"Rank(Ts_Rank(close, 20))",USA,MINVOL3M,NONE,0,0,P2Y,0.01,ON,ON
FullTest_1486,"Rank(Ts_Rank(close, 20))",USA,MINVOL3M,NONE,0,0,P2Y,0.01,ON,OFF
FullTest_1487,"Rank(Ts_Rank(close, 20))",USA,MINVOL3M,NONE,0,0,P2Y,0.01,OFF,ON
FullTest_1488,"Rank(Ts_Rank(close, 20))",USA,MINVOL3M,NONE,0,0,P2Y,0.01,OFF,OFF
FullTest_1489,"Rank(Ts_Rank(close, 20))",USA,MINVOL3M,NONE,0,1,P1Y,0.08,ON,ON
FullTest_1490,"Rank(Ts_Rank(close, 20))",USA,MINVOL3M,NONE,0,1,P1Y,0.08,ON,OFF
FullTest_1491,"Rank(Ts_Rank(close, 20))",USA,MINVOL3M,NONE,0,1,P1Y,0.08,OFF,ON
FullTest_1492,"Rank(Ts_Rank(close, 20))",USA,MINVOL3M,NONE,0,1,P1Y,0.08,OFF,OFF
FullTest_1493,"Rank(Ts_Rank(close, 20))",USA,MINVOL3M,NONE,0,1,P1Y,0.01,ON,ON
FullTest_1494,"Rank(Ts_Rank(close, 20))",USA,MINVOL3M,NONE,0,1,P1Y,0.01,ON,OFF
FullTest_1495,"Rank(Ts_Rank(close, 20))",USA,MINVOL3M,NONE,0,1,P1Y,0.01,OFF,ON
FullTest_1496,"Rank(Ts_Rank(close, 20))",USA,MINVOL3M,NONE,0,1,P1Y,0.01,OFF,OFF
FullTest_1497,"Rank(Ts_Rank(close, 20))",USA,MINVOL3M,NONE,0,1,P2Y,0.08,ON,ON
FullTest_1498,"Rank(Ts_Rank(close, 20))",USA,MINVOL3M,NONE,0,1,P2Y,0.08,ON,OFF
FullTest_1499,"Rank(Ts_Rank(close, 20))",USA,MINVOL3M,NONE,0,1,P2Y,0.08,OFF,ON
FullTest_1500,"Rank(Ts_Rank(close, 20))",USA,MINVOL3M,NONE,0,1,P2Y,0.08,OFF,OFF
FullTest_1501,"Rank(Ts_Rank(close, 20))",USA,MINVOL3M,NONE,0,1,P2Y,0.01,ON,ON
FullTest_1502,"Rank(Ts_Rank(close, 20))",USA,MINVOL3M,NONE,0,1,P2Y,0.01,ON,OFF
FullTest_1503,"Rank(Ts_Rank(close, 20))",USA,MINVOL3M,NONE,0,1,P2Y,0.01,OFF,ON
FullTest_1504,"Rank(Ts_Rank(close, 20))",USA,MINVOL3M,NONE,0,1,P2Y,0.01,OFF,OFF
FullTest_1505,"Rank(Ts_Rank(close, 20))",USA,MINVOL3M,NONE,5,0,P1Y,0.08,ON,ON
FullTest_1506,"Rank(Ts_Rank(close, 20))",USA,MINVOL3M,NONE,5,0,P1Y,0.08,ON,OFF
FullTest_1507,"Rank(Ts_Rank(close, 20))",USA,MINVOL3M,NONE,5,0,P1Y,0.08,OFF,ON
FullTest_1508,"Rank(Ts_Rank(close, 20))",USA,MINVOL3M,NONE,5,0,P1Y,0.08,OFF,OFF
FullTest_1509,"Rank(Ts_Rank(close, 20))",USA,MINVOL3M,NONE,5,0,P1Y,0.01,ON,ON
FullTest_1510,"Rank(Ts_Rank(close, 20))",USA,MINVOL3M,NONE,5,0,P1Y,0.01,ON,OFF
FullTest_1511,"Rank(Ts_Rank(close, 20))",USA,MINVOL3M,NONE,5,0,P1Y,0.01,OFF,ON
FullTest_1512,"Rank(Ts_Rank(close, 20))",USA,MINVOL3M,NONE,5,0,P1Y,0.01,OFF,OFF
FullTest_1513,"Rank(Ts_Rank(close, 20))",USA,MINVOL3M,NONE,5,0,P2Y,0.08,ON,ON
FullTest_1514,"Rank(Ts_Rank(close, 20))",USA,MINVOL3M,NONE,5,0,P2Y,0.08,ON,OFF
FullTest_1515,"Rank(Ts_Rank(close, 20))",USA,MINVOL3M,NONE,5,0,P2Y,0.08,OFF,ON
FullTest_1516,"Rank(Ts_Rank(close, 20))",USA,MINVOL3M,NONE,5,0,P2Y,0.08,OFF,OFF
FullTest_1517,"Rank(Ts_Rank(close, 20))",USA,MINVOL3M,NONE,5,0,P2Y,0.01,ON,ON
FullTest_1518,"Rank(Ts_Rank(close, 20))",USA,MINVOL3M,NONE,5,0,P2Y,0.01,ON,OFF
FullTest_1519,"Rank(Ts_Rank(close, 20))",USA,MINVOL3M,NONE,5,0,P2Y,0.01,OFF,ON
FullTest_1520,"Rank(Ts_Rank(close, 20))",USA,MINVOL3M,NONE,5,0,P2Y,0.01,OFF,OFF
FullTest_1521,"Rank(Ts_Rank(close, 20))",USA,MINVOL3M,NONE,5,1,P1Y,0.08,ON,ON
FullTest_1522,"Rank(Ts_Rank(close, 20))",USA,MINVOL3M,NONE,5,1,P1Y,0.08,ON,OFF
FullTest_1523,"Rank(Ts_Rank(close, 20))",USA,MINVOL3M,NONE,5,1,P1Y,0.08,OFF,ON
FullTest_1524,"Rank(Ts_Rank(close, 20))",USA,MINVOL3M,NONE,5,1,P1Y,0.08,OFF,OFF
FullTest_1525,"Rank(Ts_Rank(close, 20))",USA,MINVOL3M,NONE,5,1,P1Y,0.01,ON,ON
FullTest_1526,"Rank(Ts_Rank(close, 20))",USA,MINVOL3M,NONE,5,1,P1Y,0.01,ON,OFF
FullTest_1527,"Rank(Ts_Rank(close, 20))",USA,MINVOL3M,NONE,5,1,P1Y,0.01,OFF,ON
FullTest_1528,"Rank(Ts_Rank(close, 20))",USA,MINVOL3M,NONE,5,1,P1Y,0.01,OFF,OFF
FullTest_1529,"Rank(Ts_Rank(close, 20))",USA,MINVOL3M,NONE,5,1,P2Y,0.08,ON,ON
FullTest_1530,"Rank(Ts_Rank(close, 20))",USA,MINVOL3M,NONE,5,1,P2Y,0.08,ON,OFF
FullTest_1531,"Rank(Ts_Rank(close, 20))",USA,MINVOL3M,NONE,5,1,P2Y,0.08,OFF,ON
FullTest_1532,"Rank(Ts_Rank(close, 20))",USA,MINVOL3M,NONE,5,1,P2Y,0.08,OFF,OFF
FullTest_1533,"Rank(Ts_Rank(close, 20))",USA,MINVOL3M,NONE,5,1,P2Y,0.01,ON,ON
FullTest_1534,"Rank(Ts_Rank(close, 20))",USA,MINVOL3M,NONE,5,1,P2Y,0.01,ON,OFF
FullTest_1535,"Rank(Ts_Rank(close, 20))",USA,MINVOL3M,NONE,5,1,P2Y,0.01,OFF,ON
FullTest_1536,"Rank(Ts_Rank(close, 20))",USA,MINVOL3M,NONE,5,1,P2Y,0.01,OFF,OFF
FullTest_1537,"Rank(Ts_Rank(close, 20))",ASI,TOP3000,INDUSTRY,0,0,P1Y,0.08,ON,ON
FullTest_1538,"Rank(Ts_Rank(close, 20))",ASI,TOP3000,INDUSTRY,0,0,P1Y,0.08,ON,OFF
FullTest_1539,"Rank(Ts_Rank(close, 20))",ASI,TOP3000,INDUSTRY,0,0,P1Y,0.08,OFF,ON
FullTest_1540,"Rank(Ts_Rank(close, 20))",ASI,TOP3000,INDUSTRY,0,0,P1Y,0.08,OFF,OFF
FullTest_1541,"Rank(Ts_Rank(close, 20))",ASI,TOP3000,INDUSTRY,0,0,P1Y,0.01,ON,ON
FullTest_1542,"Rank(Ts_Rank(close, 20))",ASI,TOP3000,INDUSTRY,0,0,P1Y,0.01,ON,OFF
FullTest_1543,"Rank(Ts_Rank(close, 20))",ASI,TOP3000,INDUSTRY,0,0,P1Y,0.01,OFF,ON
FullTest_1544,"Rank(Ts_Rank(close, 20))",ASI,TOP3000,INDUSTRY,0,0,P1Y,0.01,OFF,OFF
FullTest_1545,"Rank(Ts_Rank(close, 20))",ASI,TOP3000,INDUSTRY,0,0,P2Y,0.08,ON,ON
FullTest_1546,"Rank(Ts_Rank(close, 20))",ASI,TOP3000,INDUSTRY,0,0,P2Y,0.08,ON,OFF
FullTest_1547,"Rank(Ts_Rank(close, 20))",ASI,TOP3000,INDUSTRY,0,0,P2Y,0.08,OFF,ON
FullTest_1548,"Rank(Ts_Rank(close, 20))",ASI,TOP3000,INDUSTRY,0,0,P2Y,0.08,OFF,OFF
FullTest_1549,"Rank(Ts_Rank(close, 20))",ASI,TOP3000,INDUSTRY,0,0,P2Y,0.01,ON,ON
FullTest_1550,"Rank(Ts_Rank(close, 20))",ASI,TOP3000,INDUSTRY,0,0,P2Y,0.01,ON,OFF
FullTest_1551,"Rank(Ts_Rank(close, 20))",ASI,TOP3000,INDUSTRY,0,0,P2Y,0.01,OFF,ON
FullTest_1552,"Rank(Ts_Rank(close, 20))",ASI,TOP3000,INDUSTRY,0,0,P2Y,0.01,OFF,OFF
FullTest_1553,"Rank(Ts_Rank(close, 20))",ASI,TOP3000,INDUSTRY,0,1,P1Y,0.08,ON,ON
FullTest_1554,"Rank(Ts_Rank(close, 20))",ASI,TOP3000,INDUSTRY,0,1,P1Y,0.08,ON,OFF
FullTest_1555,"Rank(Ts_Rank(close, 20))",ASI,TOP3000,INDUSTRY,0,1,P1Y,0.08,OFF,ON
FullTest_1556,"Rank(Ts_Rank(close, 20))",ASI,TOP3000,INDUSTRY,0,1,P1Y,0.08,OFF,OFF
FullTest_1557,"Rank(Ts_Rank(close, 20))",ASI,TOP3000,INDUSTRY,0,1,P1Y,0.01,ON,ON
FullTest_1558,"Rank(Ts_Rank(close, 20))",ASI,TOP3000,INDUSTRY,0,1,P1Y,0.01,ON,OFF
FullTest_1559,"Rank(Ts_Rank(close, 20))",ASI,TOP3000,INDUSTRY,0,1,P1Y,0.01,OFF,ON
FullTest_1560,"Rank(Ts_Rank(close, 20))",ASI,TOP3000,INDUSTRY,0,1,P1Y,0.01,OFF,OFF
FullTest_1561,"Rank(Ts_Rank(close, 20))",ASI,TOP3000,INDUSTRY,0,1,P2Y,0.08,ON,ON
FullTest_1562,"Rank(Ts_Rank(close, 20))",ASI,TOP3000,INDUSTRY,0,1,P2Y,0.08,ON,OFF
FullTest_1563,"Rank(Ts_Rank(close, 20))",ASI,TOP3000,INDUSTRY,0,1,P2Y,0.08,OFF,ON
FullTest_1564,"Rank(Ts_Rank(close, 20))",ASI,TOP3000,INDUSTRY,0,1,P2Y,0.08,OFF,OFF
FullTest_1565,"Rank(Ts_Rank(close, 20))",ASI,TOP3000,INDUSTRY,0,1,P2Y,0.01,ON,ON
FullTest_1566,"Rank(Ts_Rank(close, 20))",ASI,TOP3000,INDUSTRY,0,1,P2Y,0.01,ON,OFF
FullTest_1567,"Rank(Ts_Rank(close, 20))",ASI,TOP3000,INDUSTRY,0,1,P2Y,0.01,OFF,ON
FullTest_1568,"Rank(Ts_Rank(close, 20))",ASI,TOP3000,INDUSTRY,0,1,P2Y,0.01,OFF,OFF
FullTest_1569,"Rank(Ts_Rank(close, 20))",ASI,TOP3000,INDUSTRY,5,0,P1Y,0.08,ON,ON
FullTest_1570,"Rank(Ts_Rank(close, 20))",ASI,TOP3000,INDUSTRY,5,0,P1Y,0.08,ON,OFF
FullTest_1571,"Rank(Ts_Rank(close, 20))",ASI,TOP3000,INDUSTRY,5,0,P1Y,0.08,OFF,ON
FullTest_1572,"Rank(Ts_Rank(close, 20))",ASI,TOP3000,INDUSTRY,5,0,P1Y,0.08,OFF,OFF
FullTest_1573,"Rank(Ts_Rank(close, 20))",ASI,TOP3000,INDUSTRY,5,0,P1Y,0.01,ON,ON
FullTest_1574,"Rank(Ts_Rank(close, 20))",ASI,TOP3000,INDUSTRY,5,0,P1Y,0.01,ON,OFF
FullTest_1575,"Rank(Ts_Rank(close, 20))",ASI,TOP3000,INDUSTRY,5,0,P1Y,0.01,OFF,ON
FullTest_1576,"Rank(Ts_Rank(close, 20))",ASI,TOP3000,INDUSTRY,5,0,P1Y,0.01,OFF,OFF
FullTest_1577,"Rank(Ts_Rank(close, 20))",ASI,TOP3000,INDUSTRY,5,0,P2Y,0.08,ON,ON
FullTest_1578,"Rank(Ts_Rank(close, 20))",ASI,TOP3000,INDUSTRY,5,0,P2Y,0.08,ON,OFF
FullTest_1579,"Rank(Ts_Rank(close, 20))",ASI,TOP3000,INDUSTRY,5,0,P2Y,0.08,OFF,ON
FullTest_1580,"Rank(Ts_Rank(close, 20))",ASI,TOP3000,INDUSTRY,5,0,P2Y,0.08,OFF,OFF
FullTest_1581,"Rank(Ts_Rank(close, 20))",ASI,TOP3000,INDUSTRY,5,0,P2Y,0.01,ON,ON
FullTest_1582,"Rank(Ts_Rank(close, 20))",ASI,TOP3000,INDUSTRY,5,0,P2Y,0.01,ON,OFF
FullTest_1583,"Rank(Ts_Rank(close, 20))",ASI,TOP3000,INDUSTRY,5,0,P2Y,0.01,OFF,ON
FullTest_1584,"Rank(Ts_Rank(close, 20))",ASI,TOP3000,INDUSTRY,5,0,P2Y,0.01,OFF,OFF
FullTest_1585,"Rank(Ts_Rank(close, 20))",ASI,TOP3000,INDUSTRY,5,1,P1Y,0.08,ON,ON
FullTest_1586,"Rank(Ts_Rank(close, 20))",ASI,TOP3000,INDUSTRY,5,1,P1Y,0.08,ON,OFF
FullTest_1587,"Rank(Ts_Rank(close, 20))",ASI,TOP3000,INDUSTRY,5,1,P1Y,0.08,OFF,ON
FullTest_1588,"Rank(Ts_Rank(close, 20))",ASI,TOP3000,INDUSTRY,5,1,P1Y,0.08,OFF,OFF
FullTest_1589,"Rank(Ts_Rank(close, 20))",ASI,TOP3000,INDUSTRY,5,1,P1Y,0.01,ON,ON
FullTest_1590,"Rank(Ts_Rank(close, 20))",ASI,TOP3000,INDUSTRY,5,1,P1Y,0.01,ON,OFF
FullTest_1591,"Rank(Ts_Rank(close, 20))",ASI,TOP3000,INDUSTRY,5,1,P1Y,0.01,OFF,ON
FullTest_1592,"Rank(Ts_Rank(close, 20))",ASI,TOP3000,INDUSTRY,5,1,P1Y,0.01,OFF,OFF
FullTest_1593,"Rank(Ts_Rank(close, 20))",ASI,TOP3000,INDUSTRY,5,1,P2Y,0.08,ON,ON
FullTest_1594,"Rank(Ts_Rank(close, 20))",ASI,TOP3000,INDUSTRY,5,1,P2Y,0.08,ON,OFF
FullTest_1595,"Rank(Ts_Rank(close, 20))",ASI,TOP3000,INDUSTRY,5,1,P2Y,0.08,OFF,ON
FullTest_1596,"Rank(Ts_Rank(close, 20))",ASI,TOP3000,INDUSTRY,5,1,P2Y,0.08,OFF,OFF
FullTest_1597,"Rank(Ts_Rank(close, 20))",ASI,TOP3000,INDUSTRY,5,1,P2Y,0.01,ON,ON
FullTest_1598,"Rank(Ts_Rank(close, 20))",ASI,TOP3000,INDUSTRY,5,1,P2Y,0.01,ON,OFF
FullTest_1599,"Rank(Ts_Rank(close, 20))",ASI,TOP3000,INDUSTRY,5,1,P2Y,0.01,OFF,ON
FullTest_1600,"Rank(Ts_Rank(close, 20))",ASI,TOP3000,INDUSTRY,5,1,P2Y,0.01,OFF,OFF
FullTest_1601,"Rank(Ts_Rank(close, 20))",ASI,TOP3000,MARKET,0,0,P1Y,0.08,ON,ON
FullTest_1602,"Rank(Ts_Rank(close, 20))",ASI,TOP3000,MARKET,0,0,P1Y,0.08,ON,OFF
FullTest_1603,"Rank(Ts_Rank(close, 20))",ASI,TOP3000,MARKET,0,0,P1Y,0.08,OFF,ON
FullTest_1604,"Rank(Ts_Rank(close, 20))",ASI,TOP3000,MARKET,0,0,P1Y,0.08,OFF,OFF
FullTest_1605,"Rank(Ts_Rank(close, 20))",ASI,TOP3000,MARKET,0,0,P1Y,0.01,ON,ON
FullTest_1606,"Rank(Ts_Rank(close, 20))",ASI,TOP3000,MARKET,0,0,P1Y,0.01,ON,OFF
FullTest_1607,"Rank(Ts_Rank(close, 20))",ASI,TOP3000,MARKET,0,0,P1Y,0.01,OFF,ON
FullTest_1608,"Rank(Ts_Rank(close, 20))",ASI,TOP3000,MARKET,0,0,P1Y,0.01,OFF,OFF
FullTest_1609,"Rank(Ts_Rank(close, 20))",ASI,TOP3000,MARKET,0,0,P2Y,0.08,ON,ON
FullTest_1610,"Rank(Ts_Rank(close, 20))",ASI,TOP3000,MARKET,0,0,P2Y,0.08,ON,OFF
FullTest_1611,"Rank(Ts_Rank(close, 20))",ASI,TOP3000,MARKET,0,0,P2Y,0.08,OFF,ON
FullTest_1612,"Rank(Ts_Rank(close, 20))",ASI,TOP3000,MARKET,0,0,P2Y,0.08,OFF,OFF
FullTest_1613,"Rank(Ts_Rank(close, 20))",ASI,TOP3000,MARKET,0,0,P2Y,0.01,ON,ON
FullTest_1614,"Rank(Ts_Rank(close, 20))",ASI,TOP3000,MARKET,0,0,P2Y,0.01,ON,OFF
FullTest_1615,"Rank(Ts_Rank(close, 20))",ASI,TOP3000,MARKET,0,0,P2Y,0.01,OFF,ON
FullTest_1616,"Rank(Ts_Rank(close, 20))",ASI,TOP3000,MARKET,0,0,P2Y,0.01,OFF,OFF
FullTest_1617,"Rank(Ts_Rank(close, 20))",ASI,TOP3000,MARKET,0,1,P1Y,0.08,ON,ON
FullTest_1618,"Rank(Ts_Rank(close, 20))",ASI,TOP3000,MARKET,0,1,P1Y,0.08,ON,OFF
FullTest_1619,"Rank(Ts_Rank(close, 20))",ASI,TOP3000,MARKET,0,1,P1Y,0.08,OFF,ON
FullTest_1620,"Rank(Ts_Rank(close, 20))",ASI,TOP3000,MARKET,0,1,P1Y,0.08,OFF,OFF
FullTest_1621,"Rank(Ts_Rank(close, 20))",ASI,TOP3000,MARKET,0,1,P1Y,0.01,ON,ON
FullTest_1622,"Rank(Ts_Rank(close, 20))",ASI,TOP3000,MARKET,0,1,P1Y,0.01,ON,OFF
FullTest_1623,"Rank(Ts_Rank(close, 20))",ASI,TOP3000,MARKET,0,1,P1Y,0.01,OFF,ON
FullTest_1624,"Rank(Ts_Rank(close, 20))",ASI,TOP3000,MARKET,0,1,P1Y,0.01,OFF,OFF
FullTest_1625,"Rank(Ts_Rank(close, 20))",ASI,TOP3000,MARKET,0,1,P2Y,0.08,ON,ON
FullTest_1626,"Rank(Ts_Rank(close, 20))",ASI,TOP3000,MARKET,0,1,P2Y,0.08,ON,OFF
FullTest_1627,"Rank(Ts_Rank(close, 20))",ASI,TOP3000,MARKET,0,1,P2Y,0.08,OFF,ON
FullTest_1628,"Rank(Ts_Rank(close, 20))",ASI,TOP3000,MARKET,0,1,P2Y,0.08,OFF,OFF
FullTest_1629,"Rank(Ts_Rank(close, 20))",ASI,TOP3000,MARKET,0,1,P2Y,0.01,ON,ON
FullTest_1630,"Rank(Ts_Rank(close, 20))",ASI,TOP3000,MARKET,0,1,P2Y,0.01,ON,OFF
FullTest_1631,"Rank(Ts_Rank(close, 20))",ASI,TOP3000,MARKET,0,1,P2Y,0.01,OFF,ON
FullTest_1632,"Rank(Ts_Rank(close, 20))",ASI,TOP3000,MARKET,0,1,P2Y,0.01,OFF,OFF
FullTest_1633,"Rank(Ts_Rank(close, 20))",ASI,TOP3000,MARKET,5,0,P1Y,0.08,ON,ON
FullTest_1634,"Rank(Ts_Rank(close, 20))",ASI,TOP3000,MARKET,5,0,P1Y,0.08,ON,OFF
FullTest_1635,"Rank(Ts_Rank(close, 20))",ASI,TOP3000,MARKET,5,0,P1Y,0.08,OFF,ON
FullTest_1636,"Rank(Ts_Rank(close, 20))",ASI,TOP3000,MARKET,5,0,P1Y,0.08,OFF,OFF
FullTest_1637,"Rank(Ts_Rank(close, 20))",ASI,TOP3000,MARKET,5,0,P1Y,0.01,ON,ON
FullTest_1638,"Rank(Ts_Rank(close, 20))",ASI,TOP3000,MARKET,5,0,P1Y,0.01,ON,OFF
FullTest_1639,"Rank(Ts_Rank(close, 20))",ASI,TOP3000,MARKET,5,0,P1Y,0.01,OFF,ON
FullTest_1640,"Rank(Ts_Rank(close, 20))",ASI,TOP3000,MARKET,5,0,P1Y,0.01,OFF,OFF
FullTest_1641,"Rank(Ts_Rank(close, 20))",ASI,TOP3000,MARKET,5,0,P2Y,0.08,ON,ON
FullTest_1642,"Rank(Ts_Rank(close, 20))",ASI,TOP3000,MARKET,5,0,P2Y,0.08,ON,OFF
FullTest_1643,"Rank(Ts_Rank(close, 20))",ASI,TOP3000,MARKET,5,0,P2Y,0.08,OFF,ON
FullTest_1644,"Rank(Ts_Rank(close, 20))",ASI,TOP3000,MARKET,5,0,P2Y,0.08,OFF,OFF
FullTest_1645,"Rank(Ts_Rank(close, 20))",ASI,TOP3000,MARKET,5,0,P2Y,0.01,ON,ON
FullTest_1646,"Rank(Ts_Rank(close, 20))",ASI,TOP3000,MARKET,5,0,P2Y,0.01,ON,OFF
FullTest_1647,"Rank(Ts_Rank(close, 20))",ASI,TOP3000,MARKET,5,0,P2Y,0.01,OFF,ON
FullTest_1648,"Rank(Ts_Rank(close, 20))",ASI,TOP3000,MARKET,5,0,P2Y,0.01,OFF,OFF
FullTest_1649,"Rank(Ts_Rank(close, 20))",ASI,TOP3000,MARKET,5,1,P1Y,0.08,ON,ON
FullTest_1650,"Rank(Ts_Rank(close, 20))",ASI,TOP3000,MARKET,5,1,P1Y,0.08,ON,OFF
FullTest_1651,"Rank(Ts_Rank(close, 20))",ASI,TOP3000,MARKET,5,1,P1Y,0.08,OFF,ON
FullTest_1652,"Rank(Ts_Rank(close, 20))",ASI,TOP3000,MARKET,5,1,P1Y,0.08,OFF,OFF
FullTest_1653,"Rank(Ts_Rank(close, 20))",ASI,TOP3000,MARKET,5,1,P1Y,0.01,ON,ON
FullTest_1654,"Rank(Ts_Rank(close, 20))",ASI,TOP3000,MARKET,5,1,P1Y,0.01,ON,OFF
FullTest_1655,"Rank(Ts_Rank(close, 20))",ASI,TOP3000,MARKET,5,1,P1Y,0.01,OFF,ON
FullTest_1656,"Rank(Ts_Rank(close, 20))",ASI,TOP3000,MARKET,5,1,P1Y,0.01,OFF,OFF
FullTest_1657,"Rank(Ts_Rank(close, 20))",ASI,TOP3000,MARKET,5,1,P2Y,0.08,ON,ON
FullTest_1658,"Rank(Ts_Rank(close, 20))",ASI,TOP3000,MARKET,5,1,P2Y,0.08,ON,OFF
FullTest_1659,"Rank(Ts_Rank(close, 20))",ASI,TOP3000,MARKET,5,1,P2Y,0.08,OFF,ON
FullTest_1660,"Rank(Ts_Rank(close, 20))",ASI,TOP3000,MARKET,5,1,P2Y,0.08,OFF,OFF
FullTest_1661,"Rank(Ts_Rank(close, 20))",ASI,TOP3000,MARKET,5,1,P2Y,0.01,ON,ON
FullTest_1662,"Rank(Ts_Rank(close, 20))",ASI,TOP3000,MARKET,5,1,P2Y,0.01,ON,OFF
FullTest_1663,"Rank(Ts_Rank(close, 20))",ASI,TOP3000,MARKET,5,1,P2Y,0.01,OFF,ON
FullTest_1664,"Rank(Ts_Rank(close, 20))",ASI,TOP3000,MARKET,5,1,P2Y,0.01,OFF,OFF
FullTest_1665,"Rank(Ts_Rank(close, 20))",ASI,TOP3000,NONE,0,0,P1Y,0.08,ON,ON
FullTest_1666,"Rank(Ts_Rank(close, 20))",ASI,TOP3000,NONE,0,0,P1Y,0.08,ON,OFF
FullTest_1667,"Rank(Ts_Rank(close, 20))",ASI,TOP3000,NONE,0,0,P1Y,0.08,OFF,ON
FullTest_1668,"Rank(Ts_Rank(close, 20))",ASI,TOP3000,NONE,0,0,P1Y,0.08,OFF,OFF
FullTest_1669,"Rank(Ts_Rank(close, 20))",ASI,TOP3000,NONE,0,0,P1Y,0.01,ON,ON
FullTest_1670,"Rank(Ts_Rank(close, 20))",ASI,TOP3000,NONE,0,0,P1Y,0.01,ON,OFF
FullTest_1671,"Rank(Ts_Rank(close, 20))",ASI,TOP3000,NONE,0,0,P1Y,0.01,OFF,ON
FullTest_1672,"Rank(Ts_Rank(close, 20))",ASI,TOP3000,NONE,0,0,P1Y,0.01,OFF,OFF
FullTest_1673,"Rank(Ts_Rank(close, 20))",ASI,TOP3000,NONE,0,0,P2Y,0.08,ON,ON
FullTest_1674,"Rank(Ts_Rank(close, 20))",ASI,TOP3000,NONE,0,0,P2Y,0.08,ON,OFF
FullTest_1675,"Rank(Ts_Rank(close, 20))",ASI,TOP3000,NONE,0,0,P2Y,0.08,OFF,ON
FullTest_1676,"Rank(Ts_Rank(close, 20))",ASI,TOP3000,NONE,0,0,P2Y,0.08,OFF,OFF
FullTest_1677,"Rank(Ts_Rank(close, 20))",ASI,TOP3000,NONE,0,0,P2Y,0.01,ON,ON
FullTest_1678,"Rank(Ts_Rank(close, 20))",ASI,TOP3000,NONE,0,0,P2Y,0.01,ON,OFF
FullTest_1679,"Rank(Ts_Rank(close, 20))",ASI,TOP3000,NONE,0,0,P2Y,0.01,OFF,ON
FullTest_1680,"Rank(Ts_Rank(close, 20))",ASI,TOP3000,NONE,0,0,P2Y,0.01,OFF,OFF
FullTest_1681,"Rank(Ts_Rank(close, 20))",ASI,TOP3000,NONE,0,1,P1Y,0.08,ON,ON
FullTest_1682,"Rank(Ts_Rank(close, 20))",ASI,TOP3000,NONE,0,1,P1Y,0.08,ON,OFF
FullTest_1683,"Rank(Ts_Rank(close, 20))",ASI,TOP3000,NONE,0,1,P1Y,0.08,OFF,ON
FullTest_1684,"Rank(Ts_Rank(close, 20))",ASI,TOP3000,NONE,0,1,P1Y,0.08,OFF,OFF
FullTest_1685,"Rank(Ts_Rank(close, 20))",ASI,TOP3000,NONE,0,1,P1Y,0.01,ON,ON
FullTest_1686,"Rank(Ts_Rank(close, 20))",ASI,TOP3000,NONE,0,1,P1Y,0.01,ON,OFF
FullTest_1687,"Rank(Ts_Rank(close, 20))",ASI,TOP3000,NONE,0,1,P1Y,0.01,OFF,ON
FullTest_1688,"Rank(Ts_Rank(close, 20))",ASI,TOP3000,NONE,0,1,P1Y,0.01,OFF,OFF
FullTest_1689,"Rank(Ts_Rank(close, 20))",ASI,TOP3000,NONE,0,1,P2Y,0.08,ON,ON
FullTest_1690,"Rank(Ts_Rank(close, 20))",ASI,TOP3000,NONE,0,1,P2Y,0.08,ON,OFF
FullTest_1691,"Rank(Ts_Rank(close, 20))",ASI,TOP3000,NONE,0,1,P2Y,0.08,OFF,ON
FullTest_1692,"Rank(Ts_Rank(close, 20))",ASI,TOP3000,NONE,0,1,P2Y,0.08,OFF,OFF
FullTest_1693,"Rank(Ts_Rank(close, 20))",ASI,TOP3000,NONE,0,1,P2Y,0.01,ON,ON
FullTest_1694,"Rank(Ts_Rank(close, 20))",ASI,TOP3000,NONE,0,1,P2Y,0.01,ON,OFF
FullTest_1695,"Rank(Ts_Rank(close, 20))",ASI,TOP3000,NONE,0,1,P2Y,0.01,OFF,ON
FullTest_1696,"Rank(Ts_Rank(close, 20))",ASI,TOP3000,NONE,0,1,P2Y,0.01,OFF,OFF
FullTest_1697,"Rank(Ts_Rank(close, 20))",ASI,TOP3000,NONE,5,0,P1Y,0.08,ON,ON
FullTest_1698,"Rank(Ts_Rank(close, 20))",ASI,TOP3000,NONE,5,0,P1Y,0.08,ON,OFF
FullTest_1699,"Rank(Ts_Rank(close, 20))",ASI,TOP3000,NONE,5,0,P1Y,0.08,OFF,ON
FullTest_1700,"Rank(Ts_Rank(close, 20))",ASI,TOP3000,NONE,5,0,P1Y,0.08,OFF,OFF
FullTest_1701,"Rank(Ts_Rank(close, 20))",ASI,TOP3000,NONE,5,0,P1Y,0.01,ON,ON
FullTest_1702,"Rank(Ts_Rank(close, 20))",ASI,TOP3000,NONE,5,0,P1Y,0.01,ON,OFF
FullTest_1703,"Rank(Ts_Rank(close, 20))",ASI,TOP3000,NONE,5,0,P1Y,0.01,OFF,ON
FullTest_1704,"Rank(Ts_Rank(close, 20))",ASI,TOP3000,NONE,5,0,P1Y,0.01,OFF,OFF
FullTest_1705,"Rank(Ts_Rank(close, 20))",ASI,TOP3000,NONE,5,0,P2Y,0.08,ON,ON
FullTest_1706,"Rank(Ts_Rank(close, 20))",ASI,TOP3000,NONE,5,0,P2Y,0.08,ON,OFF
FullTest_1707,"Rank(Ts_Rank(close, 20))",ASI,TOP3000,NONE,5,0,P2Y,0.08,OFF,ON
FullTest_1708,"Rank(Ts_Rank(close, 20))",ASI,TOP3000,NONE,5,0,P2Y,0.08,OFF,OFF
FullTest_1709,"Rank(Ts_Rank(close, 20))",ASI,TOP3000,NONE,5,0,P2Y,0.01,ON,ON
FullTest_1710,"Rank(Ts_Rank(close, 20))",ASI,TOP3000,NONE,5,0,P2Y,0.01,ON,OFF
FullTest_1711,"Rank(Ts_Rank(close, 20))",ASI,TOP3000,NONE,5,0,P2Y,0.01,OFF,ON
FullTest_1712,"Rank(Ts_Rank(close, 20))",ASI,TOP3000,NONE,5,0,P2Y,0.01,OFF,OFF
FullTest_1713,"Rank(Ts_Rank(close, 20))",ASI,TOP3000,NONE,5,1,P1Y,0.08,ON,ON
FullTest_1714,"Rank(Ts_Rank(close, 20))",ASI,TOP3000,NONE,5,1,P1Y,0.08,ON,OFF
FullTest_1715,"Rank(Ts_Rank(close, 20))",ASI,TOP3000,NONE,5,1,P1Y,0.08,OFF,ON
FullTest_1716,"Rank(Ts_Rank(close, 20))",ASI,TOP3000,NONE,5,1,P1Y,0.08,OFF,OFF
FullTest_1717,"Rank(Ts_Rank(close, 20))",ASI,TOP3000,NONE,5,1,P1Y,0.01,ON,ON
FullTest_1718,"Rank(Ts_Rank(close, 20))",ASI,TOP3000,NONE,5,1,P1Y,0.01,ON,OFF
FullTest_1719,"Rank(Ts_Rank(close, 20))",ASI,TOP3000,NONE,5,1,P1Y,0.01,OFF,ON
FullTest_1720,"Rank(Ts_Rank(close, 20))",ASI,TOP3000,NONE,5,1,P1Y,0.01,OFF,OFF
FullTest_1721,"Rank(Ts_Rank(close, 20))",ASI,TOP3000,NONE,5,1,P2Y,0.08,ON,ON
FullTest_1722,"Rank(Ts_Rank(close, 20))",ASI,TOP3000,NONE,5,1,P2Y,0.08,ON,OFF
FullTest_1723,"Rank(Ts_Rank(close, 20))",ASI,TOP3000,NONE,5,1,P2Y,0.08,OFF,ON
FullTest_1724,"Rank(Ts_Rank(close, 20))",ASI,TOP3000,NONE,5,1,P2Y,0.08,OFF,OFF
FullTest_1725,"Rank(Ts_Rank(close, 20))",ASI,TOP3000,NONE,5,1,P2Y,0.01,ON,ON
FullTest_1726,"Rank(Ts_Rank(close, 20))",ASI,TOP3000,NONE,5,1,P2Y,0.01,ON,OFF
FullTest_1727,"Rank(Ts_Rank(close, 20))",ASI,TOP3000,NONE,5,1,P2Y,0.01,OFF,ON
FullTest_1728,"Rank(Ts_Rank(close, 20))",ASI,TOP3000,NONE,5,1,P2Y,0.01,OFF,OFF
FullTest_1729,"Rank(Ts_Rank(close, 20))",ASI,MINVOL3M,INDUSTRY,0,0,P1Y,0.08,ON,ON
FullTest_1730,"Rank(Ts_Rank(close, 20))",ASI,MINVOL3M,INDUSTRY,0,0,P1Y,0.08,ON,OFF
FullTest_1731,"Rank(Ts_Rank(close, 20))",ASI,MINVOL3M,INDUSTRY,0,0,P1Y,0.08,OFF,ON
FullTest_1732,"Rank(Ts_Rank(close, 20))",ASI,MINVOL3M,INDUSTRY,0,0,P1Y,0.08,OFF,OFF
FullTest_1733,"Rank(Ts_Rank(close, 20))",ASI,MINVOL3M,INDUSTRY,0,0,P1Y,0.01,ON,ON
FullTest_1734,"Rank(Ts_Rank(close, 20))",ASI,MINVOL3M,INDUSTRY,0,0,P1Y,0.01,ON,OFF
FullTest_1735,"Rank(Ts_Rank(close, 20))",ASI,MINVOL3M,INDUSTRY,0,0,P1Y,0.01,OFF,ON
FullTest_1736,"Rank(Ts_Rank(close, 20))",ASI,MINVOL3M,INDUSTRY,0,0,P1Y,0.01,OFF,OFF
FullTest_1737,"Rank(Ts_Rank(close, 20))",ASI,MINVOL3M,INDUSTRY,0,0,P2Y,0.08,ON,ON
FullTest_1738,"Rank(Ts_Rank(close, 20))",ASI,MINVOL3M,INDUSTRY,0,0,P2Y,0.08,ON,OFF
FullTest_1739,"Rank(Ts_Rank(close, 20))",ASI,MINVOL3M,INDUSTRY,0,0,P2Y,0.08,OFF,ON
FullTest_1740,"Rank(Ts_Rank(close, 20))",ASI,MINVOL3M,INDUSTRY,0,0,P2Y,0.08,OFF,OFF
FullTest_1741,"Rank(Ts_Rank(close, 20))",ASI,MINVOL3M,INDUSTRY,0,0,P2Y,0.01,ON,ON
FullTest_1742,"Rank(Ts_Rank(close, 20))",ASI,MINVOL3M,INDUSTRY,0,0,P2Y,0.01,ON,OFF
FullTest_1743,"Rank(Ts_Rank(close, 20))",ASI,MINVOL3M,INDUSTRY,0,0,P2Y,0.01,OFF,ON
FullTest_1744,"Rank(Ts_Rank(close, 20))",ASI,MINVOL3M,INDUSTRY,0,0,P2Y,0.01,OFF,OFF
FullTest_1745,"Rank(Ts_Rank(close, 20))",ASI,MINVOL3M,INDUSTRY,0,1,P1Y,0.08,ON,ON
FullTest_1746,"Rank(Ts_Rank(close, 20))",ASI,MINVOL3M,INDUSTRY,0,1,P1Y,0.08,ON,OFF
FullTest_1747,"Rank(Ts_Rank(close, 20))",ASI,MINVOL3M,INDUSTRY,0,1,P1Y,0.08,OFF,ON
FullTest_1748,"Rank(Ts_Rank(close, 20))",ASI,MINVOL3M,INDUSTRY,0,1,P1Y,0.08,OFF,OFF
FullTest_1749,"Rank(Ts_Rank(close, 20))",ASI,MINVOL3M,INDUSTRY,0,1,P1Y,0.01,ON,ON
FullTest_1750,"Rank(Ts_Rank(close, 20))",ASI,MINVOL3M,INDUSTRY,0,1,P1Y,0.01,ON,OFF
FullTest_1751,"Rank(Ts_Rank(close, 20))",ASI,MINVOL3M,INDUSTRY,0,1,P1Y,0.01,OFF,ON
FullTest_1752,"Rank(Ts_Rank(close, 20))",ASI,MINVOL3M,INDUSTRY,0,1,P1Y,0.01,OFF,OFF
FullTest_1753,"Rank(Ts_Rank(close, 20))",ASI,MINVOL3M,INDUSTRY,0,1,P2Y,0.08,ON,ON
FullTest_1754,"Rank(Ts_Rank(close, 20))",ASI,MINVOL3M,INDUSTRY,0,1,P2Y,0.08,ON,OFF
FullTest_1755,"Rank(Ts_Rank(close, 20))",ASI,MINVOL3M,INDUSTRY,0,1,P2Y,0.08,OFF,ON
FullTest_1756,"Rank(Ts_Rank(close, 20))",ASI,MINVOL3M,INDUSTRY,0,1,P2Y,0.08,OFF,OFF
FullTest_1757,"Rank(Ts_Rank(close, 20))",ASI,MINVOL3M,INDUSTRY,0,1,P2Y,0.01,ON,ON
FullTest_1758,"Rank(Ts_Rank(close, 20))",ASI,MINVOL3M,INDUSTRY,0,1,P2Y,0.01,ON,OFF
FullTest_1759,"Rank(Ts_Rank(close, 20))",ASI,MINVOL3M,INDUSTRY,0,1,P2Y,0.01,OFF,ON
FullTest_1760,"Rank(Ts_Rank(close, 20))",ASI,MINVOL3M,INDUSTRY,0,1,P2Y,0.01,OFF,OFF
FullTest_1761,"Rank(Ts_Rank(close, 20))",ASI,MINVOL3M,INDUSTRY,5,0,P1Y,0.08,ON,ON
FullTest_1762,"Rank(Ts_Rank(close, 20))",ASI,MINVOL3M,INDUSTRY,5,0,P1Y,0.08,ON,OFF
FullTest_1763,"Rank(Ts_Rank(close, 20))",ASI,MINVOL3M,INDUSTRY,5,0,P1Y,0.08,OFF,ON
FullTest_1764,"Rank(Ts_Rank(close, 20))",ASI,MINVOL3M,INDUSTRY,5,0,P1Y,0.08,OFF,OFF
FullTest_1765,"Rank(Ts_Rank(close, 20))",ASI,MINVOL3M,INDUSTRY,5,0,P1Y,0.01,ON,ON
FullTest_1766,"Rank(Ts_Rank(close, 20))",ASI,MINVOL3M,INDUSTRY,5,0,P1Y,0.01,ON,OFF
FullTest_1767,"Rank(Ts_Rank(close, 20))",ASI,MINVOL3M,INDUSTRY,5,0,P1Y,0.01,OFF,ON
FullTest_1768,"Rank(Ts_Rank(close, 20))",ASI,MINVOL3M,INDUSTRY,5,0,P1Y,0.01,OFF,OFF
FullTest_1769,"Rank(Ts_Rank(close, 20))",ASI,MINVOL3M,INDUSTRY,5,0,P2Y,0.08,ON,ON
FullTest_1770,"Rank(Ts_Rank(close, 20))",ASI,MINVOL3M,INDUSTRY,5,0,P2Y,0.08,ON,OFF
FullTest_1771,"Rank(Ts_Rank(close, 20))",ASI,MINVOL3M,INDUSTRY,5,0,P2Y,0.08,OFF,ON
FullTest_1772,"Rank(Ts_Rank(close, 20))",ASI,MINVOL3M,INDUSTRY,5,0,P2Y,0.08,OFF,OFF
FullTest_1773,"Rank(Ts_Rank(close, 20))",ASI,MINVOL3M,INDUSTRY,5,0,P2Y,0.01,ON,ON
FullTest_1774,"Rank(Ts_Rank(close, 20))",ASI,MINVOL3M,INDUSTRY,5,0,P2Y,0.01,ON,OFF
FullTest_1775,"Rank(Ts_Rank(close, 20))",ASI,MINVOL3M,INDUSTRY,5,0,P2Y,0.01,OFF,ON
FullTest_1776,"Rank(Ts_Rank(close, 20))",ASI,MINVOL3M,INDUSTRY,5,0,P2Y,0.01,OFF,OFF
FullTest_1777,"Rank(Ts_Rank(close, 20))",ASI,MINVOL3M,INDUSTRY,5,1,P1Y,0.08,ON,ON
FullTest_1778,"Rank(Ts_Rank(close, 20))",ASI,MINVOL3M,INDUSTRY,5,1,P1Y,0.08,ON,OFF
FullTest_1779,"Rank(Ts_Rank(close, 20))",ASI,MINVOL3M,INDUSTRY,5,1,P1Y,0.08,OFF,ON
FullTest_1780,"Rank(Ts_Rank(close, 20))",ASI,MINVOL3M,INDUSTRY,5,1,P1Y,0.08,OFF,OFF
FullTest_1781,"Rank(Ts_Rank(close, 20))",ASI,MINVOL3M,INDUSTRY,5,1,P1Y,0.01,ON,ON
FullTest_1782,"Rank(Ts_Rank(close, 20))",ASI,MINVOL3M,INDUSTRY,5,1,P1Y,0.01,ON,OFF
FullTest_1783,"Rank(Ts_Rank(close, 20))",ASI,MINVOL3M,INDUSTRY,5,1,P1Y,0.01,OFF,ON
FullTest_1784,"Rank(Ts_Rank(close, 20))",ASI,MINVOL3M,INDUSTRY,5,1,P1Y,0.01,OFF,OFF
FullTest_1785,"Rank(Ts_Rank(close, 20))",ASI,MINVOL3M,INDUSTRY,5,1,P2Y,0.08,ON,ON
FullTest_1786,"Rank(Ts_Rank(close, 20))",ASI,MINVOL3M,INDUSTRY,5,1,P2Y,0.08,ON,OFF
FullTest_1787,"Rank(Ts_Rank(close, 20))",ASI,MINVOL3M,INDUSTRY,5,1,P2Y,0.08,OFF,ON
FullTest_1788,"Rank(Ts_Rank(close, 20))",ASI,MINVOL3M,INDUSTRY,5,1,P2Y,0.08,OFF,OFF
FullTest_1789,"Rank(Ts_Rank(close, 20))",ASI,MINVOL3M,INDUSTRY,5,1,P2Y,0.01,ON,ON
FullTest_1790,"Rank(Ts_Rank(close, 20))",ASI,MINVOL3M,INDUSTRY,5,1,P2Y,0.01,ON,OFF
FullTest_1791,"Rank(Ts_Rank(close, 20))",ASI,MINVOL3M,INDUSTRY,5,1,P2Y,0.01,OFF,ON
FullTest_1792,"Rank(Ts_Rank(close, 20))",ASI,MINVOL3M,INDUSTRY,5,1,P2Y,0.01,OFF,OFF
FullTest_1793,"Rank(Ts_Rank(close, 20))",ASI,MINVOL3M,MARKET,0,0,P1Y,0.08,ON,ON
FullTest_1794,"Rank(Ts_Rank(close, 20))",ASI,MINVOL3M,MARKET,0,0,P1Y,0.08,ON,OFF
FullTest_1795,"Rank(Ts_Rank(close, 20))",ASI,MINVOL3M,MARKET,0,0,P1Y,0.08,OFF,ON
FullTest_1796,"Rank(Ts_Rank(close, 20))",ASI,MINVOL3M,MARKET,0,0,P1Y,0.08,OFF,OFF
FullTest_1797,"Rank(Ts_Rank(close, 20))",ASI,MINVOL3M,MARKET,0,0,P1Y,0.01,ON,ON
FullTest_1798,"Rank(Ts_Rank(close, 20))",ASI,MINVOL3M,MARKET,0,0,P1Y,0.01,ON,OFF
FullTest_1799,"Rank(Ts_Rank(close, 20))",ASI,MINVOL3M,MARKET,0,0,P1Y,0.01,OFF,ON
FullTest_1800,"Rank(Ts_Rank(close, 20))",ASI,MINVOL3M,MARKET,0,0,P1Y,0.01,OFF,OFF
FullTest_1801,"Rank(Ts_Rank(close, 20))",ASI,MINVOL3M,MARKET,0,0,P2Y,0.08,ON,ON
FullTest_1802,"Rank(Ts_Rank(close, 20))",ASI,MINVOL3M,MARKET,0,0,P2Y,0.08,ON,OFF
FullTest_1803,"Rank(Ts_Rank(close, 20))",ASI,MINVOL3M,MARKET,0,0,P2Y,0.08,OFF,ON
FullTest_1804,"Rank(Ts_Rank(close, 20))",ASI,MINVOL3M,MARKET,0,0,P2Y,0.08,OFF,OFF
FullTest_1805,"Rank(Ts_Rank(close, 20))",ASI,MINVOL3M,MARKET,0,0,P2Y,0.01,ON,ON
FullTest_1806,"Rank(Ts_Rank(close, 20))",ASI,MINVOL3M,MARKET,0,0,P2Y,0.01,ON,OFF
FullTest_1807,"Rank(Ts_Rank(close, 20))",ASI,MINVOL3M,MARKET,0,0,P2Y,0.01,OFF,ON
FullTest_1808,"Rank(Ts_Rank(close, 20))",ASI,MINVOL3M,MARKET,0,0,P2Y,0.01,OFF,OFF
FullTest_1809,"Rank(Ts_Rank(close, 20))",ASI,MINVOL3M,MARKET,0,1,P1Y,0.08,ON,ON
FullTest_1810,"Rank(Ts_Rank(close, 20))",ASI,MINVOL3M,MARKET,0,1,P1Y,0.08,ON,OFF
FullTest_1811,"Rank(Ts_Rank(close, 20))",ASI,MINVOL3M,MARKET,0,1,P1Y,0.08,OFF,ON
FullTest_1812,"Rank(Ts_Rank(close, 20))",ASI,MINVOL3M,MARKET,0,1,P1Y,0.08,OFF,OFF
FullTest_1813,"Rank(Ts_Rank(close, 20))",ASI,MINVOL3M,MARKET,0,1,P1Y,0.01,ON,ON
FullTest_1814,"Rank(Ts_Rank(close, 20))",ASI,MINVOL3M,MARKET,0,1,P1Y,0.01,ON,OFF
FullTest_1815,"Rank(Ts_Rank(close, 20))",ASI,MINVOL3M,MARKET,0,1,P1Y,0.01,OFF,ON
FullTest_1816,"Rank(Ts_Rank(close, 20))",ASI,MINVOL3M,MARKET,0,1,P1Y,0.01,OFF,OFF
FullTest_1817,"Rank(Ts_Rank(close, 20))",ASI,MINVOL3M,MARKET,0,1,P2Y,0.08,ON,ON
FullTest_1818,"Rank(Ts_Rank(close, 20))",ASI,MINVOL3M,MARKET,0,1,P2Y,0.08,ON,OFF
FullTest_1819,"Rank(Ts_Rank(close, 20))",ASI,MINVOL3M,MARKET,0,1,P2Y,0.08,OFF,ON
FullTest_1820,"Rank(Ts_Rank(close, 20))",ASI,MINVOL3M,MARKET,0,1,P2Y,0.08,OFF,OFF
FullTest_1821,"Rank(Ts_Rank(close, 20))",ASI,MINVOL3M,MARKET,0,1,P2Y,0.01,ON,ON
FullTest_1822,"Rank(Ts_Rank(close, 20))",ASI,MINVOL3M,MARKET,0,1,P2Y,0.01,ON,OFF
FullTest_1823,"Rank(Ts_Rank(close, 20))",ASI,MINVOL3M,MARKET,0,1,P2Y,0.01,OFF,ON
FullTest_1824,"Rank(Ts_Rank(close, 20))",ASI,MINVOL3M,MARKET,0,1,P2Y,0.01,OFF,OFF
FullTest_1825,"Rank(Ts_Rank(close, 20))",ASI,MINVOL3M,MARKET,5,0,P1Y,0.08,ON,ON
FullTest_1826,"Rank(Ts_Rank(close, 20))",ASI,MINVOL3M,MARKET,5,0,P1Y,0.08,ON,OFF
FullTest_1827,"Rank(Ts_Rank(close, 20))",ASI,MINVOL3M,MARKET,5,0,P1Y,0.08,OFF,ON
FullTest_1828,"Rank(Ts_Rank(close, 20))",ASI,MINVOL3M,MARKET,5,0,P1Y,0.08,OFF,OFF
FullTest_1829,"Rank(Ts_Rank(close, 20))",ASI,MINVOL3M,MARKET,5,0,P1Y,0.01,ON,ON
FullTest_1830,"Rank(Ts_Rank(close, 20))",ASI,MINVOL3M,MARKET,5,0,P1Y,0.01,ON,OFF
FullTest_1831,"Rank(Ts_Rank(close, 20))",ASI,MINVOL3M,MARKET,5,0,P1Y,0.01,OFF,ON
FullTest_1832,"Rank(Ts_Rank(close, 20))",ASI,MINVOL3M,MARKET,5,0,P1Y,0.01,OFF,OFF
FullTest_1833,"Rank(Ts_Rank(close, 20))",ASI,MINVOL3M,MARKET,5,0,P2Y,0.08,ON,ON
FullTest_1834,"Rank(Ts_Rank(close, 20))",ASI,MINVOL3M,MARKET,5,0,P2Y,0.08,ON,OFF
FullTest_1835,"Rank(Ts_Rank(close, 20))",ASI,MINVOL3M,MARKET,5,0,P2Y,0.08,OFF,ON
FullTest_1836,"Rank(Ts_Rank(close, 20))",ASI,MINVOL3M,MARKET,5,0,P2Y,0.08,OFF,OFF
FullTest_1837,"Rank(Ts_Rank(close, 20))",ASI,MINVOL3M,MARKET,5,0,P2Y,0.01,ON,ON
FullTest_1838,"Rank(Ts_Rank(close, 20))",ASI,MINVOL3M,MARKET,5,0,P2Y,0.01,ON,OFF
FullTest_1839,"Rank(Ts_Rank(close, 20))",ASI,MINVOL3M,MARKET,5,0,P2Y,0.01,OFF,ON
FullTest_1840,"Rank(Ts_Rank(close, 20))",ASI,MINVOL3M,MARKET,5,0,P2Y,0.01,OFF,OFF
FullTest_1841,"Rank(Ts_Rank(close, 20))",ASI,MINVOL3M,MARKET,5,1,P1Y,0.08,ON,ON
FullTest_1842,"Rank(Ts_Rank(close, 20))",ASI,MINVOL3M,MARKET,5,1,P1Y,0.08,ON,OFF
FullTest_1843,"Rank(Ts_Rank(close, 20))",ASI,MINVOL3M,MARKET,5,1,P1Y,0.08,OFF,ON
FullTest_1844,"Rank(Ts_Rank(close, 20))",ASI,MINVOL3M,MARKET,5,1,P1Y,0.08,OFF,OFF
FullTest_1845,"Rank(Ts_Rank(close, 20))",ASI,MINVOL3M,MARKET,5,1,P1Y,0.01,ON,ON
FullTest_1846,"Rank(Ts_Rank(close, 20))",ASI,MINVOL3M,MARKET,5,1,P1Y,0.01,ON,OFF
FullTest_1847,"Rank(Ts_Rank(close, 20))",ASI,MINVOL3M,MARKET,5,1,P1Y,0.01,OFF,ON
FullTest_1848,"Rank(Ts_Rank(close, 20))",ASI,MINVOL3M,MARKET,5,1,P1Y,0.01,OFF,OFF
FullTest_1849,"Rank(Ts_Rank(close, 20))",ASI,MINVOL3M,MARKET,5,1,P2Y,0.08,ON,ON
FullTest_1850,"Rank(Ts_Rank(close, 20))",ASI,MINVOL3M,MARKET,5,1,P2Y,0.08,ON,OFF
FullTest_1851,"Rank(Ts_Rank(close, 20))",ASI,MINVOL3M,MARKET,5,1,P2Y,0.08,OFF,ON
FullTest_1852,"Rank(Ts_Rank(close, 20))",ASI,MINVOL3M,MARKET,5,1,P2Y,0.08,OFF,OFF
FullTest_1853,"Rank(Ts_Rank(close, 20))",ASI,MINVOL3M,MARKET,5,1,P2Y,0.01,ON,ON
FullTest_1854,"Rank(Ts_Rank(close, 20))",ASI,MINVOL3M,MARKET,5,1,P2Y,0.01,ON,OFF
FullTest_1855,"Rank(Ts_Rank(close, 20))",ASI,MINVOL3M,MARKET,5,1,P2Y,0.01,OFF,ON
FullTest_1856,"Rank(Ts_Rank(close, 20))",ASI,MINVOL3M,MARKET,5,1,P2Y,0.01,OFF,OFF
FullTest_1857,"Rank(Ts_Rank(close, 20))",ASI,MINVOL3M,NONE,0,0,P1Y,0.08,ON,ON
FullTest_1858,"Rank(Ts_Rank(close, 20))",ASI,MINVOL3M,NONE,0,0,P1Y,0.08,ON,OFF
FullTest_1859,"Rank(Ts_Rank(close, 20))",ASI,MINVOL3M,NONE,0,0,P1Y,0.08,OFF,ON
FullTest_1860,"Rank(Ts_Rank(close, 20))",ASI,MINVOL3M,NONE,0,0,P1Y,0.08,OFF,OFF
FullTest_1861,"Rank(Ts_Rank(close, 20))",ASI,MINVOL3M,NONE,0,0,P1Y,0.01,ON,ON
FullTest_1862,"Rank(Ts_Rank(close, 20))",ASI,MINVOL3M,NONE,0,0,P1Y,0.01,ON,OFF
FullTest_1863,"Rank(Ts_Rank(close, 20))",ASI,MINVOL3M,NONE,0,0,P1Y,0.01,OFF,ON
FullTest_1864,"Rank(Ts_Rank(close, 20))",ASI,MINVOL3M,NONE,0,0,P1Y,0.01,OFF,OFF
FullTest_1865,"Rank(Ts_Rank(close, 20))",ASI,MINVOL3M,NONE,0,0,P2Y,0.08,ON,ON
FullTest_1866,"Rank(Ts_Rank(close, 20))",ASI,MINVOL3M,NONE,0,0,P2Y,0.08,ON,OFF
FullTest_1867,"Rank(Ts_Rank(close, 20))",ASI,MINVOL3M,NONE,0,0,P2Y,0.08,OFF,ON
FullTest_1868,"Rank(Ts_Rank(close, 20))",ASI,MINVOL3M,NONE,0,0,P2Y,0.08,OFF,OFF
FullTest_1869,"Rank(Ts_Rank(close, 20))",ASI,MINVOL3M,NONE,0,0,P2Y,0.01,ON,ON
FullTest_1870,"Rank(Ts_Rank(close, 20))",ASI,MINVOL3M,NONE,0,0,P2Y,0.01,ON,OFF
FullTest_1871,"Rank(Ts_Rank(close, 20))",ASI,MINVOL3M,NONE,0,0,P2Y,0.01,OFF,ON
FullTest_1872,"Rank(Ts_Rank(close, 20))",ASI,MINVOL3M,NONE,0,0,P2Y,0.01,OFF,OFF
FullTest_1873,"Rank(Ts_Rank(close, 20))",ASI,MINVOL3M,NONE,0,1,P1Y,0.08,ON,ON
FullTest_1874,"Rank(Ts_Rank(close, 20))",ASI,MINVOL3M,NONE,0,1,P1Y,0.08,ON,OFF
FullTest_1875,"Rank(Ts_Rank(close, 20))",ASI,MINVOL3M,NONE,0,1,P1Y,0.08,OFF,ON
FullTest_1876,"Rank(Ts_Rank(close, 20))",ASI,MINVOL3M,NONE,0,1,P1Y,0.08,OFF,OFF
FullTest_1877,"Rank(Ts_Rank(close, 20))",ASI,MINVOL3M,NONE,0,1,P1Y,0.01,ON,ON
FullTest_1878,"Rank(Ts_Rank(close, 20))",ASI,MINVOL3M,NONE,0,1,P1Y,0.01,ON,OFF
FullTest_1879,"Rank(Ts_Rank(close, 20))",ASI,MINVOL3M,NONE,0,1,P1Y,0.01,OFF,ON
FullTest_1880,"Rank(Ts_Rank(close, 20))",ASI,MINVOL3M,NONE,0,1,P1Y,0.01,OFF,OFF
FullTest_1881,"Rank(Ts_Rank(close, 20))",ASI,MINVOL3M,NONE,0,1,P2Y,0.08,ON,ON
FullTest_1882,"Rank(Ts_Rank(close, 20))",ASI,MINVOL3M,NONE,0,1,P2Y,0.08,ON,OFF
FullTest_1883,"Rank(Ts_Rank(close, 20))",ASI,MINVOL3M,NONE,0,1,P2Y,0.08,OFF,ON
FullTest_1884,"Rank(Ts_Rank(close, 20))",ASI,MINVOL3M,NONE,0,1,P2Y,0.08,OFF,OFF
FullTest_1885,"Rank(Ts_Rank(close, 20))",ASI,MINVOL3M,NONE,0,1,P2Y,0.01,ON,ON
FullTest_1886,"Rank(Ts_Rank(close, 20))",ASI,MINVOL3M,NONE,0,1,P2Y,0.01,ON,OFF
FullTest_1887,"Rank(Ts_Rank(close, 20))",ASI,MINVOL3M,NONE,0,1,P2Y,0.01,OFF,ON
FullTest_1888,"Rank(Ts_Rank(close, 20))",ASI,MINVOL3M,NONE,0,1,P2Y,0.01,OFF,OFF
FullTest_1889,"Rank(Ts_Rank(close, 20))",ASI,MINVOL3M,NONE,5,0,P1Y,0.08,ON,ON
FullTest_1890,"Rank(Ts_Rank(close, 20))",ASI,MINVOL3M,NONE,5,0,P1Y,0.08,ON,OFF
FullTest_1891,"Rank(Ts_Rank(close, 20))",ASI,MINVOL3M,NONE,5,0,P1Y,0.08,OFF,ON
FullTest_1892,"Rank(Ts_Rank(close, 20))",ASI,MINVOL3M,NONE,5,0,P1Y,0.08,OFF,OFF
FullTest_1893,"Rank(Ts_Rank(close, 20))",ASI,MINVOL3M,NONE,5,0,P1Y,0.01,ON,ON
FullTest_1894,"Rank(Ts_Rank(close, 20))",ASI,MINVOL3M,NONE,5,0,P1Y,0.01,ON,OFF
FullTest_1895,"Rank(Ts_Rank(close, 20))",ASI,MINVOL3M,NONE,5,0,P1Y,0.01,OFF,ON
FullTest_1896,"Rank(Ts_Rank(close, 20))",ASI,MINVOL3M,NONE,5,0,P1Y,0.01,OFF,OFF
FullTest_1897,"Rank(Ts_Rank(close, 20))",ASI,MINVOL3M,NONE,5,0,P2Y,0.08,ON,ON
FullTest_1898,"Rank(Ts_Rank(close, 20))",ASI,MINVOL3M,NONE,5,0,P2Y,0.08,ON,OFF
FullTest_1899,"Rank(Ts_Rank(close, 20))",ASI,MINVOL3M,NONE,5,0,P2Y,0.08,OFF,ON
FullTest_1900,"Rank(Ts_Rank(close, 20))",ASI,MINVOL3M,NONE,5,0,P2Y,0.08,OFF,OFF
FullTest_1901,"Rank(Ts_Rank(close, 20))",ASI,MINVOL3M,NONE,5,0,P2Y,0.01,ON,ON
FullTest_1902,"Rank(Ts_Rank(close, 20))",ASI,MINVOL3M,NONE,5,0,P2Y,0.01,ON,OFF
FullTest_1903,"Rank(Ts_Rank(close, 20))",ASI,MINVOL3M,NONE,5,0,P2Y,0.01,OFF,ON
FullTest_1904,"Rank(Ts_Rank(close, 20))",ASI,MINVOL3M,NONE,5,0,P2Y,0.01,OFF,OFF
FullTest_1905,"Rank(Ts_Rank(close, 20))",ASI,MINVOL3M,NONE,5,1,P1Y,0.08,ON,ON
FullTest_1906,"Rank(Ts_Rank(close, 20))",ASI,MINVOL3M,NONE,5,1,P1Y,0.08,ON,OFF
FullTest_1907,"Rank(Ts_Rank(close, 20))",ASI,MINVOL3M,NONE,5,1,P1Y,0.08,OFF,ON
FullTest_1908,"Rank(Ts_Rank(close, 20))",ASI,MINVOL3M,NONE,5,1,P1Y,0.08,OFF,OFF
FullTest_1909,"Rank(Ts_Rank(close, 20))",ASI,MINVOL3M,NONE,5,1,P1Y,0.01,ON,ON
FullTest_1910,"Rank(Ts_Rank(close, 20))",ASI,MINVOL3M,NONE,5,1,P1Y,0.01,ON,OFF
FullTest_1911,"Rank(Ts_Rank(close, 20))",ASI,MINVOL3M,NONE,5,1,P1Y,0.01,OFF,ON
FullTest_1912,"Rank(Ts_Rank(close, 20))",ASI,MINVOL3M,NONE,5,1,P1Y,0.01,OFF,OFF
FullTest_1913,"Rank(Ts_Rank(close, 20))",ASI,MINVOL3M,NONE,5,1,P2Y,0.08,ON,ON
FullTest_1914,"Rank(Ts_Rank(close, 20))",ASI,MINVOL3M,NONE,5,1,P2Y,0.08,ON,OFF
FullTest_1915,"Rank(Ts_Rank(close, 20))",ASI,MINVOL3M,NONE,5,1,P2Y,0.08,OFF,ON
FullTest_1916,"Rank(Ts_Rank(close, 20))",ASI,MINVOL3M,NONE,5,1,P2Y,0.08,OFF,OFF
FullTest_1917,"Rank(Ts_Rank(close, 20))",ASI,MINVOL3M,NONE,5,1,P2Y,0.01,ON,ON
FullTest_1918,"Rank(Ts_Rank(close, 20))",ASI,MINVOL3M,NONE,5,1,P2Y,0.01,ON,OFF
FullTest_1919,"Rank(Ts_Rank(close, 20))",ASI,MINVOL3M,NONE,5,1,P2Y,0.01,OFF,ON
FullTest_1920,"Rank(Ts_Rank(close, 20))",ASI,MINVOL3M,NONE,5,1,P2Y,0.01,OFF,OFF
FullTest_1921,"Rank(Ts_Rank(close, 20))",EUR,TOP3000,INDUSTRY,0,0,P1Y,0.08,ON,ON
FullTest_1922,"Rank(Ts_Rank(close, 20))",EUR,TOP3000,INDUSTRY,0,0,P1Y,0.08,ON,OFF
FullTest_1923,"Rank(Ts_Rank(close, 20))",EUR,TOP3000,INDUSTRY,0,0,P1Y,0.08,OFF,ON
FullTest_1924,"Rank(Ts_Rank(close, 20))",EUR,TOP3000,INDUSTRY,0,0,P1Y,0.08,OFF,OFF
FullTest_1925,"Rank(Ts_Rank(close, 20))",EUR,TOP3000,INDUSTRY,0,0,P1Y,0.01,ON,ON
FullTest_1926,"Rank(Ts_Rank(close, 20))",EUR,TOP3000,INDUSTRY,0,0,P1Y,0.01,ON,OFF
FullTest_1927,"Rank(Ts_Rank(close, 20))",EUR,TOP3000,INDUSTRY,0,0,P1Y,0.01,OFF,ON
FullTest_1928,"Rank(Ts_Rank(close, 20))",EUR,TOP3000,INDUSTRY,0,0,P1Y,0.01,OFF,OFF
FullTest_1929,"Rank(Ts_Rank(close, 20))",EUR,TOP3000,INDUSTRY,0,0,P2Y,0.08,ON,ON
FullTest_1930,"Rank(Ts_Rank(close, 20))",EUR,TOP3000,INDUSTRY,0,0,P2Y,0.08,ON,OFF
FullTest_1931,"Rank(Ts_Rank(close, 20))",EUR,TOP3000,INDUSTRY,0,0,P2Y,0.08,OFF,ON
FullTest_1932,"Rank(Ts_Rank(close, 20))",EUR,TOP3000,INDUSTRY,0,0,P2Y,0.08,OFF,OFF
FullTest_1933,"Rank(Ts_Rank(close, 20))",EUR,TOP3000,INDUSTRY,0,0,P2Y,0.01,ON,ON
FullTest_1934,"Rank(Ts_Rank(close, 20))",EUR,TOP3000,INDUSTRY,0,0,P2Y,0.01,ON,OFF
FullTest_1935,"Rank(Ts_Rank(close, 20))",EUR,TOP3000,INDUSTRY,0,0,P2Y,0.01,OFF,ON
FullTest_1936,"Rank(Ts_Rank(close, 20))",EUR,TOP3000,INDUSTRY,0,0,P2Y,0.01,OFF,OFF
FullTest_1937,"Rank(Ts_Rank(close, 20))",EUR,TOP3000,INDUSTRY,0,1,P1Y,0.08,ON,ON
FullTest_1938,"Rank(Ts_Rank(close, 20))",EUR,TOP3000,INDUSTRY,0,1,P1Y,0.08,ON,OFF
FullTest_1939,"Rank(Ts_Rank(close, 20))",EUR,TOP3000,INDUSTRY,0,1,P1Y,0.08,OFF,ON
FullTest_1940,"Rank(Ts_Rank(close, 20))",EUR,TOP3000,INDUSTRY,0,1,P1Y,0.08,OFF,OFF
FullTest_1941,"Rank(Ts_Rank(close, 20))",EUR,TOP3000,INDUSTRY,0,1,P1Y,0.01,ON,ON
FullTest_1942,"Rank(Ts_Rank(close, 20))",EUR,TOP3000,INDUSTRY,0,1,P1Y,0.01,ON,OFF
FullTest_1943,"Rank(Ts_Rank(close, 20))",EUR,TOP3000,INDUSTRY,0,1,P1Y,0.01,OFF,ON
FullTest_1944,"Rank(Ts_Rank(close, 20))",EUR,TOP3000,INDUSTRY,0,1,P1Y,0.01,OFF,OFF
FullTest_1945,"Rank(Ts_Rank(close, 20))",EUR,TOP3000,INDUSTRY,0,1,P2Y,0.08,ON,ON
FullTest_1946,"Rank(Ts_Rank(close, 20))",EUR,TOP3000,INDUSTRY,0,1,P2Y,0.08,ON,OFF
FullTest_1947,"Rank(Ts_Rank(close, 20))",EUR,TOP3000,INDUSTRY,0,1,P2Y,0.08,OFF,ON
FullTest_1948,"Rank(Ts_Rank(close, 20))",EUR,TOP3000,INDUSTRY,0,1,P2Y,0.08,OFF,OFF
FullTest_1949,"Rank(Ts_Rank(close, 20))",EUR,TOP3000,INDUSTRY,0,1,P2Y,0.01,ON,ON
FullTest_1950,"Rank(Ts_Rank(close, 20))",EUR,TOP3000,INDUSTRY,0,1,P2Y,0.01,ON,OFF
FullTest_1951,"Rank(Ts_Rank(close, 20))",EUR,TOP3000,INDUSTRY,0,1,P2Y,0.01,OFF,ON
FullTest_1952,"Rank(Ts_Rank(close, 20))",EUR,TOP3000,INDUSTRY,0,1,P2Y,0.01,OFF,OFF
FullTest_1953,"Rank(Ts_Rank(close, 20))",EUR,TOP3000,INDUSTRY,5,0,P1Y,0.08,ON,ON
FullTest_1954,"Rank(Ts_Rank(close, 20))",EUR,TOP3000,INDUSTRY,5,0,P1Y,0.08,ON,OFF
FullTest_1955,"Rank(Ts_Rank(close, 20))",EUR,TOP3000,INDUSTRY,5,0,P1Y,0.08,OFF,ON
FullTest_1956,"Rank(Ts_Rank(close, 20))",EUR,TOP3000,INDUSTRY,5,0,P1Y,0.08,OFF,OFF
FullTest_1957,"Rank(Ts_Rank(close, 20))",EUR,TOP3000,INDUSTRY,5,0,P1Y,0.01,ON,ON
FullTest_1958,"Rank(Ts_Rank(close, 20))",EUR,TOP3000,INDUSTRY,5,0,P1Y,0.01,ON,OFF
FullTest_1959,"Rank(Ts_Rank(close, 20))",EUR,TOP3000,INDUSTRY,5,0,P1Y,0.01,OFF,ON
FullTest_1960,"Rank(Ts_Rank(close, 20))",EUR,TOP3000,INDUSTRY,5,0,P1Y,0.01,OFF,OFF
FullTest_1961,"Rank(Ts_Rank(close, 20))",EUR,TOP3000,INDUSTRY,5,0,P2Y,0.08,ON,ON
FullTest_1962,"Rank(Ts_Rank(close, 20))",EUR,TOP3000,INDUSTRY,5,0,P2Y,0.08,ON,OFF
FullTest_1963,"Rank(Ts_Rank(close, 20))",EUR,TOP3000,INDUSTRY,5,0,P2Y,0.08,OFF,ON
FullTest_1964,"Rank(Ts_Rank(close, 20))",EUR,TOP3000,INDUSTRY,5,0,P2Y,0.08,OFF,OFF
FullTest_1965,"Rank(Ts_Rank(close, 20))",EUR,TOP3000,INDUSTRY,5,0,P2Y,0.01,ON,ON
FullTest_1966,"Rank(Ts_Rank(close, 20))",EUR,TOP3000,INDUSTRY,5,0,P2Y,0.01,ON,OFF
FullTest_1967,"Rank(Ts_Rank(close, 20))",EUR,TOP3000,INDUSTRY,5,0,P2Y,0.01,OFF,ON
FullTest_1968,"Rank(Ts_Rank(close, 20))",EUR,TOP3000,INDUSTRY,5,0,P2Y,0.01,OFF,OFF
FullTest_1969,"Rank(Ts_Rank(close, 20))",EUR,TOP3000,INDUSTRY,5,1,P1Y,0.08,ON,ON
FullTest_1970,"Rank(Ts_Rank(close, 20))",EUR,TOP3000,INDUSTRY,5,1,P1Y,0.08,ON,OFF
FullTest_1971,"Rank(Ts_Rank(close, 20))",EUR,TOP3000,INDUSTRY,5,1,P1Y,0.08,OFF,ON
FullTest_1972,"Rank(Ts_Rank(close, 20))",EUR,TOP3000,INDUSTRY,5,1,P1Y,0.08,OFF,OFF
FullTest_1973,"Rank(Ts_Rank(close, 20))",EUR,TOP3000,INDUSTRY,5,1,P1Y,0.01,ON,ON
FullTest_1974,"Rank(Ts_Rank(close, 20))",EUR,TOP3000,INDUSTRY,5,1,P1Y,0.01,ON,OFF
FullTest_1975,"Rank(Ts_Rank(close, 20))",EUR,TOP3000,INDUSTRY,5,1,P1Y,0.01,OFF,ON
FullTest_1976,"Rank(Ts_Rank(close, 20))",EUR,TOP3000,INDUSTRY,5,1,P1Y,0.01,OFF,OFF
FullTest_1977,"Rank(Ts_Rank(close, 20))",EUR,TOP3000,INDUSTRY,5,1,P2Y,0.08,ON,ON
FullTest_1978,"Rank(Ts_Rank(close, 20))",EUR,TOP3000,INDUSTRY,5,1,P2Y,0.08,ON,OFF
FullTest_1979,"Rank(Ts_Rank(close, 20))",EUR,TOP3000,INDUSTRY,5,1,P2Y,0.08,OFF,ON
FullTest_1980,"Rank(Ts_Rank(close, 20))",EUR,TOP3000,INDUSTRY,5,1,P2Y,0.08,OFF,OFF
FullTest_1981,"Rank(Ts_Rank(close, 20))",EUR,TOP3000,INDUSTRY,5,1,P2Y,0.01,ON,ON
FullTest_1982,"Rank(Ts_Rank(close, 20))",EUR,TOP3000,INDUSTRY,5,1,P2Y,0.01,ON,OFF
FullTest_1983,"Rank(Ts_Rank(close, 20))",EUR,TOP3000,INDUSTRY,5,1,P2Y,0.01,OFF,ON
FullTest_1984,"Rank(Ts_Rank(close, 20))",EUR,TOP3000,INDUSTRY,5,1,P2Y,0.01,OFF,OFF
FullTest_1985,"Rank(Ts_Rank(close, 20))",EUR,TOP3000,MARKET,0,0,P1Y,0.08,ON,ON
FullTest_1986,"Rank(Ts_Rank(close, 20))",EUR,TOP3000,MARKET,0,0,P1Y,0.08,ON,OFF
FullTest_1987,"Rank(Ts_Rank(close, 20))",EUR,TOP3000,MARKET,0,0,P1Y,0.08,OFF,ON
FullTest_1988,"Rank(Ts_Rank(close, 20))",EUR,TOP3000,MARKET,0,0,P1Y,0.08,OFF,OFF
FullTest_1989,"Rank(Ts_Rank(close, 20))",EUR,TOP3000,MARKET,0,0,P1Y,0.01,ON,ON
FullTest_1990,"Rank(Ts_Rank(close, 20))",EUR,TOP3000,MARKET,0,0,P1Y,0.01,ON,OFF
FullTest_1991,"Rank(Ts_Rank(close, 20))",EUR,TOP3000,MARKET,0,0,P1Y,0.01,OFF,ON
FullTest_1992,"Rank(Ts_Rank(close, 20))",EUR,TOP3000,MARKET,0,0,P1Y,0.01,OFF,OFF
FullTest_1993,"Rank(Ts_Rank(close, 20))",EUR,TOP3000,MARKET,0,0,P2Y,0.08,ON,ON
FullTest_1994,"Rank(Ts_Rank(close, 20))",EUR,TOP3000,MARKET,0,0,P2Y,0.08,ON,OFF
FullTest_1995,"Rank(Ts_Rank(close, 20))",EUR,TOP3000,MARKET,0,0,P2Y,0.08,OFF,ON
FullTest_1996,"Rank(Ts_Rank(close, 20))",EUR,TOP3000,MARKET,0,0,P2Y,0.08,OFF,OFF
FullTest_1997,"Rank(Ts_Rank(close, 20))",EUR,TOP3000,MARKET,0,0,P2Y,0.01,ON,ON
FullTest_1998,"Rank(Ts_Rank(close, 20))",EUR,TOP3000,MARKET,0,0,P2Y,0.01,ON,OFF
FullTest_1999,"Rank(Ts_Rank(close, 20))",EUR,TOP3000,MARKET,0,0,P2Y,0.01,OFF,ON
FullTest_2000,"Rank(Ts_Rank(close, 20))",EUR,TOP3000,MARKET,0,0,P2Y,0.01,OFF,OFF
FullTest_2001,"Rank(Ts_Rank(close, 20))",EUR,TOP3000,MARKET,0,1,P1Y,0.08,ON,ON
FullTest_2002,"Rank(Ts_Rank(close, 20))",EUR,TOP3000,MARKET,0,1,P1Y,0.08,ON,OFF
FullTest_2003,"Rank(Ts_Rank(close, 20))",EUR,TOP3000,MARKET,0,1,P1Y,0.08,OFF,ON
FullTest_2004,"Rank(Ts_Rank(close, 20))",EUR,TOP3000,MARKET,0,1,P1Y,0.08,OFF,OFF
FullTest_2005,"Rank(Ts_Rank(close, 20))",EUR,TOP3000,MARKET,0,1,P1Y,0.01,ON,ON
FullTest_2006,"Rank(Ts_Rank(close, 20))",EUR,TOP3000,MARKET,0,1,P1Y,0.01,ON,OFF
FullTest_2007,"Rank(Ts_Rank(close, 20))",EUR,TOP3000,MARKET,0,1,P1Y,0.01,OFF,ON
FullTest_2008,"Rank(Ts_Rank(close, 20))",EUR,TOP3000,MARKET,0,1,P1Y,0.01,OFF,OFF
FullTest_2009,"Rank(Ts_Rank(close, 20))",EUR,TOP3000,MARKET,0,1,P2Y,0.08,ON,ON
FullTest_2010,"Rank(Ts_Rank(close, 20))",EUR,TOP3000,MARKET,0,1,P2Y,0.08,ON,OFF
FullTest_2011,"Rank(Ts_Rank(close, 20))",EUR,TOP3000,MARKET,0,1,P2Y,0.08,OFF,ON
FullTest_2012,"Rank(Ts_Rank(close, 20))",EUR,TOP3000,MARKET,0,1,P2Y,0.08,OFF,OFF
FullTest_2013,"Rank(Ts_Rank(close, 20))",EUR,TOP3000,MARKET,0,1,P2Y,0.01,ON,ON
FullTest_2014,"Rank(Ts_Rank(close, 20))",EUR,TOP3000,MARKET,0,1,P2Y,0.01,ON,OFF
FullTest_2015,"Rank(Ts_Rank(close, 20))",EUR,TOP3000,MARKET,0,1,P2Y,0.01,OFF,ON
FullTest_2016,"Rank(Ts_Rank(close, 20))",EUR,TOP3000,MARKET,0,1,P2Y,0.01,OFF,OFF
FullTest_2017,"Rank(Ts_Rank(close, 20))",EUR,TOP3000,MARKET,5,0,P1Y,0.08,ON,ON
FullTest_2018,"Rank(Ts_Rank(close, 20))",EUR,TOP3000,MARKET,5,0,P1Y,0.08,ON,OFF
FullTest_2019,"Rank(Ts_Rank(close, 20))",EUR,TOP3000,MARKET,5,0,P1Y,0.08,OFF,ON
FullTest_2020,"Rank(Ts_Rank(close, 20))",EUR,TOP3000,MARKET,5,0,P1Y,0.08,OFF,OFF
FullTest_2021,"Rank(Ts_Rank(close, 20))",EUR,TOP3000,MARKET,5,0,P1Y,0.01,ON,ON
FullTest_2022,"Rank(Ts_Rank(close, 20))",EUR,TOP3000,MARKET,5,0,P1Y,0.01,ON,OFF
FullTest_2023,"Rank(Ts_Rank(close, 20))",EUR,TOP3000,MARKET,5,0,P1Y,0.01,OFF,ON
FullTest_2024,"Rank(Ts_Rank(close, 20))",EUR,TOP3000,MARKET,5,0,P1Y,0.01,OFF,OFF
FullTest_2025,"Rank(Ts_Rank(close, 20))",EUR,TOP3000,MARKET,5,0,P2Y,0.08,ON,ON
FullTest_2026,"Rank(Ts_Rank(close, 20))",EUR,TOP3000,MARKET,5,0,P2Y,0.08,ON,OFF
FullTest_2027,"Rank(Ts_Rank(close, 20))",EUR,TOP3000,MARKET,5,0,P2Y,0.08,OFF,ON
FullTest_2028,"Rank(Ts_Rank(close, 20))",EUR,TOP3000,MARKET,5,0,P2Y,0.08,OFF,OFF
FullTest_2029,"Rank(Ts_Rank(close, 20))",EUR,TOP3000,MARKET,5,0,P2Y,0.01,ON,ON
FullTest_2030,"Rank(Ts_Rank(close, 20))",EUR,TOP3000,MARKET,5,0,P2Y,0.01,ON,OFF
FullTest_2031,"Rank(Ts_Rank(close, 20))",EUR,TOP3000,MARKET,5,0,P2Y,0.01,OFF,ON
FullTest_2032,"Rank(Ts_Rank(close, 20))",EUR,TOP3000,MARKET,5,0,P2Y,0.01,OFF,OFF
FullTest_2033,"Rank(Ts_Rank(close, 20))",EUR,TOP3000,MARKET,5,1,P1Y,0.08,ON,ON
FullTest_2034,"Rank(Ts_Rank(close, 20))",EUR,TOP3000,MARKET,5,1,P1Y,0.08,ON,OFF
FullTest_2035,"Rank(Ts_Rank(close, 20))",EUR,TOP3000,MARKET,5,1,P1Y,0.08,OFF,ON
FullTest_2036,"Rank(Ts_Rank(close, 20))",EUR,TOP3000,MARKET,5,1,P1Y,0.08,OFF,OFF
FullTest_2037,"Rank(Ts_Rank(close, 20))",EUR,TOP3000,MARKET,5,1,P1Y,0.01,ON,ON
FullTest_2038,"Rank(Ts_Rank(close, 20))",EUR,TOP3000,MARKET,5,1,P1Y,0.01,ON,OFF
FullTest_2039,"Rank(Ts_Rank(close, 20))",EUR,TOP3000,MARKET,5,1,P1Y,0.01,OFF,ON
FullTest_2040,"Rank(Ts_Rank(close, 20))",EUR,TOP3000,MARKET,5,1,P1Y,0.01,OFF,OFF
FullTest_2041,"Rank(Ts_Rank(close, 20))",EUR,TOP3000,MARKET,5,1,P2Y,0.08,ON,ON
FullTest_2042,"Rank(Ts_Rank(close, 20))",EUR,TOP3000,MARKET,5,1,P2Y,0.08,ON,OFF
FullTest_2043,"Rank(Ts_Rank(close, 20))",EUR,TOP3000,MARKET,5,1,P2Y,0.08,OFF,ON
FullTest_2044,"Rank(Ts_Rank(close, 20))",EUR,TOP3000,MARKET,5,1,P2Y,0.08,OFF,OFF
FullTest_2045,"Rank(Ts_Rank(close, 20))",EUR,TOP3000,MARKET,5,1,P2Y,0.01,ON,ON
FullTest_2046,"Rank(Ts_Rank(close, 20))",EUR,TOP3000,MARKET,5,1,P2Y,0.01,ON,OFF
FullTest_2047,"Rank(Ts_Rank(close, 20))",EUR,TOP3000,MARKET,5,1,P2Y,0.01,OFF,ON
FullTest_2048,"Rank(Ts_Rank(close, 20))",EUR,TOP3000,MARKET,5,1,P2Y,0.01,OFF,OFF
FullTest_2049,"Rank(Ts_Rank(close, 20))",EUR,TOP3000,NONE,0,0,P1Y,0.08,ON,ON
FullTest_2050,"Rank(Ts_Rank(close, 20))",EUR,TOP3000,NONE,0,0,P1Y,0.08,ON,OFF
FullTest_2051,"Rank(Ts_Rank(close, 20))",EUR,TOP3000,NONE,0,0,P1Y,0.08,OFF,ON
FullTest_2052,"Rank(Ts_Rank(close, 20))",EUR,TOP3000,NONE,0,0,P1Y,0.08,OFF,OFF
FullTest_2053,"Rank(Ts_Rank(close, 20))",EUR,TOP3000,NONE,0,0,P1Y,0.01,ON,ON
FullTest_2054,"Rank(Ts_Rank(close, 20))",EUR,TOP3000,NONE,0,0,P1Y,0.01,ON,OFF
FullTest_2055,"Rank(Ts_Rank(close, 20))",EUR,TOP3000,NONE,0,0,P1Y,0.01,OFF,ON
FullTest_2056,"Rank(Ts_Rank(close, 20))",EUR,TOP3000,NONE,0,0,P1Y,0.01,OFF,OFF
FullTest_2057,"Rank(Ts_Rank(close, 20))",EUR,TOP3000,NONE,0,0,P2Y,0.08,ON,ON
FullTest_2058,"Rank(Ts_Rank(close, 20))",EUR,TOP3000,NONE,0,0,P2Y,0.08,ON,OFF
FullTest_2059,"Rank(Ts_Rank(close, 20))",EUR,TOP3000,NONE,0,0,P2Y,0.08,OFF,ON
FullTest_2060,"Rank(Ts_Rank(close, 20))",EUR,TOP3000,NONE,0,0,P2Y,0.08,OFF,OFF
FullTest_2061,"Rank(Ts_Rank(close, 20))",EUR,TOP3000,NONE,0,0,P2Y,0.01,ON,ON
FullTest_2062,"Rank(Ts_Rank(close, 20))",EUR,TOP3000,NONE,0,0,P2Y,0.01,ON,OFF
FullTest_2063,"Rank(Ts_Rank(close, 20))",EUR,TOP3000,NONE,0,0,P2Y,0.01,OFF,ON
FullTest_2064,"Rank(Ts_Rank(close, 20))",EUR,TOP3000,NONE,0,0,P2Y,0.01,OFF,OFF
FullTest_2065,"Rank(Ts_Rank(close, 20))",EUR,TOP3000,NONE,0,1,P1Y,0.08,ON,ON
FullTest_2066,"Rank(Ts_Rank(close, 20))",EUR,TOP3000,NONE,0,1,P1Y,0.08,ON,OFF
FullTest_2067,"Rank(Ts_Rank(close, 20))",EUR,TOP3000,NONE,0,1,P1Y,0.08,OFF,ON
FullTest_2068,"Rank(Ts_Rank(close, 20))",EUR,TOP3000,NONE,0,1,P1Y,0.08,OFF,OFF
FullTest_2069,"Rank(Ts_Rank(close, 20))",EUR,TOP3000,NONE,0,1,P1Y,0.01,ON,ON
FullTest_2070,"Rank(Ts_Rank(close, 20))",EUR,TOP3000,NONE,0,1,P1Y,0.01,ON,OFF
FullTest_2071,"Rank(Ts_Rank(close, 20))",EUR,TOP3000,NONE,0,1,P1Y,0.01,OFF,ON
FullTest_2072,"Rank(Ts_Rank(close, 20))",EUR,TOP3000,NONE,0,1,P1Y,0.01,OFF,OFF
FullTest_2073,"Rank(Ts_Rank(close, 20))",EUR,TOP3000,NONE,0,1,P2Y,0.08,ON,ON
FullTest_2074,"Rank(Ts_Rank(close, 20))",EUR,TOP3000,NONE,0,1,P2Y,0.08,ON,OFF
FullTest_2075,"Rank(Ts_Rank(close, 20))",EUR,TOP3000,NONE,0,1,P2Y,0.08,OFF,ON
FullTest_2076,"Rank(Ts_Rank(close, 20))",EUR,TOP3000,NONE,0,1,P2Y,0.08,OFF,OFF
FullTest_2077,"Rank(Ts_Rank(close, 20))",EUR,TOP3000,NONE,0,1,P2Y,0.01,ON,ON
FullTest_2078,"Rank(Ts_Rank(close, 20))",EUR,TOP3000,NONE,0,1,P2Y,0.01,ON,OFF
FullTest_2079,"Rank(Ts_Rank(close, 20))",EUR,TOP3000,NONE,0,1,P2Y,0.01,OFF,ON
FullTest_2080,"Rank(Ts_Rank(close, 20))",EUR,TOP3000,NONE,0,1,P2Y,0.01,OFF,OFF
FullTest_2081,"Rank(Ts_Rank(close, 20))",EUR,TOP3000,NONE,5,0,P1Y,0.08,ON,ON
FullTest_2082,"Rank(Ts_Rank(close, 20))",EUR,TOP3000,NONE,5,0,P1Y,0.08,ON,OFF
FullTest_2083,"Rank(Ts_Rank(close, 20))",EUR,TOP3000,NONE,5,0,P1Y,0.08,OFF,ON
FullTest_2084,"Rank(Ts_Rank(close, 20))",EUR,TOP3000,NONE,5,0,P1Y,0.08,OFF,OFF
FullTest_2085,"Rank(Ts_Rank(close, 20))",EUR,TOP3000,NONE,5,0,P1Y,0.01,ON,ON
FullTest_2086,"Rank(Ts_Rank(close, 20))",EUR,TOP3000,NONE,5,0,P1Y,0.01,ON,OFF
FullTest_2087,"Rank(Ts_Rank(close, 20))",EUR,TOP3000,NONE,5,0,P1Y,0.01,OFF,ON
FullTest_2088,"Rank(Ts_Rank(close, 20))",EUR,TOP3000,NONE,5,0,P1Y,0.01,OFF,OFF
FullTest_2089,"Rank(Ts_Rank(close, 20))",EUR,TOP3000,NONE,5,0,P2Y,0.08,ON,ON
FullTest_2090,"Rank(Ts_Rank(close, 20))",EUR,TOP3000,NONE,5,0,P2Y,0.08,ON,OFF
FullTest_2091,"Rank(Ts_Rank(close, 20))",EUR,TOP3000,NONE,5,0,P2Y,0.08,OFF,ON
FullTest_2092,"Rank(Ts_Rank(close, 20))",EUR,TOP3000,NONE,5,0,P2Y,0.08,OFF,OFF
FullTest_2093,"Rank(Ts_Rank(close, 20))",EUR,TOP3000,NONE,5,0,P2Y,0.01,ON,ON
FullTest_2094,"Rank(Ts_Rank(close, 20))",EUR,TOP3000,NONE,5,0,P2Y,0.01,ON,OFF
FullTest_2095,"Rank(Ts_Rank(close, 20))",EUR,TOP3000,NONE,5,0,P2Y,0.01,OFF,ON
FullTest_2096,"Rank(Ts_Rank(close, 20))",EUR,TOP3000,NONE,5,0,P2Y,0.01,OFF,OFF
FullTest_2097,"Rank(Ts_Rank(close, 20))",EUR,TOP3000,NONE,5,1,P1Y,0.08,ON,ON
FullTest_2098,"Rank(Ts_Rank(close, 20))",EUR,TOP3000,NONE,5,1,P1Y,0.08,ON,OFF
FullTest_2099,"Rank(Ts_Rank(close, 20))",EUR,TOP3000,NONE,5,1,P1Y,0.08,OFF,ON
FullTest_2100,"Rank(Ts_Rank(close, 20))",EUR,TOP3000,NONE,5,1,P1Y,0.08,OFF,OFF
FullTest_2101,"Rank(Ts_Rank(close, 20))",EUR,TOP3000,NONE,5,1,P1Y,0.01,ON,ON
FullTest_2102,"Rank(Ts_Rank(close, 20))",EUR,TOP3000,NONE,5,1,P1Y,0.01,ON,OFF
FullTest_2103,"Rank(Ts_Rank(close, 20))",EUR,TOP3000,NONE,5,1,P1Y,0.01,OFF,ON
FullTest_2104,"Rank(Ts_Rank(close, 20))",EUR,TOP3000,NONE,5,1,P1Y,0.01,OFF,OFF
FullTest_2105,"Rank(Ts_Rank(close, 20))",EUR,TOP3000,NONE,5,1,P2Y,0.08,ON,ON
FullTest_2106,"Rank(Ts_Rank(close, 20))",EUR,TOP3000,NONE,5,1,P2Y,0.08,ON,OFF
FullTest_2107,"Rank(Ts_Rank(close, 20))",EUR,TOP3000,NONE,5,1,P2Y,0.08,OFF,ON
FullTest_2108,"Rank(Ts_Rank(close, 20))",EUR,TOP3000,NONE,5,1,P2Y,0.08,OFF,OFF
FullTest_2109,"Rank(Ts_Rank(close, 20))",EUR,TOP3000,NONE,5,1,P2Y,0.01,ON,ON
FullTest_2110,"Rank(Ts_Rank(close, 20))",EUR,TOP3000,NONE,5,1,P2Y,0.01,ON,OFF
FullTest_2111,"Rank(Ts_Rank(close, 20))",EUR,TOP3000,NONE,5,1,P2Y,0.01,OFF,ON
FullTest_2112,"Rank(Ts_Rank(close, 20))",EUR,TOP3000,NONE,5,1,P2Y,0.01,OFF,OFF
FullTest_2113,"Rank(Ts_Rank(close, 20))",EUR,MINVOL3M,INDUSTRY,0,0,P1Y,0.08,ON,ON
FullTest_2114,"Rank(Ts_Rank(close, 20))",EUR,MINVOL3M,INDUSTRY,0,0,P1Y,0.08,ON,OFF
FullTest_2115,"Rank(Ts_Rank(close, 20))",EUR,MINVOL3M,INDUSTRY,0,0,P1Y,0.08,OFF,ON
FullTest_2116,"Rank(Ts_Rank(close, 20))",EUR,MINVOL3M,INDUSTRY,0,0,P1Y,0.08,OFF,OFF
FullTest_2117,"Rank(Ts_Rank(close, 20))",EUR,MINVOL3M,INDUSTRY,0,0,P1Y,0.01,ON,ON
FullTest_2118,"Rank(Ts_Rank(close, 20))",EUR,MINVOL3M,INDUSTRY,0,0,P1Y,0.01,ON,OFF
FullTest_2119,"Rank(Ts_Rank(close, 20))",EUR,MINVOL3M,INDUSTRY,0,0,P1Y,0.01,OFF,ON
FullTest_2120,"Rank(Ts_Rank(close, 20))",EUR,MINVOL3M,INDUSTRY,0,0,P1Y,0.01,OFF,OFF
FullTest_2121,"Rank(Ts_Rank(close, 20))",EUR,MINVOL3M,INDUSTRY,0,0,P2Y,0.08,ON,ON
FullTest_2122,"Rank(Ts_Rank(close, 20))",EUR,MINVOL3M,INDUSTRY,0,0,P2Y,0.08,ON,OFF
FullTest_2123,"Rank(Ts_Rank(close, 20))",EUR,MINVOL3M,INDUSTRY,0,0,P2Y,0.08,OFF,ON
FullTest_2124,"Rank(Ts_Rank(close, 20))",EUR,MINVOL3M,INDUSTRY,0,0,P2Y,0.08,OFF,OFF
FullTest_2125,"Rank(Ts_Rank(close, 20))",EUR,MINVOL3M,INDUSTRY,0,0,P2Y,0.01,ON,ON
FullTest_2126,"Rank(Ts_Rank(close, 20))",EUR,MINVOL3M,INDUSTRY,0,0,P2Y,0.01,ON,OFF
FullTest_2127,"Rank(Ts_Rank(close, 20))",EUR,MINVOL3M,INDUSTRY,0,0,P2Y,0.01,OFF,ON
FullTest_2128,"Rank(Ts_Rank(close, 20))",EUR,MINVOL3M,INDUSTRY,0,0,P2Y,0.01,OFF,OFF
FullTest_2129,"Rank(Ts_Rank(close, 20))",EUR,MINVOL3M,INDUSTRY,0,1,P1Y,0.08,ON,ON
FullTest_2130,"Rank(Ts_Rank(close, 20))",EUR,MINVOL3M,INDUSTRY,0,1,P1Y,0.08,ON,OFF
FullTest_2131,"Rank(Ts_Rank(close, 20))",EUR,MINVOL3M,INDUSTRY,0,1,P1Y,0.08,OFF,ON
FullTest_2132,"Rank(Ts_Rank(close, 20))",EUR,MINVOL3M,INDUSTRY,0,1,P1Y,0.08,OFF,OFF
FullTest_2133,"Rank(Ts_Rank(close, 20))",EUR,MINVOL3M,INDUSTRY,0,1,P1Y,0.01,ON,ON
FullTest_2134,"Rank(Ts_Rank(close, 20))",EUR,MINVOL3M,INDUSTRY,0,1,P1Y,0.01,ON,OFF
FullTest_2135,"Rank(Ts_Rank(close, 20))",EUR,MINVOL3M,INDUSTRY,0,1,P1Y,0.01,OFF,ON
FullTest_2136,"Rank(Ts_Rank(close, 20))",EUR,MINVOL3M,INDUSTRY,0,1,P1Y,0.01,OFF,OFF
FullTest_2137,"Rank(Ts_Rank(close, 20))",EUR,MINVOL3M,INDUSTRY,0,1,P2Y,0.08,ON,ON
FullTest_2138,"Rank(Ts_Rank(close, 20))",EUR,MINVOL3M,INDUSTRY,0,1,P2Y,0.08,ON,OFF
FullTest_2139,"Rank(Ts_Rank(close, 20))",EUR,MINVOL3M,INDUSTRY,0,1,P2Y,0.08,OFF,ON
FullTest_2140,"Rank(Ts_Rank(close, 20))",EUR,MINVOL3M,INDUSTRY,0,1,P2Y,0.08,OFF,OFF
FullTest_2141,"Rank(Ts_Rank(close, 20))",EUR,MINVOL3M,INDUSTRY,0,1,P2Y,0.01,ON,ON
FullTest_2142,"Rank(Ts_Rank(close, 20))",EUR,MINVOL3M,INDUSTRY,0,1,P2Y,0.01,ON,OFF
FullTest_2143,"Rank(Ts_Rank(close, 20))",EUR,MINVOL3M,INDUSTRY,0,1,P2Y,0.01,OFF,ON
FullTest_2144,"Rank(Ts_Rank(close, 20))",EUR,MINVOL3M,INDUSTRY,0,1,P2Y,0.01,OFF,OFF
FullTest_2145,"Rank(Ts_Rank(close, 20))",EUR,MINVOL3M,INDUSTRY,5,0,P1Y,0.08,ON,ON
FullTest_2146,"Rank(Ts_Rank(close, 20))",EUR,MINVOL3M,INDUSTRY,5,0,P1Y,0.08,ON,OFF
FullTest_2147,"Rank(Ts_Rank(close, 20))",EUR,MINVOL3M,INDUSTRY,5,0,P1Y,0.08,OFF,ON
FullTest_2148,"Rank(Ts_Rank(close, 20))",EUR,MINVOL3M,INDUSTRY,5,0,P1Y,0.08,OFF,OFF
FullTest_2149,"Rank(Ts_Rank(close, 20))",EUR,MINVOL3M,INDUSTRY,5,0,P1Y,0.01,ON,ON
FullTest_2150,"Rank(Ts_Rank(close, 20))",EUR,MINVOL3M,INDUSTRY,5,0,P1Y,0.01,ON,OFF
FullTest_2151,"Rank(Ts_Rank(close, 20))",EUR,MINVOL3M,INDUSTRY,5,0,P1Y,0.01,OFF,ON
FullTest_2152,"Rank(Ts_Rank(close, 20))",EUR,MINVOL3M,INDUSTRY,5,0,P1Y,0.01,OFF,OFF
FullTest_2153,"Rank(Ts_Rank(close, 20))",EUR,MINVOL3M,INDUSTRY,5,0,P2Y,0.08,ON,ON
FullTest_2154,"Rank(Ts_Rank(close, 20))",EUR,MINVOL3M,INDUSTRY,5,0,P2Y,0.08,ON,OFF
FullTest_2155,"Rank(Ts_Rank(close, 20))",EUR,MINVOL3M,INDUSTRY,5,0,P2Y,0.08,OFF,ON
FullTest_2156,"Rank(Ts_Rank(close, 20))",EUR,MINVOL3M,INDUSTRY,5,0,P2Y,0.08,OFF,OFF
FullTest_2157,"Rank(Ts_Rank(close, 20))",EUR,MINVOL3M,INDUSTRY,5,0,P2Y,0.01,ON,ON
FullTest_2158,"Rank(Ts_Rank(close, 20))",EUR,MINVOL3M,INDUSTRY,5,0,P2Y,0.01,ON,OFF
FullTest_2159,"Rank(Ts_Rank(close, 20))",EUR,MINVOL3M,INDUSTRY,5,0,P2Y,0.01,OFF,ON
FullTest_2160,"Rank(Ts_Rank(close, 20))",EUR,MINVOL3M,INDUSTRY,5,0,P2Y,0.01,OFF,OFF
FullTest_2161,"Rank(Ts_Rank(close, 20))",EUR,MINVOL3M,INDUSTRY,5,1,P1Y,0.08,ON,ON
FullTest_2162,"Rank(Ts_Rank(close, 20))",EUR,MINVOL3M,INDUSTRY,5,1,P1Y,0.08,ON,OFF
FullTest_2163,"Rank(Ts_Rank(close, 20))",EUR,MINVOL3M,INDUSTRY,5,1,P1Y,0.08,OFF,ON
FullTest_2164,"Rank(Ts_Rank(close, 20))",EUR,MINVOL3M,INDUSTRY,5,1,P1Y,0.08,OFF,OFF
FullTest_2165,"Rank(Ts_Rank(close, 20))",EUR,MINVOL3M,INDUSTRY,5,1,P1Y,0.01,ON,ON
FullTest_2166,"Rank(Ts_Rank(close, 20))",EUR,MINVOL3M,INDUSTRY,5,1,P1Y,0.01,ON,OFF
FullTest_2167,"Rank(Ts_Rank(close, 20))",EUR,MINVOL3M,INDUSTRY,5,1,P1Y,0.01,OFF,ON
FullTest_2168,"Rank(Ts_Rank(close, 20))",EUR,MINVOL3M,INDUSTRY,5,1,P1Y,0.01,OFF,OFF
FullTest_2169,"Rank(Ts_Rank(close, 20))",EUR,MINVOL3M,INDUSTRY,5,1,P2Y,0.08,ON,ON
FullTest_2170,"Rank(Ts_Rank(close, 20))",EUR,MINVOL3M,INDUSTRY,5,1,P2Y,0.08,ON,OFF
FullTest_2171,"Rank(Ts_Rank(close, 20))",EUR,MINVOL3M,INDUSTRY,5,1,P2Y,0.08,OFF,ON
FullTest_2172,"Rank(Ts_Rank(close, 20))",EUR,MINVOL3M,INDUSTRY,5,1,P2Y,0.08,OFF,OFF
FullTest_2173,"Rank(Ts_Rank(close, 20))",EUR,MINVOL3M,INDUSTRY,5,1,P2Y,0.01,ON,ON
FullTest_2174,"Rank(Ts_Rank(close, 20))",EUR,MINVOL3M,INDUSTRY,5,1,P2Y,0.01,ON,OFF
FullTest_2175,"Rank(Ts_Rank(close, 20))",EUR,MINVOL3M,INDUSTRY,5,1,P2Y,0.01,OFF,ON
FullTest_2176,"Rank(Ts_Rank(close, 20))",EUR,MINVOL3M,INDUSTRY,5,1,P2Y,0.01,OFF,OFF
FullTest_2177,"Rank(Ts_Rank(close, 20))",EUR,MINVOL3M,MARKET,0,0,P1Y,0.08,ON,ON
FullTest_2178,"Rank(Ts_Rank(close, 20))",EUR,MINVOL3M,MARKET,0,0,P1Y,0.08,ON,OFF
FullTest_2179,"Rank(Ts_Rank(close, 20))",EUR,MINVOL3M,MARKET,0,0,P1Y,0.08,OFF,ON
FullTest_2180,"Rank(Ts_Rank(close, 20))",EUR,MINVOL3M,MARKET,0,0,P1Y,0.08,OFF,OFF
FullTest_2181,"Rank(Ts_Rank(close, 20))",EUR,MINVOL3M,MARKET,0,0,P1Y,0.01,ON,ON
FullTest_2182,"Rank(Ts_Rank(close, 20))",EUR,MINVOL3M,MARKET,0,0,P1Y,0.01,ON,OFF
FullTest_2183,"Rank(Ts_Rank(close, 20))",EUR,MINVOL3M,MARKET,0,0,P1Y,0.01,OFF,ON
FullTest_2184,"Rank(Ts_Rank(close, 20))",EUR,MINVOL3M,MARKET,0,0,P1Y,0.01,OFF,OFF
FullTest_2185,"Rank(Ts_Rank(close, 20))",EUR,MINVOL3M,MARKET,0,0,P2Y,0.08,ON,ON
FullTest_2186,"Rank(Ts_Rank(close, 20))",EUR,MINVOL3M,MARKET,0,0,P2Y,0.08,ON,OFF
FullTest_2187,"Rank(Ts_Rank(close, 20))",EUR,MINVOL3M,MARKET,0,0,P2Y,0.08,OFF,ON
FullTest_2188,"Rank(Ts_Rank(close, 20))",EUR,MINVOL3M,MARKET,0,0,P2Y,0.08,OFF,OFF
FullTest_2189,"Rank(Ts_Rank(close, 20))",EUR,MINVOL3M,MARKET,0,0,P2Y,0.01,ON,ON
FullTest_2190,"Rank(Ts_Rank(close, 20))",EUR,MINVOL3M,MARKET,0,0,P2Y,0.01,ON,OFF
FullTest_2191,"Rank(Ts_Rank(close, 20))",EUR,MINVOL3M,MARKET,0,0,P2Y,0.01,OFF,ON
FullTest_2192,"Rank(Ts_Rank(close, 20))",EUR,MINVOL3M,MARKET,0,0,P2Y,0.01,OFF,OFF
FullTest_2193,"Rank(Ts_Rank(close, 20))",EUR,MINVOL3M,MARKET,0,1,P1Y,0.08,ON,ON
FullTest_2194,"Rank(Ts_Rank(close, 20))",EUR,MINVOL3M,MARKET,0,1,P1Y,0.08,ON,OFF
FullTest_2195,"Rank(Ts_Rank(close, 20))",EUR,MINVOL3M,MARKET,0,1,P1Y,0.08,OFF,ON
FullTest_2196,"Rank(Ts_Rank(close, 20))",EUR,MINVOL3M,MARKET,0,1,P1Y,0.08,OFF,OFF
FullTest_2197,"Rank(Ts_Rank(close, 20))",EUR,MINVOL3M,MARKET,0,1,P1Y,0.01,ON,ON
FullTest_2198,"Rank(Ts_Rank(close, 20))",EUR,MINVOL3M,MARKET,0,1,P1Y,0.01,ON,OFF
FullTest_2199,"Rank(Ts_Rank(close, 20))",EUR,MINVOL3M,MARKET,0,1,P1Y,0.01,OFF,ON
FullTest_2200,"Rank(Ts_Rank(close, 20))",EUR,MINVOL3M,MARKET,0,1,P1Y,0.01,OFF,OFF
FullTest_2201,"Rank(Ts_Rank(close, 20))",EUR,MINVOL3M,MARKET,0,1,P2Y,0.08,ON,ON
FullTest_2202,"Rank(Ts_Rank(close, 20))",EUR,MINVOL3M,MARKET,0,1,P2Y,0.08,ON,OFF
FullTest_2203,"Rank(Ts_Rank(close, 20))",EUR,MINVOL3M,MARKET,0,1,P2Y,0.08,OFF,ON
FullTest_2204,"Rank(Ts_Rank(close, 20))",EUR,MINVOL3M,MARKET,0,1,P2Y,0.08,OFF,OFF
FullTest_2205,"Rank(Ts_Rank(close, 20))",EUR,MINVOL3M,MARKET,0,1,P2Y,0.01,ON,ON
FullTest_2206,"Rank(Ts_Rank(close, 20))",EUR,MINVOL3M,MARKET,0,1,P2Y,0.01,ON,OFF
FullTest_2207,"Rank(Ts_Rank(close, 20))",EUR,MINVOL3M,MARKET,0,1,P2Y,0.01,OFF,ON
FullTest_2208,"Rank(Ts_Rank(close, 20))",EUR,MINVOL3M,MARKET,0,1,P2Y,0.01,OFF,OFF
FullTest_2209,"Rank(Ts_Rank(close, 20))",EUR,MINVOL3M,MARKET,5,0,P1Y,0.08,ON,ON
FullTest_2210,"Rank(Ts_Rank(close, 20))",EUR,MINVOL3M,MARKET,5,0,P1Y,0.08,ON,OFF
FullTest_2211,"Rank(Ts_Rank(close, 20))",EUR,MINVOL3M,MARKET,5,0,P1Y,0.08,OFF,ON
FullTest_2212,"Rank(Ts_Rank(close, 20))",EUR,MINVOL3M,MARKET,5,0,P1Y,0.08,OFF,OFF
FullTest_2213,"Rank(Ts_Rank(close, 20))",EUR,MINVOL3M,MARKET,5,0,P1Y,0.01,ON,ON
FullTest_2214,"Rank(Ts_Rank(close, 20))",EUR,MINVOL3M,MARKET,5,0,P1Y,0.01,ON,OFF
FullTest_2215,"Rank(Ts_Rank(close, 20))",EUR,MINVOL3M,MARKET,5,0,P1Y,0.01,OFF,ON
FullTest_2216,"Rank(Ts_Rank(close, 20))",EUR,MINVOL3M,MARKET,5,0,P1Y,0.01,OFF,OFF
FullTest_2217,"Rank(Ts_Rank(close, 20))",EUR,MINVOL3M,MARKET,5,0,P2Y,0.08,ON,ON
FullTest_2218,"Rank(Ts_Rank(close, 20))",EUR,MINVOL3M,MARKET,5,0,P2Y,0.08,ON,OFF
FullTest_2219,"Rank(Ts_Rank(close, 20))",EUR,MINVOL3M,MARKET,5,0,P2Y,0.08,OFF,ON
FullTest_2220,"Rank(Ts_Rank(close, 20))",EUR,MINVOL3M,MARKET,5,0,P2Y,0.08,OFF,OFF
FullTest_2221,"Rank(Ts_Rank(close, 20))",EUR,MINVOL3M,MARKET,5,0,P2Y,0.01,ON,ON
FullTest_2222,"Rank(Ts_Rank(close, 20))",EUR,MINVOL3M,MARKET,5,0,P2Y,0.01,ON,OFF
FullTest_2223,"Rank(Ts_Rank(close, 20))",EUR,MINVOL3M,MARKET,5,0,P2Y,0.01,OFF,ON
FullTest_2224,"Rank(Ts_Rank(close, 20))",EUR,MINVOL3M,MARKET,5,0,P2Y,0.01,OFF,OFF
FullTest_2225,"Rank(Ts_Rank(close, 20))",EUR,MINVOL3M,MARKET,5,1,P1Y,0.08,ON,ON
FullTest_2226,"Rank(Ts_Rank(close, 20))",EUR,MINVOL3M,MARKET,5,1,P1Y,0.08,ON,OFF
FullTest_2227,"Rank(Ts_Rank(close, 20))",EUR,MINVOL3M,MARKET,5,1,P1Y,0.08,OFF,ON
FullTest_2228,"Rank(Ts_Rank(close, 20))",EUR,MINVOL3M,MARKET,5,1,P1Y,0.08,OFF,OFF
FullTest_2229,"Rank(Ts_Rank(close, 20))",EUR,MINVOL3M,MARKET,5,1,P1Y,0.01,ON,ON
FullTest_2230,"Rank(Ts_Rank(close, 20))",EUR,MINVOL3M,MARKET,5,1,P1Y,0.01,ON,OFF
FullTest_2231,"Rank(Ts_Rank(close, 20))",EUR,MINVOL3M,MARKET,5,1,P1Y,0.01,OFF,ON
FullTest_2232,"Rank(Ts_Rank(close, 20))",EUR,MINVOL3M,MARKET,5,1,P1Y,0.01,OFF,OFF
FullTest_2233,"Rank(Ts_Rank(close, 20))",EUR,MINVOL3M,MARKET,5,1,P2Y,0.08,ON,ON
FullTest_2234,"Rank(Ts_Rank(close, 20))",EUR,MINVOL3M,MARKET,5,1,P2Y,0.08,ON,OFF
FullTest_2235,"Rank(Ts_Rank(close, 20))",EUR,MINVOL3M,MARKET,5,1,P2Y,0.08,OFF,ON
FullTest_2236,"Rank(Ts_Rank(close, 20))",EUR,MINVOL3M,MARKET,5,1,P2Y,0.08,OFF,OFF
FullTest_2237,"Rank(Ts_Rank(close, 20))",EUR,MINVOL3M,MARKET,5,1,P2Y,0.01,ON,ON
FullTest_2238,"Rank(Ts_Rank(close, 20))",EUR,MINVOL3M,MARKET,5,1,P2Y,0.01,ON,OFF
FullTest_2239,"Rank(Ts_Rank(close, 20))",EUR,MINVOL3M,MARKET,5,1,P2Y,0.01,OFF,ON
FullTest_2240,"Rank(Ts_Rank(close, 20))",EUR,MINVOL3M,MARKET,5,1,P2Y,0.01,OFF,OFF
FullTest_2241,"Rank(Ts_Rank(close, 20))",EUR,MINVOL3M,NONE,0,0,P1Y,0.08,ON,ON
FullTest_2242,"Rank(Ts_Rank(close, 20))",EUR,MINVOL3M,NONE,0,0,P1Y,0.08,ON,OFF
FullTest_2243,"Rank(Ts_Rank(close, 20))",EUR,MINVOL3M,NONE,0,0,P1Y,0.08,OFF,ON
FullTest_2244,"Rank(Ts_Rank(close, 20))",EUR,MINVOL3M,NONE,0,0,P1Y,0.08,OFF,OFF
FullTest_2245,"Rank(Ts_Rank(close, 20))",EUR,MINVOL3M,NONE,0,0,P1Y,0.01,ON,ON
FullTest_2246,"Rank(Ts_Rank(close, 20))",EUR,MINVOL3M,NONE,0,0,P1Y,0.01,ON,OFF
FullTest_2247,"Rank(Ts_Rank(close, 20))",EUR,MINVOL3M,NONE,0,0,P1Y,0.01,OFF,ON
FullTest_2248,"Rank(Ts_Rank(close, 20))",EUR,MINVOL3M,NONE,0,0,P1Y,0.01,OFF,OFF
FullTest_2249,"Rank(Ts_Rank(close, 20))",EUR,MINVOL3M,NONE,0,0,P2Y,0.08,ON,ON
FullTest_2250,"Rank(Ts_Rank(close, 20))",EUR,MINVOL3M,NONE,0,0,P2Y,0.08,ON,OFF
FullTest_2251,"Rank(Ts_Rank(close, 20))",EUR,MINVOL3M,NONE,0,0,P2Y,0.08,OFF,ON
FullTest_2252,"Rank(Ts_Rank(close, 20))",EUR,MINVOL3M,NONE,0,0,P2Y,0.08,OFF,OFF
FullTest_2253,"Rank(Ts_Rank(close, 20))",EUR,MINVOL3M,NONE,0,0,P2Y,0.01,ON,ON
FullTest_2254,"Rank(Ts_Rank(close, 20))",EUR,MINVOL3M,NONE,0,0,P2Y,0.01,ON,OFF
FullTest_2255,"Rank(Ts_Rank(close, 20))",EUR,MINVOL3M,NONE,0,0,P2Y,0.01,OFF,ON
FullTest_2256,"Rank(Ts_Rank(close, 20))",EUR,MINVOL3M,NONE,0,0,P2Y,0.01,OFF,OFF
FullTest_2257,"Rank(Ts_Rank(close, 20))",EUR,MINVOL3M,NONE,0,1,P1Y,0.08,ON,ON
FullTest_2258,"Rank(Ts_Rank(close, 20))",EUR,MINVOL3M,NONE,0,1,P1Y,0.08,ON,OFF
FullTest_2259,"Rank(Ts_Rank(close, 20))",EUR,MINVOL3M,NONE,0,1,P1Y,0.08,OFF,ON
FullTest_2260,"Rank(Ts_Rank(close, 20))",EUR,MINVOL3M,NONE,0,1,P1Y,0.08,OFF,OFF
FullTest_2261,"Rank(Ts_Rank(close, 20))",EUR,MINVOL3M,NONE,0,1,P1Y,0.01,ON,ON
FullTest_2262,"Rank(Ts_Rank(close, 20))",EUR,MINVOL3M,NONE,0,1,P1Y,0.01,ON,OFF
FullTest_2263,"Rank(Ts_Rank(close, 20))",EUR,MINVOL3M,NONE,0,1,P1Y,0.01,OFF,ON
FullTest_2264,"Rank(Ts_Rank(close, 20))",EUR,MINVOL3M,NONE,0,1,P1Y,0.01,OFF,OFF
FullTest_2265,"Rank(Ts_Rank(close, 20))",EUR,MINVOL3M,NONE,0,1,P2Y,0.08,ON,ON
FullTest_2266,"Rank(Ts_Rank(close, 20))",EUR,MINVOL3M,NONE,0,1,P2Y,0.08,ON,OFF
FullTest_2267,"Rank(Ts_Rank(close, 20))",EUR,MINVOL3M,NONE,0,1,P2Y,0.08,OFF,ON
FullTest_2268,"Rank(Ts_Rank(close, 20))",EUR,MINVOL3M,NONE,0,1,P2Y,0.08,OFF,OFF
FullTest_2269,"Rank(Ts_Rank(close, 20))",EUR,MINVOL3M,NONE,0,1,P2Y,0.01,ON,ON
FullTest_2270,"Rank(Ts_Rank(close, 20))",EUR,MINVOL3M,NONE,0,1,P2Y,0.01,ON,OFF
FullTest_2271,"Rank(Ts_Rank(close, 20))",EUR,MINVOL3M,NONE,0,1,P2Y,0.01,OFF,ON
FullTest_2272,"Rank(Ts_Rank(close, 20))",EUR,MINVOL3M,NONE,0,1,P2Y,0.01,OFF,OFF
FullTest_2273,"Rank(Ts_Rank(close, 20))",EUR,MINVOL3M,NONE,5,0,P1Y,0.08,ON,ON
FullTest_2274,"Rank(Ts_Rank(close, 20))",EUR,MINVOL3M,NONE,5,0,P1Y,0.08,ON,OFF
FullTest_2275,"Rank(Ts_Rank(close, 20))",EUR,MINVOL3M,NONE,5,0,P1Y,0.08,OFF,ON
FullTest_2276,"Rank(Ts_Rank(close, 20))",EUR,MINVOL3M,NONE,5,0,P1Y,0.08,OFF,OFF
FullTest_2277,"Rank(Ts_Rank(close, 20))",EUR,MINVOL3M,NONE,5,0,P1Y,0.01,ON,ON
FullTest_2278,"Rank(Ts_Rank(close, 20))",EUR,MINVOL3M,NONE,5,0,P1Y,0.01,ON,OFF
FullTest_2279,"Rank(Ts_Rank(close, 20))",EUR,MINVOL3M,NONE,5,0,P1Y,0.01,OFF,ON
FullTest_2280,"Rank(Ts_Rank(close, 20))",EUR,MINVOL3M,NONE,5,0,P1Y,0.01,OFF,OFF
FullTest_2281,"Rank(Ts_Rank(close, 20))",EUR,MINVOL3M,NONE,5,0,P2Y,0.08,ON,ON
FullTest_2282,"Rank(Ts_Rank(close, 20))",EUR,MINVOL3M,NONE,5,0,P2Y,0.08,ON,OFF
FullTest_2283,"Rank(Ts_Rank(close, 20))",EUR,MINVOL3M,NONE,5,0,P2Y,0.08,OFF,ON
FullTest_2284,"Rank(Ts_Rank(close, 20))",EUR,MINVOL3M,NONE,5,0,P2Y,0.08,OFF,OFF
FullTest_2285,"Rank(Ts_Rank(close, 20))",EUR,MINVOL3M,NONE,5,0,P2Y,0.01,ON,ON
FullTest_2286,"Rank(Ts_Rank(close, 20))",EUR,MINVOL3M,NONE,5,0,P2Y,0.01,ON,OFF
FullTest_2287,"Rank(Ts_Rank(close, 20))",EUR,MINVOL3M,NONE,5,0,P2Y,0.01,OFF,ON
FullTest_2288,"Rank(Ts_Rank(close, 20))",EUR,MINVOL3M,NONE,5,0,P2Y,0.01,OFF,OFF
FullTest_2289,"Rank(Ts_Rank(close, 20))",EUR,MINVOL3M,NONE,5,1,P1Y,0.08,ON,ON
FullTest_2290,"Rank(Ts_Rank(close, 20))",EUR,MINVOL3M,NONE,5,1,P1Y,0.08,ON,OFF
FullTest_2291,"Rank(Ts_Rank(close, 20))",EUR,MINVOL3M,NONE,5,1,P1Y,0.08,OFF,ON
FullTest_2292,"Rank(Ts_Rank(close, 20))",EUR,MINVOL3M,NONE,5,1,P1Y,0.08,OFF,OFF
FullTest_2293,"Rank(Ts_Rank(close, 20))",EUR,MINVOL3M,NONE,5,1,P1Y,0.01,ON,ON
FullTest_2294,"Rank(Ts_Rank(close, 20))",EUR,MINVOL3M,NONE,5,1,P1Y,0.01,ON,OFF
FullTest_2295,"Rank(Ts_Rank(close, 20))",EUR,MINVOL3M,NONE,5,1,P1Y,0.01,OFF,ON
FullTest_2296,"Rank(Ts_Rank(close, 20))",EUR,MINVOL3M,NONE,5,1,P1Y,0.01,OFF,OFF
FullTest_2297,"Rank(Ts_Rank(close, 20))",EUR,MINVOL3M,NONE,5,1,P2Y,0.08,ON,ON
FullTest_2298,"Rank(Ts_Rank(close, 20))",EUR,MINVOL3M,NONE,5,1,P2Y,0.08,ON,OFF
FullTest_2299,"Rank(Ts_Rank(close, 20))",EUR,MINVOL3M,NONE,5,1,P2Y,0.08,OFF,ON
FullTest_2300,"Rank(Ts_Rank(close, 20))",EUR,MINVOL3M,NONE,5,1,P2Y,0.08,OFF,OFF
FullTest_2301,"Rank(Ts_Rank(close, 20))",EUR,MINVOL3M,NONE,5,1,P2Y,0.01,ON,ON
FullTest_2302,"Rank(Ts_Rank(close, 20))",EUR,MINVOL3M,NONE,5,1,P2Y,0.01,ON,OFF
FullTest_2303,"Rank(Ts_Rank(close, 20))",EUR,MINVOL3M,NONE,5,1,P2Y,0.01,OFF,ON
FullTest_2304,"Rank(Ts_Rank(close, 20))",EUR,MINVOL3M,NONE,5,1,P2Y,0.01,OFF,OFF
FullTest_2305,"Rank(Ts_Rank(open, 10))",USA,TOP3000,INDUSTRY,0,0,P1Y,0.08,ON,ON
FullTest_2306,"Rank(Ts_Rank(open, 10))",USA,TOP3000,INDUSTRY,0,0,P1Y,0.08,ON,OFF
FullTest_2307,"Rank(Ts_Rank(open, 10))",USA,TOP3000,INDUSTRY,0,0,P1Y,0.08,OFF,ON
FullTest_2308,"Rank(Ts_Rank(open, 10))",USA,TOP3000,INDUSTRY,0,0,P1Y,0.08,OFF,OFF
FullTest_2309,"Rank(Ts_Rank(open, 10))",USA,TOP3000,INDUSTRY,0,0,P1Y,0.01,ON,ON
FullTest_2310,"Rank(Ts_Rank(open, 10))",USA,TOP3000,INDUSTRY,0,0,P1Y,0.01,ON,OFF
FullTest_2311,"Rank(Ts_Rank(open, 10))",USA,TOP3000,INDUSTRY,0,0,P1Y,0.01,OFF,ON
FullTest_2312,"Rank(Ts_Rank(open, 10))",USA,TOP3000,INDUSTRY,0,0,P1Y,0.01,OFF,OFF
FullTest_2313,"Rank(Ts_Rank(open, 10))",USA,TOP3000,INDUSTRY,0,0,P2Y,0.08,ON,ON
FullTest_2314,"Rank(Ts_Rank(open, 10))",USA,TOP3000,INDUSTRY,0,0,P2Y,0.08,ON,OFF
FullTest_2315,"Rank(Ts_Rank(open, 10))",USA,TOP3000,INDUSTRY,0,0,P2Y,0.08,OFF,ON
FullTest_2316,"Rank(Ts_Rank(open, 10))",USA,TOP3000,INDUSTRY,0,0,P2Y,0.08,OFF,OFF
FullTest_2317,"Rank(Ts_Rank(open, 10))",USA,TOP3000,INDUSTRY,0,0,P2Y,0.01,ON,ON
FullTest_2318,"Rank(Ts_Rank(open, 10))",USA,TOP3000,INDUSTRY,0,0,P2Y,0.01,ON,OFF
FullTest_2319,"Rank(Ts_Rank(open, 10))",USA,TOP3000,INDUSTRY,0,0,P2Y,0.01,OFF,ON
FullTest_2320,"Rank(Ts_Rank(open, 10))",USA,TOP3000,INDUSTRY,0,0,P2Y,0.01,OFF,OFF
FullTest_2321,"Rank(Ts_Rank(open, 10))",USA,TOP3000,INDUSTRY,0,1,P1Y,0.08,ON,ON
FullTest_2322,"Rank(Ts_Rank(open, 10))",USA,TOP3000,INDUSTRY,0,1,P1Y,0.08,ON,OFF
FullTest_2323,"Rank(Ts_Rank(open, 10))",USA,TOP3000,INDUSTRY,0,1,P1Y,0.08,OFF,ON
FullTest_2324,"Rank(Ts_Rank(open, 10))",USA,TOP3000,INDUSTRY,0,1,P1Y,0.08,OFF,OFF
FullTest_2325,"Rank(Ts_Rank(open, 10))",USA,TOP3000,INDUSTRY,0,1,P1Y,0.01,ON,ON
FullTest_2326,"Rank(Ts_Rank(open, 10))",USA,TOP3000,INDUSTRY,0,1,P1Y,0.01,ON,OFF
FullTest_2327,"Rank(Ts_Rank(open, 10))",USA,TOP3000,INDUSTRY,0,1,P1Y,0.01,OFF,ON
FullTest_2328,"Rank(Ts_Rank(open, 10))",USA,TOP3000,INDUSTRY,0,1,P1Y,0.01,OFF,OFF
FullTest_2329,"Rank(Ts_Rank(open, 10))",USA,TOP3000,INDUSTRY,0,1,P2Y,0.08,ON,ON
FullTest_2330,"Rank(Ts_Rank(open, 10))",USA,TOP3000,INDUSTRY,0,1,P2Y,0.08,ON,OFF
FullTest_2331,"Rank(Ts_Rank(open, 10))",USA,TOP3000,INDUSTRY,0,1,P2Y,0.08,OFF,ON
FullTest_2332,"Rank(Ts_Rank(open, 10))",USA,TOP3000,INDUSTRY,0,1,P2Y,0.08,OFF,OFF
FullTest_2333,"Rank(Ts_Rank(open, 10))",USA,TOP3000,INDUSTRY,0,1,P2Y,0.01,ON,ON
FullTest_2334,"Rank(Ts_Rank(open, 10))",USA,TOP3000,INDUSTRY,0,1,P2Y,0.01,ON,OFF
FullTest_2335,"Rank(Ts_Rank(open, 10))",USA,TOP3000,INDUSTRY,0,1,P2Y,0.01,OFF,ON
FullTest_2336,"Rank(Ts_Rank(open, 10))",USA,TOP3000,INDUSTRY,0,1,P2Y,0.01,OFF,OFF
FullTest_2337,"Rank(Ts_Rank(open, 10))",USA,TOP3000,INDUSTRY,5,0,P1Y,0.08,ON,ON
FullTest_2338,"Rank(Ts_Rank(open, 10))",USA,TOP3000,INDUSTRY,5,0,P1Y,0.08,ON,OFF
FullTest_2339,"Rank(Ts_Rank(open, 10))",USA,TOP3000,INDUSTRY,5,0,P1Y,0.08,OFF,ON
FullTest_2340,"Rank(Ts_Rank(open, 10))",USA,TOP3000,INDUSTRY,5,0,P1Y,0.08,OFF,OFF
FullTest_2341,"Rank(Ts_Rank(open, 10))",USA,TOP3000,INDUSTRY,5,0,P1Y,0.01,ON,ON
FullTest_2342,"Rank(Ts_Rank(open, 10))",USA,TOP3000,INDUSTRY,5,0,P1Y,0.01,ON,OFF
FullTest_2343,"Rank(Ts_Rank(open, 10))",USA,TOP3000,INDUSTRY,5,0,P1Y,0.01,OFF,ON
FullTest_2344,"Rank(Ts_Rank(open, 10))",USA,TOP3000,INDUSTRY,5,0,P1Y,0.01,OFF,OFF
FullTest_2345,"Rank(Ts_Rank(open, 10))",USA,TOP3000,INDUSTRY,5,0,P2Y,0.08,ON,ON
FullTest_2346,"Rank(Ts_Rank(open, 10))",USA,TOP3000,INDUSTRY,5,0,P2Y,0.08,ON,OFF
FullTest_2347,"Rank(Ts_Rank(open, 10))",USA,TOP3000,INDUSTRY,5,0,P2Y,0.08,OFF,ON
FullTest_2348,"Rank(Ts_Rank(open, 10))",USA,TOP3000,INDUSTRY,5,0,P2Y,0.08,OFF,OFF
FullTest_2349,"Rank(Ts_Rank(open, 10))",USA,TOP3000,INDUSTRY,5,0,P2Y,0.01,ON,ON
FullTest_2350,"Rank(Ts_Rank(open, 10))",USA,TOP3000,INDUSTRY,5,0,P2Y,0.01,ON,OFF
FullTest_2351,"Rank(Ts_Rank(open, 10))",USA,TOP3000,INDUSTRY,5,0,P2Y,0.01,OFF,ON
FullTest_2352,"Rank(Ts_Rank(open, 10))",USA,TOP3000,INDUSTRY,5,0,P2Y,0.01,OFF,OFF
FullTest_2353,"Rank(Ts_Rank(open, 10))",USA,TOP3000,INDUSTRY,5,1,P1Y,0.08,ON,ON
FullTest_2354,"Rank(Ts_Rank(open, 10))",USA,TOP3000,INDUSTRY,5,1,P1Y,0.08,ON,OFF
FullTest_2355,"Rank(Ts_Rank(open, 10))",USA,TOP3000,INDUSTRY,5,1,P1Y,0.08,OFF,ON
FullTest_2356,"Rank(Ts_Rank(open, 10))",USA,TOP3000,INDUSTRY,5,1,P1Y,0.08,OFF,OFF
FullTest_2357,"Rank(Ts_Rank(open, 10))",USA,TOP3000,INDUSTRY,5,1,P1Y,0.01,ON,ON
FullTest_2358,"Rank(Ts_Rank(open, 10))",USA,TOP3000,INDUSTRY,5,1,P1Y,0.01,ON,OFF
FullTest_2359,"Rank(Ts_Rank(open, 10))",USA,TOP3000,INDUSTRY,5,1,P1Y,0.01,OFF,ON
FullTest_2360,"Rank(Ts_Rank(open, 10))",USA,TOP3000,INDUSTRY,5,1,P1Y,0.01,OFF,OFF
FullTest_2361,"Rank(Ts_Rank(open, 10))",USA,TOP3000,INDUSTRY,5,1,P2Y,0.08,ON,ON
FullTest_2362,"Rank(Ts_Rank(open, 10))",USA,TOP3000,INDUSTRY,5,1,P2Y,0.08,ON,OFF
FullTest_2363,"Rank(Ts_Rank(open, 10))",USA,TOP3000,INDUSTRY,5,1,P2Y,0.08,OFF,ON
FullTest_2364,"Rank(Ts_Rank(open, 10))",USA,TOP3000,INDUSTRY,5,1,P2Y,0.08,OFF,OFF
FullTest_2365,"Rank(Ts_Rank(open, 10))",USA,TOP3000,INDUSTRY,5,1,P2Y,0.01,ON,ON
FullTest_2366,"Rank(Ts_Rank(open, 10))",USA,TOP3000,INDUSTRY,5,1,P2Y,0.01,ON,OFF
FullTest_2367,"Rank(Ts_Rank(open, 10))",USA,TOP3000,INDUSTRY,5,1,P2Y,0.01,OFF,ON
FullTest_2368,"Rank(Ts_Rank(open, 10))",USA,TOP3000,INDUSTRY,5,1,P2Y,0.01,OFF,OFF
FullTest_2369,"Rank(Ts_Rank(open, 10))",USA,TOP3000,MARKET,0,0,P1Y,0.08,ON,ON
FullTest_2370,"Rank(Ts_Rank(open, 10))",USA,TOP3000,MARKET,0,0,P1Y,0.08,ON,OFF
FullTest_2371,"Rank(Ts_Rank(open, 10))",USA,TOP3000,MARKET,0,0,P1Y,0.08,OFF,ON
FullTest_2372,"Rank(Ts_Rank(open, 10))",USA,TOP3000,MARKET,0,0,P1Y,0.08,OFF,OFF
FullTest_2373,"Rank(Ts_Rank(open, 10))",USA,TOP3000,MARKET,0,0,P1Y,0.01,ON,ON
FullTest_2374,"Rank(Ts_Rank(open, 10))",USA,TOP3000,MARKET,0,0,P1Y,0.01,ON,OFF
FullTest_2375,"Rank(Ts_Rank(open, 10))",USA,TOP3000,MARKET,0,0,P1Y,0.01,OFF,ON
FullTest_2376,"Rank(Ts_Rank(open, 10))",USA,TOP3000,MARKET,0,0,P1Y,0.01,OFF,OFF
FullTest_2377,"Rank(Ts_Rank(open, 10))",USA,TOP3000,MARKET,0,0,P2Y,0.08,ON,ON
FullTest_2378,"Rank(Ts_Rank(open, 10))",USA,TOP3000,MARKET,0,0,P2Y,0.08,ON,OFF
FullTest_2379,"Rank(Ts_Rank(open, 10))",USA,TOP3000,MARKET,0,0,P2Y,0.08,OFF,ON
FullTest_2380,"Rank(Ts_Rank(open, 10))",USA,TOP3000,MARKET,0,0,P2Y,0.08,OFF,OFF
FullTest_2381,"Rank(Ts_Rank(open, 10))",USA,TOP3000,MARKET,0,0,P2Y,0.01,ON,ON
FullTest_2382,"Rank(Ts_Rank(open, 10))",USA,TOP3000,MARKET,0,0,P2Y,0.01,ON,OFF
FullTest_2383,"Rank(Ts_Rank(open, 10))",USA,TOP3000,MARKET,0,0,P2Y,0.01,OFF,ON
FullTest_2384,"Rank(Ts_Rank(open, 10))",USA,TOP3000,MARKET,0,0,P2Y,0.01,OFF,OFF
FullTest_2385,"Rank(Ts_Rank(open, 10))",USA,TOP3000,MARKET,0,1,P1Y,0.08,ON,ON
FullTest_2386,"Rank(Ts_Rank(open, 10))",USA,TOP3000,MARKET,0,1,P1Y,0.08,ON,OFF
FullTest_2387,"Rank(Ts_Rank(open, 10))",USA,TOP3000,MARKET,0,1,P1Y,0.08,OFF,ON
FullTest_2388,"Rank(Ts_Rank(open, 10))",USA,TOP3000,MARKET,0,1,P1Y,0.08,OFF,OFF
FullTest_2389,"Rank(Ts_Rank(open, 10))",USA,TOP3000,MARKET,0,1,P1Y,0.01,ON,ON
FullTest_2390,"Rank(Ts_Rank(open, 10))",USA,TOP3000,MARKET,0,1,P1Y,0.01,ON,OFF
FullTest_2391,"Rank(Ts_Rank(open, 10))",USA,TOP3000,MARKET,0,1,P1Y,0.01,OFF,ON
FullTest_2392,"Rank(Ts_Rank(open, 10))",USA,TOP3000,MARKET,0,1,P1Y,0.01,OFF,OFF
FullTest_2393,"Rank(Ts_Rank(open, 10))",USA,TOP3000,MARKET,0,1,P2Y,0.08,ON,ON
FullTest_2394,"Rank(Ts_Rank(open, 10))",USA,TOP3000,MARKET,0,1,P2Y,0.08,ON,OFF
FullTest_2395,"Rank(Ts_Rank(open, 10))",USA,TOP3000,MARKET,0,1,P2Y,0.08,OFF,ON
FullTest_2396,"Rank(Ts_Rank(open, 10))",USA,TOP3000,MARKET,0,1,P2Y,0.08,OFF,OFF
FullTest_2397,"Rank(Ts_Rank(open, 10))",USA,TOP3000,MARKET,0,1,P2Y,0.01,ON,ON
FullTest_2398,"Rank(Ts_Rank(open, 10))",USA,TOP3000,MARKET,0,1,P2Y,0.01,ON,OFF
FullTest_2399,"Rank(Ts_Rank(open, 10))",USA,TOP3000,MARKET,0,1,P2Y,0.01,OFF,ON
FullTest_2400,"Rank(Ts_Rank(open, 10))",USA,TOP3000,MARKET,0,1,P2Y,0.01,OFF,OFF
FullTest_2401,"Rank(Ts_Rank(open, 10))",USA,TOP3000,MARKET,5,0,P1Y,0.08,ON,ON
FullTest_2402,"Rank(Ts_Rank(open, 10))",USA,TOP3000,MARKET,5,0,P1Y,0.08,ON,OFF
FullTest_2403,"Rank(Ts_Rank(open, 10))",USA,TOP3000,MARKET,5,0,P1Y,0.08,OFF,ON
FullTest_2404,"Rank(Ts_Rank(open, 10))",USA,TOP3000,MARKET,5,0,P1Y,0.08,OFF,OFF
FullTest_2405,"Rank(Ts_Rank(open, 10))",USA,TOP3000,MARKET,5,0,P1Y,0.01,ON,ON
FullTest_2406,"Rank(Ts_Rank(open, 10))",USA,TOP3000,MARKET,5,0,P1Y,0.01,ON,OFF
FullTest_2407,"Rank(Ts_Rank(open, 10))",USA,TOP3000,MARKET,5,0,P1Y,0.01,OFF,ON
FullTest_2408,"Rank(Ts_Rank(open, 10))",USA,TOP3000,MARKET,5,0,P1Y,0.01,OFF,OFF
FullTest_2409,"Rank(Ts_Rank(open, 10))",USA,TOP3000,MARKET,5,0,P2Y,0.08,ON,ON
FullTest_2410,"Rank(Ts_Rank(open, 10))",USA,TOP3000,MARKET,5,0,P2Y,0.08,ON,OFF
FullTest_2411,"Rank(Ts_Rank(open, 10))",USA,TOP3000,MARKET,5,0,P2Y,0.08,OFF,ON
FullTest_2412,"Rank(Ts_Rank(open, 10))",USA,TOP3000,MARKET,5,0,P2Y,0.08,OFF,OFF
FullTest_2413,"Rank(Ts_Rank(open, 10))",USA,TOP3000,MARKET,5,0,P2Y,0.01,ON,ON
FullTest_2414,"Rank(Ts_Rank(open, 10))",USA,TOP3000,MARKET,5,0,P2Y,0.01,ON,OFF
FullTest_2415,"Rank(Ts_Rank(open, 10))",USA,TOP3000,MARKET,5,0,P2Y,0.01,OFF,ON
FullTest_2416,"Rank(Ts_Rank(open, 10))",USA,TOP3000,MARKET,5,0,P2Y,0.01,OFF,OFF
FullTest_2417,"Rank(Ts_Rank(open, 10))",USA,TOP3000,MARKET,5,1,P1Y,0.08,ON,ON
FullTest_2418,"Rank(Ts_Rank(open, 10))",USA,TOP3000,MARKET,5,1,P1Y,0.08,ON,OFF
FullTest_2419,"Rank(Ts_Rank(open, 10))",USA,TOP3000,MARKET,5,1,P1Y,0.08,OFF,ON
FullTest_2420,"Rank(Ts_Rank(open, 10))",USA,TOP3000,MARKET,5,1,P1Y,0.08,OFF,OFF
FullTest_2421,"Rank(Ts_Rank(open, 10))",USA,TOP3000,MARKET,5,1,P1Y,0.01,ON,ON
FullTest_2422,"Rank(Ts_Rank(open, 10))",USA,TOP3000,MARKET,5,1,P1Y,0.01,ON,OFF
FullTest_2423,"Rank(Ts_Rank(open, 10))",USA,TOP3000,MARKET,5,1,P1Y,0.01,OFF,ON
FullTest_2424,"Rank(Ts_Rank(open, 10))",USA,TOP3000,MARKET,5,1,P1Y,0.01,OFF,OFF
FullTest_2425,"Rank(Ts_Rank(open, 10))",USA,TOP3000,MARKET,5,1,P2Y,0.08,ON,ON
FullTest_2426,"Rank(Ts_Rank(open, 10))",USA,TOP3000,MARKET,5,1,P2Y,0.08,ON,OFF
FullTest_2427,"Rank(Ts_Rank(open, 10))",USA,TOP3000,MARKET,5,1,P2Y,0.08,OFF,ON
FullTest_2428,"Rank(Ts_Rank(open, 10))",USA,TOP3000,MARKET,5,1,P2Y,0.08,OFF,OFF
FullTest_2429,"Rank(Ts_Rank(open, 10))",USA,TOP3000,MARKET,5,1,P2Y,0.01,ON,ON
FullTest_2430,"Rank(Ts_Rank(open, 10))",USA,TOP3000,MARKET,5,1,P2Y,0.01,ON,OFF
FullTest_2431,"Rank(Ts_Rank(open, 10))",USA,TOP3000,MARKET,5,1,P2Y,0.01,OFF,ON
FullTest_2432,"Rank(Ts_Rank(open, 10))",USA,TOP3000,MARKET,5,1,P2Y,0.01,OFF,OFF
FullTest_2433,"Rank(Ts_Rank(open, 10))",USA,TOP3000,NONE,0,0,P1Y,0.08,ON,ON
FullTest_2434,"Rank(Ts_Rank(open, 10))",USA,TOP3000,NONE,0,0,P1Y,0.08,ON,OFF
FullTest_2435,"Rank(Ts_Rank(open, 10))",USA,TOP3000,NONE,0,0,P1Y,0.08,OFF,ON
FullTest_2436,"Rank(Ts_Rank(open, 10))",USA,TOP3000,NONE,0,0,P1Y,0.08,OFF,OFF
FullTest_2437,"Rank(Ts_Rank(open, 10))",USA,TOP3000,NONE,0,0,P1Y,0.01,ON,ON
FullTest_2438,"Rank(Ts_Rank(open, 10))",USA,TOP3000,NONE,0,0,P1Y,0.01,ON,OFF
FullTest_2439,"Rank(Ts_Rank(open, 10))",USA,TOP3000,NONE,0,0,P1Y,0.01,OFF,ON
FullTest_2440,"Rank(Ts_Rank(open, 10))",USA,TOP3000,NONE,0,0,P1Y,0.01,OFF,OFF
FullTest_2441,"Rank(Ts_Rank(open, 10))",USA,TOP3000,NONE,0,0,P2Y,0.08,ON,ON
FullTest_2442,"Rank(Ts_Rank(open, 10))",USA,TOP3000,NONE,0,0,P2Y,0.08,ON,OFF
FullTest_2443,"Rank(Ts_Rank(open, 10))",USA,TOP3000,NONE,0,0,P2Y,0.08,OFF,ON
FullTest_2444,"Rank(Ts_Rank(open, 10))",USA,TOP3000,NONE,0,0,P2Y,0.08,OFF,OFF
FullTest_2445,"Rank(Ts_Rank(open, 10))",USA,TOP3000,NONE,0,0,P2Y,0.01,ON,ON
FullTest_2446,"Rank(Ts_Rank(open, 10))",USA,TOP3000,NONE,0,0,P2Y,0.01,ON,OFF
FullTest_2447,"Rank(Ts_Rank(open, 10))",USA,TOP3000,NONE,0,0,P2Y,0.01,OFF,ON
FullTest_2448,"Rank(Ts_Rank(open, 10))",USA,TOP3000,NONE,0,0,P2Y,0.01,OFF,OFF
FullTest_2449,"Rank(Ts_Rank(open, 10))",USA,TOP3000,NONE,0,1,P1Y,0.08,ON,ON
FullTest_2450,"Rank(Ts_Rank(open, 10))",USA,TOP3000,NONE,0,1,P1Y,0.08,ON,OFF
FullTest_2451,"Rank(Ts_Rank(open, 10))",USA,TOP3000,NONE,0,1,P1Y,0.08,OFF,ON
FullTest_2452,"Rank(Ts_Rank(open, 10))",USA,TOP3000,NONE,0,1,P1Y,0.08,OFF,OFF
FullTest_2453,"Rank(Ts_Rank(open, 10))",USA,TOP3000,NONE,0,1,P1Y,0.01,ON,ON
FullTest_2454,"Rank(Ts_Rank(open, 10))",USA,TOP3000,NONE,0,1,P1Y,0.01,ON,OFF
FullTest_2455,"Rank(Ts_Rank(open, 10))",USA,TOP3000,NONE,0,1,P1Y,0.01,OFF,ON
FullTest_2456,"Rank(Ts_Rank(open, 10))",USA,TOP3000,NONE,0,1,P1Y,0.01,OFF,OFF
FullTest_2457,"Rank(Ts_Rank(open, 10))",USA,TOP3000,NONE,0,1,P2Y,0.08,ON,ON
FullTest_2458,"Rank(Ts_Rank(open, 10))",USA,TOP3000,NONE,0,1,P2Y,0.08,ON,OFF
FullTest_2459,"Rank(Ts_Rank(open, 10))",USA,TOP3000,NONE,0,1,P2Y,0.08,OFF,ON
FullTest_2460,"Rank(Ts_Rank(open, 10))",USA,TOP3000,NONE,0,1,P2Y,0.08,OFF,OFF
FullTest_2461,"Rank(Ts_Rank(open, 10))",USA,TOP3000,NONE,0,1,P2Y,0.01,ON,ON
FullTest_2462,"Rank(Ts_Rank(open, 10))",USA,TOP3000,NONE,0,1,P2Y,0.01,ON,OFF
FullTest_2463,"Rank(Ts_Rank(open, 10))",USA,TOP3000,NONE,0,1,P2Y,0.01,OFF,ON
FullTest_2464,"Rank(Ts_Rank(open, 10))",USA,TOP3000,NONE,0,1,P2Y,0.01,OFF,OFF
FullTest_2465,"Rank(Ts_Rank(open, 10))",USA,TOP3000,NONE,5,0,P1Y,0.08,ON,ON
FullTest_2466,"Rank(Ts_Rank(open, 10))",USA,TOP3000,NONE,5,0,P1Y,0.08,ON,OFF
FullTest_2467,"Rank(Ts_Rank(open, 10))",USA,TOP3000,NONE,5,0,P1Y,0.08,OFF,ON
FullTest_2468,"Rank(Ts_Rank(open, 10))",USA,TOP3000,NONE,5,0,P1Y,0.08,OFF,OFF
FullTest_2469,"Rank(Ts_Rank(open, 10))",USA,TOP3000,NONE,5,0,P1Y,0.01,ON,ON
FullTest_2470,"Rank(Ts_Rank(open, 10))",USA,TOP3000,NONE,5,0,P1Y,0.01,ON,OFF
FullTest_2471,"Rank(Ts_Rank(open, 10))",USA,TOP3000,NONE,5,0,P1Y,0.01,OFF,ON
FullTest_2472,"Rank(Ts_Rank(open, 10))",USA,TOP3000,NONE,5,0,P1Y,0.01,OFF,OFF
FullTest_2473,"Rank(Ts_Rank(open, 10))",USA,TOP3000,NONE,5,0,P2Y,0.08,ON,ON
FullTest_2474,"Rank(Ts_Rank(open, 10))",USA,TOP3000,NONE,5,0,P2Y,0.08,ON,OFF
FullTest_2475,"Rank(Ts_Rank(open, 10))",USA,TOP3000,NONE,5,0,P2Y,0.08,OFF,ON
FullTest_2476,"Rank(Ts_Rank(open, 10))",USA,TOP3000,NONE,5,0,P2Y,0.08,OFF,OFF
FullTest_2477,"Rank(Ts_Rank(open, 10))",USA,TOP3000,NONE,5,0,P2Y,0.01,ON,ON
FullTest_2478,"Rank(Ts_Rank(open, 10))",USA,TOP3000,NONE,5,0,P2Y,0.01,ON,OFF
FullTest_2479,"Rank(Ts_Rank(open, 10))",USA,TOP3000,NONE,5,0,P2Y,0.01,OFF,ON
FullTest_2480,"Rank(Ts_Rank(open, 10))",USA,TOP3000,NONE,5,0,P2Y,0.01,OFF,OFF
FullTest_2481,"Rank(Ts_Rank(open, 10))",USA,TOP3000,NONE,5,1,P1Y,0.08,ON,ON
FullTest_2482,"Rank(Ts_Rank(open, 10))",USA,TOP3000,NONE,5,1,P1Y,0.08,ON,OFF
FullTest_2483,"Rank(Ts_Rank(open, 10))",USA,TOP3000,NONE,5,1,P1Y,0.08,OFF,ON
FullTest_2484,"Rank(Ts_Rank(open, 10))",USA,TOP3000,NONE,5,1,P1Y,0.08,OFF,OFF
FullTest_2485,"Rank(Ts_Rank(open, 10))",USA,TOP3000,NONE,5,1,P1Y,0.01,ON,ON
FullTest_2486,"Rank(Ts_Rank(open, 10))",USA,TOP3000,NONE,5,1,P1Y,0.01,ON,OFF
FullTest_2487,"Rank(Ts_Rank(open, 10))",USA,TOP3000,NONE,5,1,P1Y,0.01,OFF,ON
FullTest_2488,"Rank(Ts_Rank(open, 10))",USA,TOP3000,NONE,5,1,P1Y,0.01,OFF,OFF
FullTest_2489,"Rank(Ts_Rank(open, 10))",USA,TOP3000,NONE,5,1,P2Y,0.08,ON,ON
FullTest_2490,"Rank(Ts_Rank(open, 10))",USA,TOP3000,NONE,5,1,P2Y,0.08,ON,OFF
FullTest_2491,"Rank(Ts_Rank(open, 10))",USA,TOP3000,NONE,5,1,P2Y,0.08,OFF,ON
FullTest_2492,"Rank(Ts_Rank(open, 10))",USA,TOP3000,NONE,5,1,P2Y,0.08,OFF,OFF
FullTest_2493,"Rank(Ts_Rank(open, 10))",USA,TOP3000,NONE,5,1,P2Y,0.01,ON,ON
FullTest_2494,"Rank(Ts_Rank(open, 10))",USA,TOP3000,NONE,5,1,P2Y,0.01,ON,OFF
FullTest_2495,"Rank(Ts_Rank(open, 10))",USA,TOP3000,NONE,5,1,P2Y,0.01,OFF,ON
FullTest_2496,"Rank(Ts_Rank(open, 10))",USA,TOP3000,NONE,5,1,P2Y,0.01,OFF,OFF
FullTest_2497,"Rank(Ts_Rank(open, 10))",USA,MINVOL3M,INDUSTRY,0,0,P1Y,0.08,ON,ON
FullTest_2498,"Rank(Ts_Rank(open, 10))",USA,MINVOL3M,INDUSTRY,0,0,P1Y,0.08,ON,OFF
FullTest_2499,"Rank(Ts_Rank(open, 10))",USA,MINVOL3M,INDUSTRY,0,0,P1Y,0.08,OFF,ON
FullTest_2500,"Rank(Ts_Rank(open, 10))",USA,MINVOL3M,INDUSTRY,0,0,P1Y,0.08,OFF,OFF
FullTest_2501,"Rank(Ts_Rank(open, 10))",USA,MINVOL3M,INDUSTRY,0,0,P1Y,0.01,ON,ON
FullTest_2502,"Rank(Ts_Rank(open, 10))",USA,MINVOL3M,INDUSTRY,0,0,P1Y,0.01,ON,OFF
FullTest_2503,"Rank(Ts_Rank(open, 10))",USA,MINVOL3M,INDUSTRY,0,0,P1Y,0.01,OFF,ON
FullTest_2504,"Rank(Ts_Rank(open, 10))",USA,MINVOL3M,INDUSTRY,0,0,P1Y,0.01,OFF,OFF
FullTest_2505,"Rank(Ts_Rank(open, 10))",USA,MINVOL3M,INDUSTRY,0,0,P2Y,0.08,ON,ON
FullTest_2506,"Rank(Ts_Rank(open, 10))",USA,MINVOL3M,INDUSTRY,0,0,P2Y,0.08,ON,OFF
FullTest_2507,"Rank(Ts_Rank(open, 10))",USA,MINVOL3M,INDUSTRY,0,0,P2Y,0.08,OFF,ON
FullTest_2508,"Rank(Ts_Rank(open, 10))",USA,MINVOL3M,INDUSTRY,0,0,P2Y,0.08,OFF,OFF
FullTest_2509,"Rank(Ts_Rank(open, 10))",USA,MINVOL3M,INDUSTRY,0,0,P2Y,0.01,ON,ON
FullTest_2510,"Rank(Ts_Rank(open, 10))",USA,MINVOL3M,INDUSTRY,0,0,P2Y,0.01,ON,OFF
FullTest_2511,"Rank(Ts_Rank(open, 10))",USA,MINVOL3M,INDUSTRY,0,0,P2Y,0.01,OFF,ON
FullTest_2512,"Rank(Ts_Rank(open, 10))",USA,MINVOL3M,INDUSTRY,0,0,P2Y,0.01,OFF,OFF
FullTest_2513,"Rank(Ts_Rank(open, 10))",USA,MINVOL3M,INDUSTRY,0,1,P1Y,0.08,ON,ON
FullTest_2514,"Rank(Ts_Rank(open, 10))",USA,MINVOL3M,INDUSTRY,0,1,P1Y,0.08,ON,OFF
FullTest_2515,"Rank(Ts_Rank(open, 10))",USA,MINVOL3M,INDUSTRY,0,1,P1Y,0.08,OFF,ON
FullTest_2516,"Rank(Ts_Rank(open, 10))",USA,MINVOL3M,INDUSTRY,0,1,P1Y,0.08,OFF,OFF
FullTest_2517,"Rank(Ts_Rank(open, 10))",USA,MINVOL3M,INDUSTRY,0,1,P1Y,0.01,ON,ON
FullTest_2518,"Rank(Ts_Rank(open, 10))",USA,MINVOL3M,INDUSTRY,0,1,P1Y,0.01,ON,OFF
FullTest_2519,"Rank(Ts_Rank(open, 10))",USA,MINVOL3M,INDUSTRY,0,1,P1Y,0.01,OFF,ON
FullTest_2520,"Rank(Ts_Rank(open, 10))",USA,MINVOL3M,INDUSTRY,0,1,P1Y,0.01,OFF,OFF
FullTest_2521,"Rank(Ts_Rank(open, 10))",USA,MINVOL3M,INDUSTRY,0,1,P2Y,0.08,ON,ON
FullTest_2522,"Rank(Ts_Rank(open, 10))",USA,MINVOL3M,INDUSTRY,0,1,P2Y,0.08,ON,OFF
FullTest_2523,"Rank(Ts_Rank(open, 10))",USA,MINVOL3M,INDUSTRY,0,1,P2Y,0.08,OFF,ON
FullTest_2524,"Rank(Ts_Rank(open, 10))",USA,MINVOL3M,INDUSTRY,0,1,P2Y,0.08,OFF,OFF
FullTest_2525,"Rank(Ts_Rank(open, 10))",USA,MINVOL3M,INDUSTRY,0,1,P2Y,0.01,ON,ON
FullTest_2526,"Rank(Ts_Rank(open, 10))",USA,MINVOL3M,INDUSTRY,0,1,P2Y,0.01,ON,OFF
FullTest_2527,"Rank(Ts_Rank(open, 10))",USA,MINVOL3M,INDUSTRY,0,1,P2Y,0.01,OFF,ON
FullTest_2528,"Rank(Ts_Rank(open, 10))",USA,MINVOL3M,INDUSTRY,0,1,P2Y,0.01,OFF,OFF
FullTest_2529,"Rank(Ts_Rank(open, 10))",USA,MINVOL3M,INDUSTRY,5,0,P1Y,0.08,ON,ON
FullTest_2530,"Rank(Ts_Rank(open, 10))",USA,MINVOL3M,INDUSTRY,5,0,P1Y,0.08,ON,OFF
FullTest_2531,"Rank(Ts_Rank(open, 10))",USA,MINVOL3M,INDUSTRY,5,0,P1Y,0.08,OFF,ON
FullTest_2532,"Rank(Ts_Rank(open, 10))",USA,MINVOL3M,INDUSTRY,5,0,P1Y,0.08,OFF,OFF
FullTest_2533,"Rank(Ts_Rank(open, 10))",USA,MINVOL3M,INDUSTRY,5,0,P1Y,0.01,ON,ON
FullTest_2534,"Rank(Ts_Rank(open, 10))",USA,MINVOL3M,INDUSTRY,5,0,P1Y,0.01,ON,OFF
FullTest_2535,"Rank(Ts_Rank(open, 10))",USA,MINVOL3M,INDUSTRY,5,0,P1Y,0.01,OFF,ON
FullTest_2536,"Rank(Ts_Rank(open, 10))",USA,MINVOL3M,INDUSTRY,5,0,P1Y,0.01,OFF,OFF
FullTest_2537,"Rank(Ts_Rank(open, 10))",USA,MINVOL3M,INDUSTRY,5,0,P2Y,0.08,ON,ON
FullTest_2538,"Rank(Ts_Rank(open, 10))",USA,MINVOL3M,INDUSTRY,5,0,P2Y,0.08,ON,OFF
FullTest_2539,"Rank(Ts_Rank(open, 10))",USA,MINVOL3M,INDUSTRY,5,0,P2Y,0.08,OFF,ON
FullTest_2540,"Rank(Ts_Rank(open, 10))",USA,MINVOL3M,INDUSTRY,5,0,P2Y,0.08,OFF,OFF
FullTest_2541,"Rank(Ts_Rank(open, 10))",USA,MINVOL3M,INDUSTRY,5,0,P2Y,0.01,ON,ON
FullTest_2542,"Rank(Ts_Rank(open, 10))",USA,MINVOL3M,INDUSTRY,5,0,P2Y,0.01,ON,OFF
FullTest_2543,"Rank(Ts_Rank(open, 10))",USA,MINVOL3M,INDUSTRY,5,0,P2Y,0.01,OFF,ON
FullTest_2544,"Rank(Ts_Rank(open, 10))",USA,MINVOL3M,INDUSTRY,5,0,P2Y,0.01,OFF,OFF
FullTest_2545,"Rank(Ts_Rank(open, 10))",USA,MINVOL3M,INDUSTRY,5,1,P1Y,0.08,ON,ON
FullTest_2546,"Rank(Ts_Rank(open, 10))",USA,MINVOL3M,INDUSTRY,5,1,P1Y,0.08,ON,OFF
FullTest_2547,"Rank(Ts_Rank(open, 10))",USA,MINVOL3M,INDUSTRY,5,1,P1Y,0.08,OFF,ON
FullTest_2548,"Rank(Ts_Rank(open, 10))",USA,MINVOL3M,INDUSTRY,5,1,P1Y,0.08,OFF,OFF
FullTest_2549,"Rank(Ts_Rank(open, 10))",USA,MINVOL3M,INDUSTRY,5,1,P1Y,0.01,ON,ON
FullTest_2550,"Rank(Ts_Rank(open, 10))",USA,MINVOL3M,INDUSTRY,5,1,P1Y,0.01,ON,OFF
FullTest_2551,"Rank(Ts_Rank(open, 10))",USA,MINVOL3M,INDUSTRY,5,1,P1Y,0.01,OFF,ON
FullTest_2552,"Rank(Ts_Rank(open, 10))",USA,MINVOL3M,INDUSTRY,5,1,P1Y,0.01,OFF,OFF
FullTest_2553,"Rank(Ts_Rank(open, 10))",USA,MINVOL3M,INDUSTRY,5,1,P2Y,0.08,ON,ON
FullTest_2554,"Rank(Ts_Rank(open, 10))",USA,MINVOL3M,INDUSTRY,5,1,P2Y,0.08,ON,OFF
FullTest_2555,"Rank(Ts_Rank(open, 10))",USA,MINVOL3M,INDUSTRY,5,1,P2Y,0.08,OFF,ON
FullTest_2556,"Rank(Ts_Rank(open, 10))",USA,MINVOL3M,INDUSTRY,5,1,P2Y,0.08,OFF,OFF
FullTest_2557,"Rank(Ts_Rank(open, 10))",USA,MINVOL3M,INDUSTRY,5,1,P2Y,0.01,ON,ON
FullTest_2558,"Rank(Ts_Rank(open, 10))",USA,MINVOL3M,INDUSTRY,5,1,P2Y,0.01,ON,OFF
FullTest_2559,"Rank(Ts_Rank(open, 10))",USA,MINVOL3M,INDUSTRY,5,1,P2Y,0.01,OFF,ON
FullTest_2560,"Rank(Ts_Rank(open, 10))",USA,MINVOL3M,INDUSTRY,5,1,P2Y,0.01,OFF,OFF
FullTest_2561,"Rank(Ts_Rank(open, 10))",USA,MINVOL3M,MARKET,0,0,P1Y,0.08,ON,ON
FullTest_2562,"Rank(Ts_Rank(open, 10))",USA,MINVOL3M,MARKET,0,0,P1Y,0.08,ON,OFF
FullTest_2563,"Rank(Ts_Rank(open, 10))",USA,MINVOL3M,MARKET,0,0,P1Y,0.08,OFF,ON
FullTest_2564,"Rank(Ts_Rank(open, 10))",USA,MINVOL3M,MARKET,0,0,P1Y,0.08,OFF,OFF
FullTest_2565,"Rank(Ts_Rank(open, 10))",USA,MINVOL3M,MARKET,0,0,P1Y,0.01,ON,ON
FullTest_2566,"Rank(Ts_Rank(open, 10))",USA,MINVOL3M,MARKET,0,0,P1Y,0.01,ON,OFF
FullTest_2567,"Rank(Ts_Rank(open, 10))",USA,MINVOL3M,MARKET,0,0,P1Y,0.01,OFF,ON
FullTest_2568,"Rank(Ts_Rank(open, 10))",USA,MINVOL3M,MARKET,0,0,P1Y,0.01,OFF,OFF
FullTest_2569,"Rank(Ts_Rank(open, 10))",USA,MINVOL3M,MARKET,0,0,P2Y,0.08,ON,ON
FullTest_2570,"Rank(Ts_Rank(open, 10))",USA,MINVOL3M,MARKET,0,0,P2Y,0.08,ON,OFF
FullTest_2571,"Rank(Ts_Rank(open, 10))",USA,MINVOL3M,MARKET,0,0,P2Y,0.08,OFF,ON
FullTest_2572,"Rank(Ts_Rank(open, 10))",USA,MINVOL3M,MARKET,0,0,P2Y,0.08,OFF,OFF
FullTest_2573,"Rank(Ts_Rank(open, 10))",USA,MINVOL3M,MARKET,0,0,P2Y,0.01,ON,ON
FullTest_2574,"Rank(Ts_Rank(open, 10))",USA,MINVOL3M,MARKET,0,0,P2Y,0.01,ON,OFF
FullTest_2575,"Rank(Ts_Rank(open, 10))",USA,MINVOL3M,MARKET,0,0,P2Y,0.01,OFF,ON
FullTest_2576,"Rank(Ts_Rank(open, 10))",USA,MINVOL3M,MARKET,0,0,P2Y,0.01,OFF,OFF
FullTest_2577,"Rank(Ts_Rank(open, 10))",USA,MINVOL3M,MARKET,0,1,P1Y,0.08,ON,ON
FullTest_2578,"Rank(Ts_Rank(open, 10))",USA,MINVOL3M,MARKET,0,1,P1Y,0.08,ON,OFF
FullTest_2579,"Rank(Ts_Rank(open, 10))",USA,MINVOL3M,MARKET,0,1,P1Y,0.08,OFF,ON
FullTest_2580,"Rank(Ts_Rank(open, 10))",USA,MINVOL3M,MARKET,0,1,P1Y,0.08,OFF,OFF
FullTest_2581,"Rank(Ts_Rank(open, 10))",USA,MINVOL3M,MARKET,0,1,P1Y,0.01,ON,ON
FullTest_2582,"Rank(Ts_Rank(open, 10))",USA,MINVOL3M,MARKET,0,1,P1Y,0.01,ON,OFF
FullTest_2583,"Rank(Ts_Rank(open, 10))",USA,MINVOL3M,MARKET,0,1,P1Y,0.01,OFF,ON
FullTest_2584,"Rank(Ts_Rank(open, 10))",USA,MINVOL3M,MARKET,0,1,P1Y,0.01,OFF,OFF
FullTest_2585,"Rank(Ts_Rank(open, 10))",USA,MINVOL3M,MARKET,0,1,P2Y,0.08,ON,ON
FullTest_2586,"Rank(Ts_Rank(open, 10))",USA,MINVOL3M,MARKET,0,1,P2Y,0.08,ON,OFF
FullTest_2587,"Rank(Ts_Rank(open, 10))",USA,MINVOL3M,MARKET,0,1,P2Y,0.08,OFF,ON
FullTest_2588,"Rank(Ts_Rank(open, 10))",USA,MINVOL3M,MARKET,0,1,P2Y,0.08,OFF,OFF
FullTest_2589,"Rank(Ts_Rank(open, 10))",USA,MINVOL3M,MARKET,0,1,P2Y,0.01,ON,ON
FullTest_2590,"Rank(Ts_Rank(open, 10))",USA,MINVOL3M,MARKET,0,1,P2Y,0.01,ON,OFF
FullTest_2591,"Rank(Ts_Rank(open, 10))",USA,MINVOL3M,MARKET,0,1,P2Y,0.01,OFF,ON
FullTest_2592,"Rank(Ts_Rank(open, 10))",USA,MINVOL3M,MARKET,0,1,P2Y,0.01,OFF,OFF
FullTest_2593,"Rank(Ts_Rank(open, 10))",USA,MINVOL3M,MARKET,5,0,P1Y,0.08,ON,ON
FullTest_2594,"Rank(Ts_Rank(open, 10))",USA,MINVOL3M,MARKET,5,0,P1Y,0.08,ON,OFF
FullTest_2595,"Rank(Ts_Rank(open, 10))",USA,MINVOL3M,MARKET,5,0,P1Y,0.08,OFF,ON
FullTest_2596,"Rank(Ts_Rank(open, 10))",USA,MINVOL3M,MARKET,5,0,P1Y,0.08,OFF,OFF
FullTest_2597,"Rank(Ts_Rank(open, 10))",USA,MINVOL3M,MARKET,5,0,P1Y,0.01,ON,ON
FullTest_2598,"Rank(Ts_Rank(open, 10))",USA,MINVOL3M,MARKET,5,0,P1Y,0.01,ON,OFF
FullTest_2599,"Rank(Ts_Rank(open, 10))",USA,MINVOL3M,MARKET,5,0,P1Y,0.01,OFF,ON
FullTest_2600,"Rank(Ts_Rank(open, 10))",USA,MINVOL3M,MARKET,5,0,P1Y,0.01,OFF,OFF
FullTest_2601,"Rank(Ts_Rank(open, 10))",USA,MINVOL3M,MARKET,5,0,P2Y,0.08,ON,ON
FullTest_2602,"Rank(Ts_Rank(open, 10))",USA,MINVOL3M,MARKET,5,0,P2Y,0.08,ON,OFF
FullTest_2603,"Rank(Ts_Rank(open, 10))",USA,MINVOL3M,MARKET,5,0,P2Y,0.08,OFF,ON
FullTest_2604,"Rank(Ts_Rank(open, 10))",USA,MINVOL3M,MARKET,5,0,P2Y,0.08,OFF,OFF
FullTest_2605,"Rank(Ts_Rank(open, 10))",USA,MINVOL3M,MARKET,5,0,P2Y,0.01,ON,ON
FullTest_2606,"Rank(Ts_Rank(open, 10))",USA,MINVOL3M,MARKET,5,0,P2Y,0.01,ON,OFF
FullTest_2607,"Rank(Ts_Rank(open, 10))",USA,MINVOL3M,MARKET,5,0,P2Y,0.01,OFF,ON
FullTest_2608,"Rank(Ts_Rank(open, 10))",USA,MINVOL3M,MARKET,5,0,P2Y,0.01,OFF,OFF
FullTest_2609,"Rank(Ts_Rank(open, 10))",USA,MINVOL3M,MARKET,5,1,P1Y,0.08,ON,ON
FullTest_2610,"Rank(Ts_Rank(open, 10))",USA,MINVOL3M,MARKET,5,1,P1Y,0.08,ON,OFF
FullTest_2611,"Rank(Ts_Rank(open, 10))",USA,MINVOL3M,MARKET,5,1,P1Y,0.08,OFF,ON
FullTest_2612,"Rank(Ts_Rank(open, 10))",USA,MINVOL3M,MARKET,5,1,P1Y,0.08,OFF,OFF
FullTest_2613,"Rank(Ts_Rank(open, 10))",USA,MINVOL3M,MARKET,5,1,P1Y,0.01,ON,ON
FullTest_2614,"Rank(Ts_Rank(open, 10))",USA,MINVOL3M,MARKET,5,1,P1Y,0.01,ON,OFF
FullTest_2615,"Rank(Ts_Rank(open, 10))",USA,MINVOL3M,MARKET,5,1,P1Y,0.01,OFF,ON
FullTest_2616,"Rank(Ts_Rank(open, 10))",USA,MINVOL3M,MARKET,5,1,P1Y,0.01,OFF,OFF
FullTest_2617,"Rank(Ts_Rank(open, 10))",USA,MINVOL3M,MARKET,5,1,P2Y,0.08,ON,ON
FullTest_2618,"Rank(Ts_Rank(open, 10))",USA,MINVOL3M,MARKET,5,1,P2Y,0.08,ON,OFF
FullTest_2619,"Rank(Ts_Rank(open, 10))",USA,MINVOL3M,MARKET,5,1,P2Y,0.08,OFF,ON
FullTest_2620,"Rank(Ts_Rank(open, 10))",USA,MINVOL3M,MARKET,5,1,P2Y,0.08,OFF,OFF
FullTest_2621,"Rank(Ts_Rank(open, 10))",USA,MINVOL3M,MARKET,5,1,P2Y,0.01,ON,ON
FullTest_2622,"Rank(Ts_Rank(open, 10))",USA,MINVOL3M,MARKET,5,1,P2Y,0.01,ON,OFF
FullTest_2623,"Rank(Ts_Rank(open, 10))",USA,MINVOL3M,MARKET,5,1,P2Y,0.01,OFF,ON
FullTest_2624,"Rank(Ts_Rank(open, 10))",USA,MINVOL3M,MARKET,5,1,P2Y,0.01,OFF,OFF
FullTest_2625,"Rank(Ts_Rank(open, 10))",USA,MINVOL3M,NONE,0,0,P1Y,0.08,ON,ON
FullTest_2626,"Rank(Ts_Rank(open, 10))",USA,MINVOL3M,NONE,0,0,P1Y,0.08,ON,OFF
FullTest_2627,"Rank(Ts_Rank(open, 10))",USA,MINVOL3M,NONE,0,0,P1Y,0.08,OFF,ON
FullTest_2628,"Rank(Ts_Rank(open, 10))",USA,MINVOL3M,NONE,0,0,P1Y,0.08,OFF,OFF
FullTest_2629,"Rank(Ts_Rank(open, 10))",USA,MINVOL3M,NONE,0,0,P1Y,0.01,ON,ON
FullTest_2630,"Rank(Ts_Rank(open, 10))",USA,MINVOL3M,NONE,0,0,P1Y,0.01,ON,OFF
FullTest_2631,"Rank(Ts_Rank(open, 10))",USA,MINVOL3M,NONE,0,0,P1Y,0.01,OFF,ON
FullTest_2632,"Rank(Ts_Rank(open, 10))",USA,MINVOL3M,NONE,0,0,P1Y,0.01,OFF,OFF
FullTest_2633,"Rank(Ts_Rank(open, 10))",USA,MINVOL3M,NONE,0,0,P2Y,0.08,ON,ON
FullTest_2634,"Rank(Ts_Rank(open, 10))",USA,MINVOL3M,NONE,0,0,P2Y,0.08,ON,OFF
FullTest_2635,"Rank(Ts_Rank(open, 10))",USA,MINVOL3M,NONE,0,0,P2Y,0.08,OFF,ON
FullTest_2636,"Rank(Ts_Rank(open, 10))",USA,MINVOL3M,NONE,0,0,P2Y,0.08,OFF,OFF
FullTest_2637,"Rank(Ts_Rank(open, 10))",USA,MINVOL3M,NONE,0,0,P2Y,0.01,ON,ON
FullTest_2638,"Rank(Ts_Rank(open, 10))",USA,MINVOL3M,NONE,0,0,P2Y,0.01,ON,OFF
FullTest_2639,"Rank(Ts_Rank(open, 10))",USA,MINVOL3M,NONE,0,0,P2Y,0.01,OFF,ON
FullTest_2640,"Rank(Ts_Rank(open, 10))",USA,MINVOL3M,NONE,0,0,P2Y,0.01,OFF,OFF
FullTest_2641,"Rank(Ts_Rank(open, 10))",USA,MINVOL3M,NONE,0,1,P1Y,0.08,ON,ON
FullTest_2642,"Rank(Ts_Rank(open, 10))",USA,MINVOL3M,NONE,0,1,P1Y,0.08,ON,OFF
FullTest_2643,"Rank(Ts_Rank(open, 10))",USA,MINVOL3M,NONE,0,1,P1Y,0.08,OFF,ON
FullTest_2644,"Rank(Ts_Rank(open, 10))",USA,MINVOL3M,NONE,0,1,P1Y,0.08,OFF,OFF
FullTest_2645,"Rank(Ts_Rank(open, 10))",USA,MINVOL3M,NONE,0,1,P1Y,0.01,ON,ON
FullTest_2646,"Rank(Ts_Rank(open, 10))",USA,MINVOL3M,NONE,0,1,P1Y,0.01,ON,OFF
FullTest_2647,"Rank(Ts_Rank(open, 10))",USA,MINVOL3M,NONE,0,1,P1Y,0.01,OFF,ON
FullTest_2648,"Rank(Ts_Rank(open, 10))",USA,MINVOL3M,NONE,0,1,P1Y,0.01,OFF,OFF
FullTest_2649,"Rank(Ts_Rank(open, 10))",USA,MINVOL3M,NONE,0,1,P2Y,0.08,ON,ON
FullTest_2650,"Rank(Ts_Rank(open, 10))",USA,MINVOL3M,NONE,0,1,P2Y,0.08,ON,OFF
FullTest_2651,"Rank(Ts_Rank(open, 10))",USA,MINVOL3M,NONE,0,1,P2Y,0.08,OFF,ON
FullTest_2652,"Rank(Ts_Rank(open, 10))",USA,MINVOL3M,NONE,0,1,P2Y,0.08,OFF,OFF
FullTest_2653,"Rank(Ts_Rank(open, 10))",USA,MINVOL3M,NONE,0,1,P2Y,0.01,ON,ON
FullTest_2654,"Rank(Ts_Rank(open, 10))",USA,MINVOL3M,NONE,0,1,P2Y,0.01,ON,OFF
FullTest_2655,"Rank(Ts_Rank(open, 10))",USA,MINVOL3M,NONE,0,1,P2Y,0.01,OFF,ON
FullTest_2656,"Rank(Ts_Rank(open, 10))",USA,MINVOL3M,NONE,0,1,P2Y,0.01,OFF,OFF
FullTest_2657,"Rank(Ts_Rank(open, 10))",USA,MINVOL3M,NONE,5,0,P1Y,0.08,ON,ON
FullTest_2658,"Rank(Ts_Rank(open, 10))",USA,MINVOL3M,NONE,5,0,P1Y,0.08,ON,OFF
FullTest_2659,"Rank(Ts_Rank(open, 10))",USA,MINVOL3M,NONE,5,0,P1Y,0.08,OFF,ON
FullTest_2660,"Rank(Ts_Rank(open, 10))",USA,MINVOL3M,NONE,5,0,P1Y,0.08,OFF,OFF
FullTest_2661,"Rank(Ts_Rank(open, 10))",USA,MINVOL3M,NONE,5,0,P1Y,0.01,ON,ON
FullTest_2662,"Rank(Ts_Rank(open, 10))",USA,MINVOL3M,NONE,5,0,P1Y,0.01,ON,OFF
FullTest_2663,"Rank(Ts_Rank(open, 10))",USA,MINVOL3M,NONE,5,0,P1Y,0.01,OFF,ON
FullTest_2664,"Rank(Ts_Rank(open, 10))",USA,MINVOL3M,NONE,5,0,P1Y,0.01,OFF,OFF
FullTest_2665,"Rank(Ts_Rank(open, 10))",USA,MINVOL3M,NONE,5,0,P2Y,0.08,ON,ON
FullTest_2666,"Rank(Ts_Rank(open, 10))",USA,MINVOL3M,NONE,5,0,P2Y,0.08,ON,OFF
FullTest_2667,"Rank(Ts_Rank(open, 10))",USA,MINVOL3M,NONE,5,0,P2Y,0.08,OFF,ON
FullTest_2668,"Rank(Ts_Rank(open, 10))",USA,MINVOL3M,NONE,5,0,P2Y,0.08,OFF,OFF
FullTest_2669,"Rank(Ts_Rank(open, 10))",USA,MINVOL3M,NONE,5,0,P2Y,0.01,ON,ON
FullTest_2670,"Rank(Ts_Rank(open, 10))",USA,MINVOL3M,NONE,5,0,P2Y,0.01,ON,OFF
FullTest_2671,"Rank(Ts_Rank(open, 10))",USA,MINVOL3M,NONE,5,0,P2Y,0.01,OFF,ON
FullTest_2672,"Rank(Ts_Rank(open, 10))",USA,MINVOL3M,NONE,5,0,P2Y,0.01,OFF,OFF
FullTest_2673,"Rank(Ts_Rank(open, 10))",USA,MINVOL3M,NONE,5,1,P1Y,0.08,ON,ON
FullTest_2674,"Rank(Ts_Rank(open, 10))",USA,MINVOL3M,NONE,5,1,P1Y,0.08,ON,OFF
FullTest_2675,"Rank(Ts_Rank(open, 10))",USA,MINVOL3M,NONE,5,1,P1Y,0.08,OFF,ON
FullTest_2676,"Rank(Ts_Rank(open, 10))",USA,MINVOL3M,NONE,5,1,P1Y,0.08,OFF,OFF
FullTest_2677,"Rank(Ts_Rank(open, 10))",USA,MINVOL3M,NONE,5,1,P1Y,0.01,ON,ON
FullTest_2678,"Rank(Ts_Rank(open, 10))",USA,MINVOL3M,NONE,5,1,P1Y,0.01,ON,OFF
FullTest_2679,"Rank(Ts_Rank(open, 10))",USA,MINVOL3M,NONE,5,1,P1Y,0.01,OFF,ON
FullTest_2680,"Rank(Ts_Rank(open, 10))",USA,MINVOL3M,NONE,5,1,P1Y,0.01,OFF,OFF
FullTest_2681,"Rank(Ts_Rank(open, 10))",USA,MINVOL3M,NONE,5,1,P2Y,0.08,ON,ON
FullTest_2682,"Rank(Ts_Rank(open, 10))",USA,MINVOL3M,NONE,5,1,P2Y,0.08,ON,OFF
FullTest_2683,"Rank(Ts_Rank(open, 10))",USA,MINVOL3M,NONE,5,1,P2Y,0.08,OFF,ON
FullTest_2684,"Rank(Ts_Rank(open, 10))",USA,MINVOL3M,NONE,5,1,P2Y,0.08,OFF,OFF
FullTest_2685,"Rank(Ts_Rank(open, 10))",USA,MINVOL3M,NONE,5,1,P2Y,0.01,ON,ON
FullTest_2686,"Rank(Ts_Rank(open, 10))",USA,MINVOL3M,NONE,5,1,P2Y,0.01,ON,OFF
FullTest_2687,"Rank(Ts_Rank(open, 10))",USA,MINVOL3M,NONE,5,1,P2Y,0.01,OFF,ON
FullTest_2688,"Rank(Ts_Rank(open, 10))",USA,MINVOL3M,NONE,5,1,P2Y,0.01,OFF,OFF
FullTest_2689,"Rank(Ts_Rank(open, 10))",ASI,TOP3000,INDUSTRY,0,0,P1Y,0.08,ON,ON
FullTest_2690,"Rank(Ts_Rank(open, 10))",ASI,TOP3000,INDUSTRY,0,0,P1Y,0.08,ON,OFF
FullTest_2691,"Rank(Ts_Rank(open, 10))",ASI,TOP3000,INDUSTRY,0,0,P1Y,0.08,OFF,ON
FullTest_2692,"Rank(Ts_Rank(open, 10))",ASI,TOP3000,INDUSTRY,0,0,P1Y,0.08,OFF,OFF
FullTest_2693,"Rank(Ts_Rank(open, 10))",ASI,TOP3000,INDUSTRY,0,0,P1Y,0.01,ON,ON
FullTest_2694,"Rank(Ts_Rank(open, 10))",ASI,TOP3000,INDUSTRY,0,0,P1Y,0.01,ON,OFF
FullTest_2695,"Rank(Ts_Rank(open, 10))",ASI,TOP3000,INDUSTRY,0,0,P1Y,0.01,OFF,ON
FullTest_2696,"Rank(Ts_Rank(open, 10))",ASI,TOP3000,INDUSTRY,0,0,P1Y,0.01,OFF,OFF
FullTest_2697,"Rank(Ts_Rank(open, 10))",ASI,TOP3000,INDUSTRY,0,0,P2Y,0.08,ON,ON
FullTest_2698,"Rank(Ts_Rank(open, 10))",ASI,TOP3000,INDUSTRY,0,0,P2Y,0.08,ON,OFF
FullTest_2699,"Rank(Ts_Rank(open, 10))",ASI,TOP3000,INDUSTRY,0,0,P2Y,0.08,OFF,ON
FullTest_2700,"Rank(Ts_Rank(open, 10))",ASI,TOP3000,INDUSTRY,0,0,P2Y,0.08,OFF,OFF
FullTest_2701,"Rank(Ts_Rank(open, 10))",ASI,TOP3000,INDUSTRY,0,0,P2Y,0.01,ON,ON
FullTest_2702,"Rank(Ts_Rank(open, 10))",ASI,TOP3000,INDUSTRY,0,0,P2Y,0.01,ON,OFF
FullTest_2703,"Rank(Ts_Rank(open, 10))",ASI,TOP3000,INDUSTRY,0,0,P2Y,0.01,OFF,ON
FullTest_2704,"Rank(Ts_Rank(open, 10))",ASI,TOP3000,INDUSTRY,0,0,P2Y,0.01,OFF,OFF
FullTest_2705,"Rank(Ts_Rank(open, 10))",ASI,TOP3000,INDUSTRY,0,1,P1Y,0.08,ON,ON
FullTest_2706,"Rank(Ts_Rank(open, 10))",ASI,TOP3000,INDUSTRY,0,1,P1Y,0.08,ON,OFF
FullTest_2707,"Rank(Ts_Rank(open, 10))",ASI,TOP3000,INDUSTRY,0,1,P1Y,0.08,OFF,ON
FullTest_2708,"Rank(Ts_Rank(open, 10))",ASI,TOP3000,INDUSTRY,0,1,P1Y,0.08,OFF,OFF
FullTest_2709,"Rank(Ts_Rank(open, 10))",ASI,TOP3000,INDUSTRY,0,1,P1Y,0.01,ON,ON
FullTest_2710,"Rank(Ts_Rank(open, 10))",ASI,TOP3000,INDUSTRY,0,1,P1Y,0.01,ON,OFF
FullTest_2711,"Rank(Ts_Rank(open, 10))",ASI,TOP3000,INDUSTRY,0,1,P1Y,0.01,OFF,ON
FullTest_2712,"Rank(Ts_Rank(open, 10))",ASI,TOP3000,INDUSTRY,0,1,P1Y,0.01,OFF,OFF
FullTest_2713,"Rank(Ts_Rank(open, 10))",ASI,TOP3000,INDUSTRY,0,1,P2Y,0.08,ON,ON
FullTest_2714,"Rank(Ts_Rank(open, 10))",ASI,TOP3000,INDUSTRY,0,1,P2Y,0.08,ON,OFF
FullTest_2715,"Rank(Ts_Rank(open, 10))",ASI,TOP3000,INDUSTRY,0,1,P2Y,0.08,OFF,ON
FullTest_2716,"Rank(Ts_Rank(open, 10))",ASI,TOP3000,INDUSTRY,0,1,P2Y,0.08,OFF,OFF
FullTest_2717,"Rank(Ts_Rank(open, 10))",ASI,TOP3000,INDUSTRY,0,1,P2Y,0.01,ON,ON
FullTest_2718,"Rank(Ts_Rank(open, 10))",ASI,TOP3000,INDUSTRY,0,1,P2Y,0.01,ON,OFF
FullTest_2719,"Rank(Ts_Rank(open, 10))",ASI,TOP3000,INDUSTRY,0,1,P2Y,0.01,OFF,ON
FullTest_2720,"Rank(Ts_Rank(open, 10))",ASI,TOP3000,INDUSTRY,0,1,P2Y,0.01,OFF,OFF
FullTest_2721,"Rank(Ts_Rank(open, 10))",ASI,TOP3000,INDUSTRY,5,0,P1Y,0.08,ON,ON
FullTest_2722,"Rank(Ts_Rank(open, 10))",ASI,TOP3000,INDUSTRY,5,0,P1Y,0.08,ON,OFF
FullTest_2723,"Rank(Ts_Rank(open, 10))",ASI,TOP3000,INDUSTRY,5,0,P1Y,0.08,OFF,ON
FullTest_2724,"Rank(Ts_Rank(open, 10))",ASI,TOP3000,INDUSTRY,5,0,P1Y,0.08,OFF,OFF
FullTest_2725,"Rank(Ts_Rank(open, 10))",ASI,TOP3000,INDUSTRY,5,0,P1Y,0.01,ON,ON
FullTest_2726,"Rank(Ts_Rank(open, 10))",ASI,TOP3000,INDUSTRY,5,0,P1Y,0.01,ON,OFF
FullTest_2727,"Rank(Ts_Rank(open, 10))",ASI,TOP3000,INDUSTRY,5,0,P1Y,0.01,OFF,ON
FullTest_2728,"Rank(Ts_Rank(open, 10))",ASI,TOP3000,INDUSTRY,5,0,P1Y,0.01,OFF,OFF
FullTest_2729,"Rank(Ts_Rank(open, 10))",ASI,TOP3000,INDUSTRY,5,0,P2Y,0.08,ON,ON
FullTest_2730,"Rank(Ts_Rank(open, 10))",ASI,TOP3000,INDUSTRY,5,0,P2Y,0.08,ON,OFF
FullTest_2731,"Rank(Ts_Rank(open, 10))",ASI,TOP3000,INDUSTRY,5,0,P2Y,0.08,OFF,ON
FullTest_2732,"Rank(Ts_Rank(open, 10))",ASI,TOP3000,INDUSTRY,5,0,P2Y,0.08,OFF,OFF
FullTest_2733,"Rank(Ts_Rank(open, 10))",ASI,TOP3000,INDUSTRY,5,0,P2Y,0.01,ON,ON
FullTest_2734,"Rank(Ts_Rank(open, 10))",ASI,TOP3000,INDUSTRY,5,0,P2Y,0.01,ON,OFF
FullTest_2735,"Rank(Ts_Rank(open, 10))",ASI,TOP3000,INDUSTRY,5,0,P2Y,0.01,OFF,ON
FullTest_2736,"Rank(Ts_Rank(open, 10))",ASI,TOP3000,INDUSTRY,5,0,P2Y,0.01,OFF,OFF
FullTest_2737,"Rank(Ts_Rank(open, 10))",ASI,TOP3000,INDUSTRY,5,1,P1Y,0.08,ON,ON
FullTest_2738,"Rank(Ts_Rank(open, 10))",ASI,TOP3000,INDUSTRY,5,1,P1Y,0.08,ON,OFF
FullTest_2739,"Rank(Ts_Rank(open, 10))",ASI,TOP3000,INDUSTRY,5,1,P1Y,0.08,OFF,ON
FullTest_2740,"Rank(Ts_Rank(open, 10))",ASI,TOP3000,INDUSTRY,5,1,P1Y,0.08,OFF,OFF
FullTest_2741,"Rank(Ts_Rank(open, 10))",ASI,TOP3000,INDUSTRY,5,1,P1Y,0.01,ON,ON
FullTest_2742,"Rank(Ts_Rank(open, 10))",ASI,TOP3000,INDUSTRY,5,1,P1Y,0.01,ON,OFF
FullTest_2743,"Rank(Ts_Rank(open, 10))",ASI,TOP3000,INDUSTRY,5,1,P1Y,0.01,OFF,ON
FullTest_2744,"Rank(Ts_Rank(open, 10))",ASI,TOP3000,INDUSTRY,5,1,P1Y,0.01,OFF,OFF
FullTest_2745,"Rank(Ts_Rank(open, 10))",ASI,TOP3000,INDUSTRY,5,1,P2Y,0.08,ON,ON
FullTest_2746,"Rank(Ts_Rank(open, 10))",ASI,TOP3000,INDUSTRY,5,1,P2Y,0.08,ON,OFF
FullTest_2747,"Rank(Ts_Rank(open, 10))",ASI,TOP3000,INDUSTRY,5,1,P2Y,0.08,OFF,ON
FullTest_2748,"Rank(Ts_Rank(open, 10))",ASI,TOP3000,INDUSTRY,5,1,P2Y,0.08,OFF,OFF
FullTest_2749,"Rank(Ts_Rank(open, 10))",ASI,TOP3000,INDUSTRY,5,1,P2Y,0.01,ON,ON
FullTest_2750,"Rank(Ts_Rank(open, 10))",ASI,TOP3000,INDUSTRY,5,1,P2Y,0.01,ON,OFF
FullTest_2751,"Rank(Ts_Rank(open, 10))",ASI,TOP3000,INDUSTRY,5,1,P2Y,0.01,OFF,ON
FullTest_2752,"Rank(Ts_Rank(open, 10))",ASI,TOP3000,INDUSTRY,5,1,P2Y,0.01,OFF,OFF
FullTest_2753,"Rank(Ts_Rank(open, 10))",ASI,TOP3000,MARKET,0,0,P1Y,0.08,ON,ON
FullTest_2754,"Rank(Ts_Rank(open, 10))",ASI,TOP3000,MARKET,0,0,P1Y,0.08,ON,OFF
FullTest_2755,"Rank(Ts_Rank(open, 10))",ASI,TOP3000,MARKET,0,0,P1Y,0.08,OFF,ON
FullTest_2756,"Rank(Ts_Rank(open, 10))",ASI,TOP3000,MARKET,0,0,P1Y,0.08,OFF,OFF
FullTest_2757,"Rank(Ts_Rank(open, 10))",ASI,TOP3000,MARKET,0,0,P1Y,0.01,ON,ON
FullTest_2758,"Rank(Ts_Rank(open, 10))",ASI,TOP3000,MARKET,0,0,P1Y,0.01,ON,OFF
FullTest_2759,"Rank(Ts_Rank(open, 10))",ASI,TOP3000,MARKET,0,0,P1Y,0.01,OFF,ON
FullTest_2760,"Rank(Ts_Rank(open, 10))",ASI,TOP3000,MARKET,0,0,P1Y,0.01,OFF,OFF
FullTest_2761,"Rank(Ts_Rank(open, 10))",ASI,TOP3000,MARKET,0,0,P2Y,0.08,ON,ON
FullTest_2762,"Rank(Ts_Rank(open, 10))",ASI,TOP3000,MARKET,0,0,P2Y,0.08,ON,OFF
FullTest_2763,"Rank(Ts_Rank(open, 10))",ASI,TOP3000,MARKET,0,0,P2Y,0.08,OFF,ON
FullTest_2764,"Rank(Ts_Rank(open, 10))",ASI,TOP3000,MARKET,0,0,P2Y,0.08,OFF,OFF
FullTest_2765,"Rank(Ts_Rank(open, 10))",ASI,TOP3000,MARKET,0,0,P2Y,0.01,ON,ON
FullTest_2766,"Rank(Ts_Rank(open, 10))",ASI,TOP3000,MARKET,0,0,P2Y,0.01,ON,OFF
FullTest_2767,"Rank(Ts_Rank(open, 10))",ASI,TOP3000,MARKET,0,0,P2Y,0.01,OFF,ON
FullTest_2768,"Rank(Ts_Rank(open, 10))",ASI,TOP3000,MARKET,0,0,P2Y,0.01,OFF,OFF
FullTest_2769,"Rank(Ts_Rank(open, 10))",ASI,TOP3000,MARKET,0,1,P1Y,0.08,ON,ON
FullTest_2770,"Rank(Ts_Rank(open, 10))",ASI,TOP3000,MARKET,0,1,P1Y,0.08,ON,OFF
FullTest_2771,"Rank(Ts_Rank(open, 10))",ASI,TOP3000,MARKET,0,1,P1Y,0.08,OFF,ON
FullTest_2772,"Rank(Ts_Rank(open, 10))",ASI,TOP3000,MARKET,0,1,P1Y,0.08,OFF,OFF
FullTest_2773,"Rank(Ts_Rank(open, 10))",ASI,TOP3000,MARKET,0,1,P1Y,0.01,ON,ON
FullTest_2774,"Rank(Ts_Rank(open, 10))",ASI,TOP3000,MARKET,0,1,P1Y,0.01,ON,OFF
FullTest_2775,"Rank(Ts_Rank(open, 10))",ASI,TOP3000,MARKET,0,1,P1Y,0.01,OFF,ON
FullTest_2776,"Rank(Ts_Rank(open, 10))",ASI,TOP3000,MARKET,0,1,P1Y,0.01,OFF,OFF
FullTest_2777,"Rank(Ts_Rank(open, 10))",ASI,TOP3000,MARKET,0,1,P2Y,0.08,ON,ON
FullTest_2778,"Rank(Ts_Rank(open, 10))",ASI,TOP3000,MARKET,0,1,P2Y,0.08,ON,OFF
FullTest_2779,"Rank(Ts_Rank(open, 10))",ASI,TOP3000,MARKET,0,1,P2Y,0.08,OFF,ON
FullTest_2780,"Rank(Ts_Rank(open, 10))",ASI,TOP3000,MARKET,0,1,P2Y,0.08,OFF,OFF
FullTest_2781,"Rank(Ts_Rank(open, 10))",ASI,TOP3000,MARKET,0,1,P2Y,0.01,ON,ON
FullTest_2782,"Rank(Ts_Rank(open, 10))",ASI,TOP3000,MARKET,0,1,P2Y,0.01,ON,OFF
FullTest_2783,"Rank(Ts_Rank(open, 10))",ASI,TOP3000,MARKET,0,1,P2Y,0.01,OFF,ON
FullTest_2784,"Rank(Ts_Rank(open, 10))",ASI,TOP3000,MARKET,0,1,P2Y,0.01,OFF,OFF
FullTest_2785,"Rank(Ts_Rank(open, 10))",ASI,TOP3000,MARKET,5,0,P1Y,0.08,ON,ON
FullTest_2786,"Rank(Ts_Rank(open, 10))",ASI,TOP3000,MARKET,5,0,P1Y,0.08,ON,OFF
FullTest_2787,"Rank(Ts_Rank(open, 10))",ASI,TOP3000,MARKET,5,0,P1Y,0.08,OFF,ON
FullTest_2788,"Rank(Ts_Rank(open, 10))",ASI,TOP3000,MARKET,5,0,P1Y,0.08,OFF,OFF
FullTest_2789,"Rank(Ts_Rank(open, 10))",ASI,TOP3000,MARKET,5,0,P1Y,0.01,ON,ON
FullTest_2790,"Rank(Ts_Rank(open, 10))",ASI,TOP3000,MARKET,5,0,P1Y,0.01,ON,OFF
FullTest_2791,"Rank(Ts_Rank(open, 10))",ASI,TOP3000,MARKET,5,0,P1Y,0.01,OFF,ON
FullTest_2792,"Rank(Ts_Rank(open, 10))",ASI,TOP3000,MARKET,5,0,P1Y,0.01,OFF,OFF
FullTest_2793,"Rank(Ts_Rank(open, 10))",ASI,TOP3000,MARKET,5,0,P2Y,0.08,ON,ON
FullTest_2794,"Rank(Ts_Rank(open, 10))",ASI,TOP3000,MARKET,5,0,P2Y,0.08,ON,OFF
FullTest_2795,"Rank(Ts_Rank(open, 10))",ASI,TOP3000,MARKET,5,0,P2Y,0.08,OFF,ON
FullTest_2796,"Rank(Ts_Rank(open, 10))",ASI,TOP3000,MARKET,5,0,P2Y,0.08,OFF,OFF
FullTest_2797,"Rank(Ts_Rank(open, 10))",ASI,TOP3000,MARKET,5,0,P2Y,0.01,ON,ON
FullTest_2798,"Rank(Ts_Rank(open, 10))",ASI,TOP3000,MARKET,5,0,P2Y,0.01,ON,OFF
FullTest_2799,"Rank(Ts_Rank(open, 10))",ASI,TOP3000,MARKET,5,0,P2Y,0.01,OFF,ON
FullTest_2800,"Rank(Ts_Rank(open, 10))",ASI,TOP3000,MARKET,5,0,P2Y,0.01,OFF,OFF
FullTest_2801,"Rank(Ts_Rank(open, 10))",ASI,TOP3000,MARKET,5,1,P1Y,0.08,ON,ON
FullTest_2802,"Rank(Ts_Rank(open, 10))",ASI,TOP3000,MARKET,5,1,P1Y,0.08,ON,OFF
FullTest_2803,"Rank(Ts_Rank(open, 10))",ASI,TOP3000,MARKET,5,1,P1Y,0.08,OFF,ON
FullTest_2804,"Rank(Ts_Rank(open, 10))",ASI,TOP3000,MARKET,5,1,P1Y,0.08,OFF,OFF
FullTest_2805,"Rank(Ts_Rank(open, 10))",ASI,TOP3000,MARKET,5,1,P1Y,0.01,ON,ON
FullTest_2806,"Rank(Ts_Rank(open, 10))",ASI,TOP3000,MARKET,5,1,P1Y,0.01,ON,OFF
FullTest_2807,"Rank(Ts_Rank(open, 10))",ASI,TOP3000,MARKET,5,1,P1Y,0.01,OFF,ON
FullTest_2808,"Rank(Ts_Rank(open, 10))",ASI,TOP3000,MARKET,5,1,P1Y,0.01,OFF,OFF
FullTest_2809,"Rank(Ts_Rank(open, 10))",ASI,TOP3000,MARKET,5,1,P2Y,0.08,ON,ON
FullTest_2810,"Rank(Ts_Rank(open, 10))",ASI,TOP3000,MARKET,5,1,P2Y,0.08,ON,OFF
FullTest_2811,"Rank(Ts_Rank(open, 10))",ASI,TOP3000,MARKET,5,1,P2Y,0.08,OFF,ON
FullTest_2812,"Rank(Ts_Rank(open, 10))",ASI,TOP3000,MARKET,5,1,P2Y,0.08,OFF,OFF
FullTest_2813,"Rank(Ts_Rank(open, 10))",ASI,TOP3000,MARKET,5,1,P2Y,0.01,ON,ON
FullTest_2814,"Rank(Ts_Rank(open, 10))",ASI,TOP3000,MARKET,5,1,P2Y,0.01,ON,OFF
FullTest_2815,"Rank(Ts_Rank(open, 10))",ASI,TOP3000,MARKET,5,1,P2Y,0.01,OFF,ON
FullTest_2816,"Rank(Ts_Rank(open, 10))",ASI,TOP3000,MARKET,5,1,P2Y,0.01,OFF,OFF
FullTest_2817,"Rank(Ts_Rank(open, 10))",ASI,TOP3000,NONE,0,0,P1Y,0.08,ON,ON
FullTest_2818,"Rank(Ts_Rank(open, 10))",ASI,TOP3000,NONE,0,0,P1Y,0.08,ON,OFF
FullTest_2819,"Rank(Ts_Rank(open, 10))",ASI,TOP3000,NONE,0,0,P1Y,0.08,OFF,ON
FullTest_2820,"Rank(Ts_Rank(open, 10))",ASI,TOP3000,NONE,0,0,P1Y,0.08,OFF,OFF
FullTest_2821,"Rank(Ts_Rank(open, 10))",ASI,TOP3000,NONE,0,0,P1Y,0.01,ON,ON
FullTest_2822,"Rank(Ts_Rank(open, 10))",ASI,TOP3000,NONE,0,0,P1Y,0.01,ON,OFF
FullTest_2823,"Rank(Ts_Rank(open, 10))",ASI,TOP3000,NONE,0,0,P1Y,0.01,OFF,ON
FullTest_2824,"Rank(Ts_Rank(open, 10))",ASI,TOP3000,NONE,0,0,P1Y,0.01,OFF,OFF
FullTest_2825,"Rank(Ts_Rank(open, 10))",ASI,TOP3000,NONE,0,0,P2Y,0.08,ON,ON
FullTest_2826,"Rank(Ts_Rank(open, 10))",ASI,TOP3000,NONE,0,0,P2Y,0.08,ON,OFF
FullTest_2827,"Rank(Ts_Rank(open, 10))",ASI,TOP3000,NONE,0,0,P2Y,0.08,OFF,ON
FullTest_2828,"Rank(Ts_Rank(open, 10))",ASI,TOP3000,NONE,0,0,P2Y,0.08,OFF,OFF
FullTest_2829,"Rank(Ts_Rank(open, 10))",ASI,TOP3000,NONE,0,0,P2Y,0.01,ON,ON
FullTest_2830,"Rank(Ts_Rank(open, 10))",ASI,TOP3000,NONE,0,0,P2Y,0.01,ON,OFF
FullTest_2831,"Rank(Ts_Rank(open, 10))",ASI,TOP3000,NONE,0,0,P2Y,0.01,OFF,ON
FullTest_2832,"Rank(Ts_Rank(open, 10))",ASI,TOP3000,NONE,0,0,P2Y,0.01,OFF,OFF
FullTest_2833,"Rank(Ts_Rank(open, 10))",ASI,TOP3000,NONE,0,1,P1Y,0.08,ON,ON
FullTest_2834,"Rank(Ts_Rank(open, 10))",ASI,TOP3000,NONE,0,1,P1Y,0.08,ON,OFF
FullTest_2835,"Rank(Ts_Rank(open, 10))",ASI,TOP3000,NONE,0,1,P1Y,0.08,OFF,ON
FullTest_2836,"Rank(Ts_Rank(open, 10))",ASI,TOP3000,NONE,0,1,P1Y,0.08,OFF,OFF
FullTest_2837,"Rank(Ts_Rank(open, 10))",ASI,TOP3000,NONE,0,1,P1Y,0.01,ON,ON
FullTest_2838,"Rank(Ts_Rank(open, 10))",ASI,TOP3000,NONE,0,1,P1Y,0.01,ON,OFF
FullTest_2839,"Rank(Ts_Rank(open, 10))",ASI,TOP3000,NONE,0,1,P1Y,0.01,OFF,ON
FullTest_2840,"Rank(Ts_Rank(open, 10))",ASI,TOP3000,NONE,0,1,P1Y,0.01,OFF,OFF
FullTest_2841,"Rank(Ts_Rank(open, 10))",ASI,TOP3000,NONE,0,1,P2Y,0.08,ON,ON
FullTest_2842,"Rank(Ts_Rank(open, 10))",ASI,TOP3000,NONE,0,1,P2Y,0.08,ON,OFF
FullTest_2843,"Rank(Ts_Rank(open, 10))",ASI,TOP3000,NONE,0,1,P2Y,0.08,OFF,ON
FullTest_2844,"Rank(Ts_Rank(open, 10))",ASI,TOP3000,NONE,0,1,P2Y,0.08,OFF,OFF
FullTest_2845,"Rank(Ts_Rank(open, 10))",ASI,TOP3000,NONE,0,1,P2Y,0.01,ON,ON
FullTest_2846,"Rank(Ts_Rank(open, 10))",ASI,TOP3000,NONE,0,1,P2Y,0.01,ON,OFF
FullTest_2847,"Rank(Ts_Rank(open, 10))",ASI,TOP3000,NONE,0,1,P2Y,0.01,OFF,ON
FullTest_2848,"Rank(Ts_Rank(open, 10))",ASI,TOP3000,NONE,0,1,P2Y,0.01,OFF,OFF
FullTest_2849,"Rank(Ts_Rank(open, 10))",ASI,TOP3000,NONE,5,0,P1Y,0.08,ON,ON
FullTest_2850,"Rank(Ts_Rank(open, 10))",ASI,TOP3000,NONE,5,0,P1Y,0.08,ON,OFF
FullTest_2851,"Rank(Ts_Rank(open, 10))",ASI,TOP3000,NONE,5,0,P1Y,0.08,OFF,ON
FullTest_2852,"Rank(Ts_Rank(open, 10))",ASI,TOP3000,NONE,5,0,P1Y,0.08,OFF,OFF
FullTest_2853,"Rank(Ts_Rank(open, 10))",ASI,TOP3000,NONE,5,0,P1Y,0.01,ON,ON
FullTest_2854,"Rank(Ts_Rank(open, 10))",ASI,TOP3000,NONE,5,0,P1Y,0.01,ON,OFF
FullTest_2855,"Rank(Ts_Rank(open, 10))",ASI,TOP3000,NONE,5,0,P1Y,0.01,OFF,ON
FullTest_2856,"Rank(Ts_Rank(open, 10))",ASI,TOP3000,NONE,5,0,P1Y,0.01,OFF,OFF
FullTest_2857,"Rank(Ts_Rank(open, 10))",ASI,TOP3000,NONE,5,0,P2Y,0.08,ON,ON
FullTest_2858,"Rank(Ts_Rank(open, 10))",ASI,TOP3000,NONE,5,0,P2Y,0.08,ON,OFF
FullTest_2859,"Rank(Ts_Rank(open, 10))",ASI,TOP3000,NONE,5,0,P2Y,0.08,OFF,ON
FullTest_2860,"Rank(Ts_Rank(open, 10))",ASI,TOP3000,NONE,5,0,P2Y,0.08,OFF,OFF
FullTest_2861,"Rank(Ts_Rank(open, 10))",ASI,TOP3000,NONE,5,0,P2Y,0.01,ON,ON
FullTest_2862,"Rank(Ts_Rank(open, 10))",ASI,TOP3000,NONE,5,0,P2Y,0.01,ON,OFF
FullTest_2863,"Rank(Ts_Rank(open, 10))",ASI,TOP3000,NONE,5,0,P2Y,0.01,OFF,ON
FullTest_2864,"Rank(Ts_Rank(open, 10))",ASI,TOP3000,NONE,5,0,P2Y,0.01,OFF,OFF
FullTest_2865,"Rank(Ts_Rank(open, 10))",ASI,TOP3000,NONE,5,1,P1Y,0.08,ON,ON
FullTest_2866,"Rank(Ts_Rank(open, 10))",ASI,TOP3000,NONE,5,1,P1Y,0.08,ON,OFF
FullTest_2867,"Rank(Ts_Rank(open, 10))",ASI,TOP3000,NONE,5,1,P1Y,0.08,OFF,ON
FullTest_2868,"Rank(Ts_Rank(open, 10))",ASI,TOP3000,NONE,5,1,P1Y,0.08,OFF,OFF
FullTest_2869,"Rank(Ts_Rank(open, 10))",ASI,TOP3000,NONE,5,1,P1Y,0.01,ON,ON
FullTest_2870,"Rank(Ts_Rank(open, 10))",ASI,TOP3000,NONE,5,1,P1Y,0.01,ON,OFF
FullTest_2871,"Rank(Ts_Rank(open, 10))",ASI,TOP3000,NONE,5,1,P1Y,0.01,OFF,ON
FullTest_2872,"Rank(Ts_Rank(open, 10))",ASI,TOP3000,NONE,5,1,P1Y,0.01,OFF,OFF
FullTest_2873,"Rank(Ts_Rank(open, 10))",ASI,TOP3000,NONE,5,1,P2Y,0.08,ON,ON
FullTest_2874,"Rank(Ts_Rank(open, 10))",ASI,TOP3000,NONE,5,1,P2Y,0.08,ON,OFF
FullTest_2875,"Rank(Ts_Rank(open, 10))",ASI,TOP3000,NONE,5,1,P2Y,0.08,OFF,ON
FullTest_2876,"Rank(Ts_Rank(open, 10))",ASI,TOP3000,NONE,5,1,P2Y,0.08,OFF,OFF
FullTest_2877,"Rank(Ts_Rank(open, 10))",ASI,TOP3000,NONE,5,1,P2Y,0.01,ON,ON
FullTest_2878,"Rank(Ts_Rank(open, 10))",ASI,TOP3000,NONE,5,1,P2Y,0.01,ON,OFF
FullTest_2879,"Rank(Ts_Rank(open, 10))",ASI,TOP3000,NONE,5,1,P2Y,0.01,OFF,ON
FullTest_2880,"Rank(Ts_Rank(open, 10))",ASI,TOP3000,NONE,5,1,P2Y,0.01,OFF,OFF
FullTest_2881,"Rank(Ts_Rank(open, 10))",ASI,MINVOL3M,INDUSTRY,0,0,P1Y,0.08,ON,ON
FullTest_2882,"Rank(Ts_Rank(open, 10))",ASI,MINVOL3M,INDUSTRY,0,0,P1Y,0.08,ON,OFF
FullTest_2883,"Rank(Ts_Rank(open, 10))",ASI,MINVOL3M,INDUSTRY,0,0,P1Y,0.08,OFF,ON
FullTest_2884,"Rank(Ts_Rank(open, 10))",ASI,MINVOL3M,INDUSTRY,0,0,P1Y,0.08,OFF,OFF
FullTest_2885,"Rank(Ts_Rank(open, 10))",ASI,MINVOL3M,INDUSTRY,0,0,P1Y,0.01,ON,ON
FullTest_2886,"Rank(Ts_Rank(open, 10))",ASI,MINVOL3M,INDUSTRY,0,0,P1Y,0.01,ON,OFF
FullTest_2887,"Rank(Ts_Rank(open, 10))",ASI,MINVOL3M,INDUSTRY,0,0,P1Y,0.01,OFF,ON
FullTest_2888,"Rank(Ts_Rank(open, 10))",ASI,MINVOL3M,INDUSTRY,0,0,P1Y,0.01,OFF,OFF
FullTest_2889,"Rank(Ts_Rank(open, 10))",ASI,MINVOL3M,INDUSTRY,0,0,P2Y,0.08,ON,ON
FullTest_2890,"Rank(Ts_Rank(open, 10))",ASI,MINVOL3M,INDUSTRY,0,0,P2Y,0.08,ON,OFF
FullTest_2891,"Rank(Ts_Rank(open, 10))",ASI,MINVOL3M,INDUSTRY,0,0,P2Y,0.08,OFF,ON
FullTest_2892,"Rank(Ts_Rank(open, 10))",ASI,MINVOL3M,INDUSTRY,0,0,P2Y,0.08,OFF,OFF
FullTest_2893,"Rank(Ts_Rank(open, 10))",ASI,MINVOL3M,INDUSTRY,0,0,P2Y,0.01,ON,ON
FullTest_2894,"Rank(Ts_Rank(open, 10))",ASI,MINVOL3M,INDUSTRY,0,0,P2Y,0.01,ON,OFF
FullTest_2895,"Rank(Ts_Rank(open, 10))",ASI,MINVOL3M,INDUSTRY,0,0,P2Y,0.01,OFF,ON
FullTest_2896,"Rank(Ts_Rank(open, 10))",ASI,MINVOL3M,INDUSTRY,0,0,P2Y,0.01,OFF,OFF
FullTest_2897,"Rank(Ts_Rank(open, 10))",ASI,MINVOL3M,INDUSTRY,0,1,P1Y,0.08,ON,ON
FullTest_2898,"Rank(Ts_Rank(open, 10))",ASI,MINVOL3M,INDUSTRY,0,1,P1Y,0.08,ON,OFF
FullTest_2899,"Rank(Ts_Rank(open, 10))",ASI,MINVOL3M,INDUSTRY,0,1,P1Y,0.08,OFF,ON
FullTest_2900,"Rank(Ts_Rank(open, 10))",ASI,MINVOL3M,INDUSTRY,0,1,P1Y,0.08,OFF,OFF
FullTest_2901,"Rank(Ts_Rank(open, 10))",ASI,MINVOL3M,INDUSTRY,0,1,P1Y,0.01,ON,ON
FullTest_2902,"Rank(Ts_Rank(open, 10))",ASI,MINVOL3M,INDUSTRY,0,1,P1Y,0.01,ON,OFF
FullTest_2903,"Rank(Ts_Rank(open, 10))",ASI,MINVOL3M,INDUSTRY,0,1,P1Y,0.01,OFF,ON
FullTest_2904,"Rank(Ts_Rank(open, 10))",ASI,MINVOL3M,INDUSTRY,0,1,P1Y,0.01,OFF,OFF
FullTest_2905,"Rank(Ts_Rank(open, 10))",ASI,MINVOL3M,INDUSTRY,0,1,P2Y,0.08,ON,ON
FullTest_2906,"Rank(Ts_Rank(open, 10))",ASI,MINVOL3M,INDUSTRY,0,1,P2Y,0.08,ON,OFF
FullTest_2907,"Rank(Ts_Rank(open, 10))",ASI,MINVOL3M,INDUSTRY,0,1,P2Y,0.08,OFF,ON
FullTest_2908,"Rank(Ts_Rank(open, 10))",ASI,MINVOL3M,INDUSTRY,0,1,P2Y,0.08,OFF,OFF
FullTest_2909,"Rank(Ts_Rank(open, 10))",ASI,MINVOL3M,INDUSTRY,0,1,P2Y,0.01,ON,ON
FullTest_2910,"Rank(Ts_Rank(open, 10))",ASI,MINVOL3M,INDUSTRY,0,1,P2Y,0.01,ON,OFF
FullTest_2911,"Rank(Ts_Rank(open, 10))",ASI,MINVOL3M,INDUSTRY,0,1,P2Y,0.01,OFF,ON
FullTest_2912,"Rank(Ts_Rank(open, 10))",ASI,MINVOL3M,INDUSTRY,0,1,P2Y,0.01,OFF,OFF
FullTest_2913,"Rank(Ts_Rank(open, 10))",ASI,MINVOL3M,INDUSTRY,5,0,P1Y,0.08,ON,ON
FullTest_2914,"Rank(Ts_Rank(open, 10))",ASI,MINVOL3M,INDUSTRY,5,0,P1Y,0.08,ON,OFF
FullTest_2915,"Rank(Ts_Rank(open, 10))",ASI,MINVOL3M,INDUSTRY,5,0,P1Y,0.08,OFF,ON
FullTest_2916,"Rank(Ts_Rank(open, 10))",ASI,MINVOL3M,INDUSTRY,5,0,P1Y,0.08,OFF,OFF
FullTest_2917,"Rank(Ts_Rank(open, 10))",ASI,MINVOL3M,INDUSTRY,5,0,P1Y,0.01,ON,ON
FullTest_2918,"Rank(Ts_Rank(open, 10))",ASI,MINVOL3M,INDUSTRY,5,0,P1Y,0.01,ON,OFF
FullTest_2919,"Rank(Ts_Rank(open, 10))",ASI,MINVOL3M,INDUSTRY,5,0,P1Y,0.01,OFF,ON
FullTest_2920,"Rank(Ts_Rank(open, 10))",ASI,MINVOL3M,INDUSTRY,5,0,P1Y,0.01,OFF,OFF
FullTest_2921,"Rank(Ts_Rank(open, 10))",ASI,MINVOL3M,INDUSTRY,5,0,P2Y,0.08,ON,ON
FullTest_2922,"Rank(Ts_Rank(open, 10))",ASI,MINVOL3M,INDUSTRY,5,0,P2Y,0.08,ON,OFF
FullTest_2923,"Rank(Ts_Rank(open, 10))",ASI,MINVOL3M,INDUSTRY,5,0,P2Y,0.08,OFF,ON
FullTest_2924,"Rank(Ts_Rank(open, 10))",ASI,MINVOL3M,INDUSTRY,5,0,P2Y,0.08,OFF,OFF
FullTest_2925,"Rank(Ts_Rank(open, 10))",ASI,MINVOL3M,INDUSTRY,5,0,P2Y,0.01,ON,ON
FullTest_2926,"Rank(Ts_Rank(open, 10))",ASI,MINVOL3M,INDUSTRY,5,0,P2Y,0.01,ON,OFF
FullTest_2927,"Rank(Ts_Rank(open, 10))",ASI,MINVOL3M,INDUSTRY,5,0,P2Y,0.01,OFF,ON
FullTest_2928,"Rank(Ts_Rank(open, 10))",ASI,MINVOL3M,INDUSTRY,5,0,P2Y,0.01,OFF,OFF
FullTest_2929,"Rank(Ts_Rank(open, 10))",ASI,MINVOL3M,INDUSTRY,5,1,P1Y,0.08,ON,ON
FullTest_2930,"Rank(Ts_Rank(open, 10))",ASI,MINVOL3M,INDUSTRY,5,1,P1Y,0.08,ON,OFF
FullTest_2931,"Rank(Ts_Rank(open, 10))",ASI,MINVOL3M,INDUSTRY,5,1,P1Y,0.08,OFF,ON
FullTest_2932,"Rank(Ts_Rank(open, 10))",ASI,MINVOL3M,INDUSTRY,5,1,P1Y,0.08,OFF,OFF
FullTest_2933,"Rank(Ts_Rank(open, 10))",ASI,MINVOL3M,INDUSTRY,5,1,P1Y,0.01,ON,ON
FullTest_2934,"Rank(Ts_Rank(open, 10))",ASI,MINVOL3M,INDUSTRY,5,1,P1Y,0.01,ON,OFF
FullTest_2935,"Rank(Ts_Rank(open, 10))",ASI,MINVOL3M,INDUSTRY,5,1,P1Y,0.01,OFF,ON
FullTest_2936,"Rank(Ts_Rank(open, 10))",ASI,MINVOL3M,INDUSTRY,5,1,P1Y,0.01,OFF,OFF
FullTest_2937,"Rank(Ts_Rank(open, 10))",ASI,MINVOL3M,INDUSTRY,5,1,P2Y,0.08,ON,ON
FullTest_2938,"Rank(Ts_Rank(open, 10))",ASI,MINVOL3M,INDUSTRY,5,1,P2Y,0.08,ON,OFF
FullTest_2939,"Rank(Ts_Rank(open, 10))",ASI,MINVOL3M,INDUSTRY,5,1,P2Y,0.08,OFF,ON
FullTest_2940,"Rank(Ts_Rank(open, 10))",ASI,MINVOL3M,INDUSTRY,5,1,P2Y,0.08,OFF,OFF
FullTest_2941,"Rank(Ts_Rank(open, 10))",ASI,MINVOL3M,INDUSTRY,5,1,P2Y,0.01,ON,ON
FullTest_2942,"Rank(Ts_Rank(open, 10))",ASI,MINVOL3M,INDUSTRY,5,1,P2Y,0.01,ON,OFF
FullTest_2943,"Rank(Ts_Rank(open, 10))",ASI,MINVOL3M,INDUSTRY,5,1,P2Y,0.01,OFF,ON
FullTest_2944,"Rank(Ts_Rank(open, 10))",ASI,MINVOL3M,INDUSTRY,5,1,P2Y,0.01,OFF,OFF
FullTest_2945,"Rank(Ts_Rank(open, 10))",ASI,MINVOL3M,MARKET,0,0,P1Y,0.08,ON,ON
FullTest_2946,"Rank(Ts_Rank(open, 10))",ASI,MINVOL3M,MARKET,0,0,P1Y,0.08,ON,OFF
FullTest_2947,"Rank(Ts_Rank(open, 10))",ASI,MINVOL3M,MARKET,0,0,P1Y,0.08,OFF,ON
FullTest_2948,"Rank(Ts_Rank(open, 10))",ASI,MINVOL3M,MARKET,0,0,P1Y,0.08,OFF,OFF
FullTest_2949,"Rank(Ts_Rank(open, 10))",ASI,MINVOL3M,MARKET,0,0,P1Y,0.01,ON,ON
FullTest_2950,"Rank(Ts_Rank(open, 10))",ASI,MINVOL3M,MARKET,0,0,P1Y,0.01,ON,OFF
FullTest_2951,"Rank(Ts_Rank(open, 10))",ASI,MINVOL3M,MARKET,0,0,P1Y,0.01,OFF,ON
FullTest_2952,"Rank(Ts_Rank(open, 10))",ASI,MINVOL3M,MARKET,0,0,P1Y,0.01,OFF,OFF
FullTest_2953,"Rank(Ts_Rank(open, 10))",ASI,MINVOL3M,MARKET,0,0,P2Y,0.08,ON,ON
FullTest_2954,"Rank(Ts_Rank(open, 10))",ASI,MINVOL3M,MARKET,0,0,P2Y,0.08,ON,OFF
FullTest_2955,"Rank(Ts_Rank(open, 10))",ASI,MINVOL3M,MARKET,0,0,P2Y,0.08,OFF,ON
FullTest_2956,"Rank(Ts_Rank(open, 10))",ASI,MINVOL3M,MARKET,0,0,P2Y,0.08,OFF,OFF
FullTest_2957,"Rank(Ts_Rank(open, 10))",ASI,MINVOL3M,MARKET,0,0,P2Y,0.01,ON,ON
FullTest_2958,"Rank(Ts_Rank(open, 10))",ASI,MINVOL3M,MARKET,0,0,P2Y,0.01,ON,OFF
FullTest_2959,"Rank(Ts_Rank(open, 10))",ASI,MINVOL3M,MARKET,0,0,P2Y,0.01,OFF,ON
FullTest_2960,"Rank(Ts_Rank(open, 10))",ASI,MINVOL3M,MARKET,0,0,P2Y,0.01,OFF,OFF
FullTest_2961,"Rank(Ts_Rank(open, 10))",ASI,MINVOL3M,MARKET,0,1,P1Y,0.08,ON,ON
FullTest_2962,"Rank(Ts_Rank(open, 10))",ASI,MINVOL3M,MARKET,0,1,P1Y,0.08,ON,OFF
FullTest_2963,"Rank(Ts_Rank(open, 10))",ASI,MINVOL3M,MARKET,0,1,P1Y,0.08,OFF,ON
FullTest_2964,"Rank(Ts_Rank(open, 10))",ASI,MINVOL3M,MARKET,0,1,P1Y,0.08,OFF,OFF
FullTest_2965,"Rank(Ts_Rank(open, 10))",ASI,MINVOL3M,MARKET,0,1,P1Y,0.01,ON,ON
FullTest_2966,"Rank(Ts_Rank(open, 10))",ASI,MINVOL3M,MARKET,0,1,P1Y,0.01,ON,OFF
FullTest_2967,"Rank(Ts_Rank(open, 10))",ASI,MINVOL3M,MARKET,0,1,P1Y,0.01,OFF,ON
FullTest_2968,"Rank(Ts_Rank(open, 10))",ASI,MINVOL3M,MARKET,0,1,P1Y,0.01,OFF,OFF
FullTest_2969,"Rank(Ts_Rank(open, 10))",ASI,MINVOL3M,MARKET,0,1,P2Y,0.08,ON,ON
FullTest_2970,"Rank(Ts_Rank(open, 10))",ASI,MINVOL3M,MARKET,0,1,P2Y,0.08,ON,OFF
FullTest_2971,"Rank(Ts_Rank(open, 10))",ASI,MINVOL3M,MARKET,0,1,P2Y,0.08,OFF,ON
FullTest_2972,"Rank(Ts_Rank(open, 10))",ASI,MINVOL3M,MARKET,0,1,P2Y,0.08,OFF,OFF
FullTest_2973,"Rank(Ts_Rank(open, 10))",ASI,MINVOL3M,MARKET,0,1,P2Y,0.01,ON,ON
FullTest_2974,"Rank(Ts_Rank(open, 10))",ASI,MINVOL3M,MARKET,0,1,P2Y,0.01,ON,OFF
FullTest_2975,"Rank(Ts_Rank(open, 10))",ASI,MINVOL3M,MARKET,0,1,P2Y,0.01,OFF,ON
FullTest_2976,"Rank(Ts_Rank(open, 10))",ASI,MINVOL3M,MARKET,0,1,P2Y,0.01,OFF,OFF
FullTest_2977,"Rank(Ts_Rank(open, 10))",ASI,MINVOL3M,MARKET,5,0,P1Y,0.08,ON,ON
FullTest_2978,"Rank(Ts_Rank(open, 10))",ASI,MINVOL3M,MARKET,5,0,P1Y,0.08,ON,OFF
FullTest_2979,"Rank(Ts_Rank(open, 10))",ASI,MINVOL3M,MARKET,5,0,P1Y,0.08,OFF,ON
FullTest_2980,"Rank(Ts_Rank(open, 10))",ASI,MINVOL3M,MARKET,5,0,P1Y,0.08,OFF,OFF
FullTest_2981,"Rank(Ts_Rank(open, 10))",ASI,MINVOL3M,MARKET,5,0,P1Y,0.01,ON,ON
FullTest_2982,"Rank(Ts_Rank(open, 10))",ASI,MINVOL3M,MARKET,5,0,P1Y,0.01,ON,OFF
FullTest_2983,"Rank(Ts_Rank(open, 10))",ASI,MINVOL3M,MARKET,5,0,P1Y,0.01,OFF,ON
FullTest_2984,"Rank(Ts_Rank(open, 10))",ASI,MINVOL3M,MARKET,5,0,P1Y,0.01,OFF,OFF
FullTest_2985,"Rank(Ts_Rank(open, 10))",ASI,MINVOL3M,MARKET,5,0,P2Y,0.08,ON,ON
FullTest_2986,"Rank(Ts_Rank(open, 10))",ASI,MINVOL3M,MARKET,5,0,P2Y,0.08,ON,OFF
FullTest_2987,"Rank(Ts_Rank(open, 10))",ASI,MINVOL3M,MARKET,5,0,P2Y,0.08,OFF,ON
FullTest_2988,"Rank(Ts_Rank(open, 10))",ASI,MINVOL3M,MARKET,5,0,P2Y,0.08,OFF,OFF
FullTest_2989,"Rank(Ts_Rank(open, 10))",ASI,MINVOL3M,MARKET,5,0,P2Y,0.01,ON,ON
FullTest_2990,"Rank(Ts_Rank(open, 10))",ASI,MINVOL3M,MARKET,5,0,P2Y,0.01,ON,OFF
FullTest_2991,"Rank(Ts_Rank(open, 10))",ASI,MINVOL3M,MARKET,5,0,P2Y,0.01,OFF,ON
FullTest_2992,"Rank(Ts_Rank(open, 10))",ASI,MINVOL3M,MARKET,5,0,P2Y,0.01,OFF,OFF
FullTest_2993,"Rank(Ts_Rank(open, 10))",ASI,MINVOL3M,MARKET,5,1,P1Y,0.08,ON,ON
FullTest_2994,"Rank(Ts_Rank(open, 10))",ASI,MINVOL3M,MARKET,5,1,P1Y,0.08,ON,OFF
FullTest_2995,"Rank(Ts_Rank(open, 10))",ASI,MINVOL3M,MARKET,5,1,P1Y,0.08,OFF,ON
FullTest_2996,"Rank(Ts_Rank(open, 10))",ASI,MINVOL3M,MARKET,5,1,P1Y,0.08,OFF,OFF
FullTest_2997,"Rank(Ts_Rank(open, 10))",ASI,MINVOL3M,MARKET,5,1,P1Y,0.01,ON,ON
FullTest_2998,"Rank(Ts_Rank(open, 10))",ASI,MINVOL3M,MARKET,5,1,P1Y,0.01,ON,OFF
FullTest_2999,"Rank(Ts_Rank(open, 10))",ASI,MINVOL3M,MARKET,5,1,P1Y,0.01,OFF,ON
FullTest_3000,"Rank(Ts_Rank(open, 10))",ASI,MINVOL3M,MARKET,5,1,P1Y,0.01,OFF,OFF
FullTest_3001,"Rank(Ts_Rank(open, 10))",ASI,MINVOL3M,MARKET,5,1,P2Y,0.08,ON,ON
FullTest_3002,"Rank(Ts_Rank(open, 10))",ASI,MINVOL3M,MARKET,5,1,P2Y,0.08,ON,OFF
FullTest_3003,"Rank(Ts_Rank(open, 10))",ASI,MINVOL3M,MARKET,5,1,P2Y,0.08,OFF,ON
FullTest_3004,"Rank(Ts_Rank(open, 10))",ASI,MINVOL3M,MARKET,5,1,P2Y,0.08,OFF,OFF
FullTest_3005,"Rank(Ts_Rank(open, 10))",ASI,MINVOL3M,MARKET,5,1,P2Y,0.01,ON,ON
FullTest_3006,"Rank(Ts_Rank(open, 10))",ASI,MINVOL3M,MARKET,5,1,P2Y,0.01,ON,OFF
FullTest_3007,"Rank(Ts_Rank(open, 10))",ASI,MINVOL3M,MARKET,5,1,P2Y,0.01,OFF,ON
FullTest_3008,"Rank(Ts_Rank(open, 10))",ASI,MINVOL3M,MARKET,5,1,P2Y,0.01,OFF,OFF
FullTest_3009,"Rank(Ts_Rank(open, 10))",ASI,MINVOL3M,NONE,0,0,P1Y,0.08,ON,ON
FullTest_3010,"Rank(Ts_Rank(open, 10))",ASI,MINVOL3M,NONE,0,0,P1Y,0.08,ON,OFF
FullTest_3011,"Rank(Ts_Rank(open, 10))",ASI,MINVOL3M,NONE,0,0,P1Y,0.08,OFF,ON
FullTest_3012,"Rank(Ts_Rank(open, 10))",ASI,MINVOL3M,NONE,0,0,P1Y,0.08,OFF,OFF
FullTest_3013,"Rank(Ts_Rank(open, 10))",ASI,MINVOL3M,NONE,0,0,P1Y,0.01,ON,ON
FullTest_3014,"Rank(Ts_Rank(open, 10))",ASI,MINVOL3M,NONE,0,0,P1Y,0.01,ON,OFF
FullTest_3015,"Rank(Ts_Rank(open, 10))",ASI,MINVOL3M,NONE,0,0,P1Y,0.01,OFF,ON
FullTest_3016,"Rank(Ts_Rank(open, 10))",ASI,MINVOL3M,NONE,0,0,P1Y,0.01,OFF,OFF
FullTest_3017,"Rank(Ts_Rank(open, 10))",ASI,MINVOL3M,NONE,0,0,P2Y,0.08,ON,ON
FullTest_3018,"Rank(Ts_Rank(open, 10))",ASI,MINVOL3M,NONE,0,0,P2Y,0.08,ON,OFF
FullTest_3019,"Rank(Ts_Rank(open, 10))",ASI,MINVOL3M,NONE,0,0,P2Y,0.08,OFF,ON
FullTest_3020,"Rank(Ts_Rank(open, 10))",ASI,MINVOL3M,NONE,0,0,P2Y,0.08,OFF,OFF
FullTest_3021,"Rank(Ts_Rank(open, 10))",ASI,MINVOL3M,NONE,0,0,P2Y,0.01,ON,ON
FullTest_3022,"Rank(Ts_Rank(open, 10))",ASI,MINVOL3M,NONE,0,0,P2Y,0.01,ON,OFF
FullTest_3023,"Rank(Ts_Rank(open, 10))",ASI,MINVOL3M,NONE,0,0,P2Y,0.01,OFF,ON
FullTest_3024,"Rank(Ts_Rank(open, 10))",ASI,MINVOL3M,NONE,0,0,P2Y,0.01,OFF,OFF
FullTest_3025,"Rank(Ts_Rank(open, 10))",ASI,MINVOL3M,NONE,0,1,P1Y,0.08,ON,ON
FullTest_3026,"Rank(Ts_Rank(open, 10))",ASI,MINVOL3M,NONE,0,1,P1Y,0.08,ON,OFF
FullTest_3027,"Rank(Ts_Rank(open, 10))",ASI,MINVOL3M,NONE,0,1,P1Y,0.08,OFF,ON
FullTest_3028,"Rank(Ts_Rank(open, 10))",ASI,MINVOL3M,NONE,0,1,P1Y,0.08,OFF,OFF
FullTest_3029,"Rank(Ts_Rank(open, 10))",ASI,MINVOL3M,NONE,0,1,P1Y,0.01,ON,ON
FullTest_3030,"Rank(Ts_Rank(open, 10))",ASI,MINVOL3M,NONE,0,1,P1Y,0.01,ON,OFF
FullTest_3031,"Rank(Ts_Rank(open, 10))",ASI,MINVOL3M,NONE,0,1,P1Y,0.01,OFF,ON
FullTest_3032,"Rank(Ts_Rank(open, 10))",ASI,MINVOL3M,NONE,0,1,P1Y,0.01,OFF,OFF
FullTest_3033,"Rank(Ts_Rank(open, 10))",ASI,MINVOL3M,NONE,0,1,P2Y,0.08,ON,ON
FullTest_3034,"Rank(Ts_Rank(open, 10))",ASI,MINVOL3M,NONE,0,1,P2Y,0.08,ON,OFF
FullTest_3035,"Rank(Ts_Rank(open, 10))",ASI,MINVOL3M,NONE,0,1,P2Y,0.08,OFF,ON
FullTest_3036,"Rank(Ts_Rank(open, 10))",ASI,MINVOL3M,NONE,0,1,P2Y,0.08,OFF,OFF
FullTest_3037,"Rank(Ts_Rank(open, 10))",ASI,MINVOL3M,NONE,0,1,P2Y,0.01,ON,ON
FullTest_3038,"Rank(Ts_Rank(open, 10))",ASI,MINVOL3M,NONE,0,1,P2Y,0.01,ON,OFF
FullTest_3039,"Rank(Ts_Rank(open, 10))",ASI,MINVOL3M,NONE,0,1,P2Y,0.01,OFF,ON
FullTest_3040,"Rank(Ts_Rank(open, 10))",ASI,MINVOL3M,NONE,0,1,P2Y,0.01,OFF,OFF
FullTest_3041,"Rank(Ts_Rank(open, 10))",ASI,MINVOL3M,NONE,5,0,P1Y,0.08,ON,ON
FullTest_3042,"Rank(Ts_Rank(open, 10))",ASI,MINVOL3M,NONE,5,0,P1Y,0.08,ON,OFF
FullTest_3043,"Rank(Ts_Rank(open, 10))",ASI,MINVOL3M,NONE,5,0,P1Y,0.08,OFF,ON
FullTest_3044,"Rank(Ts_Rank(open, 10))",ASI,MINVOL3M,NONE,5,0,P1Y,0.08,OFF,OFF
FullTest_3045,"Rank(Ts_Rank(open, 10))",ASI,MINVOL3M,NONE,5,0,P1Y,0.01,ON,ON
FullTest_3046,"Rank(Ts_Rank(open, 10))",ASI,MINVOL3M,NONE,5,0,P1Y,0.01,ON,OFF
FullTest_3047,"Rank(Ts_Rank(open, 10))",ASI,MINVOL3M,NONE,5,0,P1Y,0.01,OFF,ON
FullTest_3048,"Rank(Ts_Rank(open, 10))",ASI,MINVOL3M,NONE,5,0,P1Y,0.01,OFF,OFF
FullTest_3049,"Rank(Ts_Rank(open, 10))",ASI,MINVOL3M,NONE,5,0,P2Y,0.08,ON,ON
FullTest_3050,"Rank(Ts_Rank(open, 10))",ASI,MINVOL3M,NONE,5,0,P2Y,0.08,ON,OFF
FullTest_3051,"Rank(Ts_Rank(open, 10))",ASI,MINVOL3M,NONE,5,0,P2Y,0.08,OFF,ON
FullTest_3052,"Rank(Ts_Rank(open, 10))",ASI,MINVOL3M,NONE,5,0,P2Y,0.08,OFF,OFF
FullTest_3053,"Rank(Ts_Rank(open, 10))",ASI,MINVOL3M,NONE,5,0,P2Y,0.01,ON,ON
FullTest_3054,"Rank(Ts_Rank(open, 10))",ASI,MINVOL3M,NONE,5,0,P2Y,0.01,ON,OFF
FullTest_3055,"Rank(Ts_Rank(open, 10))",ASI,MINVOL3M,NONE,5,0,P2Y,0.01,OFF,ON
FullTest_3056,"Rank(Ts_Rank(open, 10))",ASI,MINVOL3M,NONE,5,0,P2Y,0.01,OFF,OFF
FullTest_3057,"Rank(Ts_Rank(open, 10))",ASI,MINVOL3M,NONE,5,1,P1Y,0.08,ON,ON
FullTest_3058,"Rank(Ts_Rank(open, 10))",ASI,MINVOL3M,NONE,5,1,P1Y,0.08,ON,OFF
FullTest_3059,"Rank(Ts_Rank(open, 10))",ASI,MINVOL3M,NONE,5,1,P1Y,0.08,OFF,ON
FullTest_3060,"Rank(Ts_Rank(open, 10))",ASI,MINVOL3M,NONE,5,1,P1Y,0.08,OFF,OFF
FullTest_3061,"Rank(Ts_Rank(open, 10))",ASI,MINVOL3M,NONE,5,1,P1Y,0.01,ON,ON
FullTest_3062,"Rank(Ts_Rank(open, 10))",ASI,MINVOL3M,NONE,5,1,P1Y,0.01,ON,OFF
FullTest_3063,"Rank(Ts_Rank(open, 10))",ASI,MINVOL3M,NONE,5,1,P1Y,0.01,OFF,ON
FullTest_3064,"Rank(Ts_Rank(open, 10))",ASI,MINVOL3M,NONE,5,1,P1Y,0.01,OFF,OFF
FullTest_3065,"Rank(Ts_Rank(open, 10))",ASI,MINVOL3M,NONE,5,1,P2Y,0.08,ON,ON
FullTest_3066,"Rank(Ts_Rank(open, 10))",ASI,MINVOL3M,NONE,5,1,P2Y,0.08,ON,OFF
FullTest_3067,"Rank(Ts_Rank(open, 10))",ASI,MINVOL3M,NONE,5,1,P2Y,0.08,OFF,ON
FullTest_3068,"Rank(Ts_Rank(open, 10))",ASI,MINVOL3M,NONE,5,1,P2Y,0.08,OFF,OFF
FullTest_3069,"Rank(Ts_Rank(open, 10))",ASI,MINVOL3M,NONE,5,1,P2Y,0.01,ON,ON
FullTest_3070,"Rank(Ts_Rank(open, 10))",ASI,MINVOL3M,NONE,5,1,P2Y,0.01,ON,OFF
FullTest_3071,"Rank(Ts_Rank(open, 10))",ASI,MINVOL3M,NONE,5,1,P2Y,0.01,OFF,ON
FullTest_3072,"Rank(Ts_Rank(open, 10))",ASI,MINVOL3M,NONE,5,1,P2Y,0.01,OFF,OFF
FullTest_3073,"Rank(Ts_Rank(open, 10))",EUR,TOP3000,INDUSTRY,0,0,P1Y,0.08,ON,ON
FullTest_3074,"Rank(Ts_Rank(open, 10))",EUR,TOP3000,INDUSTRY,0,0,P1Y,0.08,ON,OFF
FullTest_3075,"Rank(Ts_Rank(open, 10))",EUR,TOP3000,INDUSTRY,0,0,P1Y,0.08,OFF,ON
FullTest_3076,"Rank(Ts_Rank(open, 10))",EUR,TOP3000,INDUSTRY,0,0,P1Y,0.08,OFF,OFF
FullTest_3077,"Rank(Ts_Rank(open, 10))",EUR,TOP3000,INDUSTRY,0,0,P1Y,0.01,ON,ON
FullTest_3078,"Rank(Ts_Rank(open, 10))",EUR,TOP3000,INDUSTRY,0,0,P1Y,0.01,ON,OFF
FullTest_3079,"Rank(Ts_Rank(open, 10))",EUR,TOP3000,INDUSTRY,0,0,P1Y,0.01,OFF,ON
FullTest_3080,"Rank(Ts_Rank(open, 10))",EUR,TOP3000,INDUSTRY,0,0,P1Y,0.01,OFF,OFF
FullTest_3081,"Rank(Ts_Rank(open, 10))",EUR,TOP3000,INDUSTRY,0,0,P2Y,0.08,ON,ON
FullTest_3082,"Rank(Ts_Rank(open, 10))",EUR,TOP3000,INDUSTRY,0,0,P2Y,0.08,ON,OFF
FullTest_3083,"Rank(Ts_Rank(open, 10))",EUR,TOP3000,INDUSTRY,0,0,P2Y,0.08,OFF,ON
FullTest_3084,"Rank(Ts_Rank(open, 10))",EUR,TOP3000,INDUSTRY,0,0,P2Y,0.08,OFF,OFF
FullTest_3085,"Rank(Ts_Rank(open, 10))",EUR,TOP3000,INDUSTRY,0,0,P2Y,0.01,ON,ON
FullTest_3086,"Rank(Ts_Rank(open, 10))",EUR,TOP3000,INDUSTRY,0,0,P2Y,0.01,ON,OFF
FullTest_3087,"Rank(Ts_Rank(open, 10))",EUR,TOP3000,INDUSTRY,0,0,P2Y,0.01,OFF,ON
FullTest_3088,"Rank(Ts_Rank(open, 10))",EUR,TOP3000,INDUSTRY,0,0,P2Y,0.01,OFF,OFF
FullTest_3089,"Rank(Ts_Rank(open, 10))",EUR,TOP3000,INDUSTRY,0,1,P1Y,0.08,ON,ON
FullTest_3090,"Rank(Ts_Rank(open, 10))",EUR,TOP3000,INDUSTRY,0,1,P1Y,0.08,ON,OFF
FullTest_3091,"Rank(Ts_Rank(open, 10))",EUR,TOP3000,INDUSTRY,0,1,P1Y,0.08,OFF,ON
FullTest_3092,"Rank(Ts_Rank(open, 10))",EUR,TOP3000,INDUSTRY,0,1,P1Y,0.08,OFF,OFF
FullTest_3093,"Rank(Ts_Rank(open, 10))",EUR,TOP3000,INDUSTRY,0,1,P1Y,0.01,ON,ON
FullTest_3094,"Rank(Ts_Rank(open, 10))",EUR,TOP3000,INDUSTRY,0,1,P1Y,0.01,ON,OFF
FullTest_3095,"Rank(Ts_Rank(open, 10))",EUR,TOP3000,INDUSTRY,0,1,P1Y,0.01,OFF,ON
FullTest_3096,"Rank(Ts_Rank(open, 10))",EUR,TOP3000,INDUSTRY,0,1,P1Y,0.01,OFF,OFF
FullTest_3097,"Rank(Ts_Rank(open, 10))",EUR,TOP3000,INDUSTRY,0,1,P2Y,0.08,ON,ON
FullTest_3098,"Rank(Ts_Rank(open, 10))",EUR,TOP3000,INDUSTRY,0,1,P2Y,0.08,ON,OFF
FullTest_3099,"Rank(Ts_Rank(open, 10))",EUR,TOP3000,INDUSTRY,0,1,P2Y,0.08,OFF,ON
FullTest_3100,"Rank(Ts_Rank(open, 10))",EUR,TOP3000,INDUSTRY,0,1,P2Y,0.08,OFF,OFF
FullTest_3101,"Rank(Ts_Rank(open, 10))",EUR,TOP3000,INDUSTRY,0,1,P2Y,0.01,ON,ON
FullTest_3102,"Rank(Ts_Rank(open, 10))",EUR,TOP3000,INDUSTRY,0,1,P2Y,0.01,ON,OFF
FullTest_3103,"Rank(Ts_Rank(open, 10))",EUR,TOP3000,INDUSTRY,0,1,P2Y,0.01,OFF,ON
FullTest_3104,"Rank(Ts_Rank(open, 10))",EUR,TOP3000,INDUSTRY,0,1,P2Y,0.01,OFF,OFF
FullTest_3105,"Rank(Ts_Rank(open, 10))",EUR,TOP3000,INDUSTRY,5,0,P1Y,0.08,ON,ON
FullTest_3106,"Rank(Ts_Rank(open, 10))",EUR,TOP3000,INDUSTRY,5,0,P1Y,0.08,ON,OFF
FullTest_3107,"Rank(Ts_Rank(open, 10))",EUR,TOP3000,INDUSTRY,5,0,P1Y,0.08,OFF,ON
FullTest_3108,"Rank(Ts_Rank(open, 10))",EUR,TOP3000,INDUSTRY,5,0,P1Y,0.08,OFF,OFF
FullTest_3109,"Rank(Ts_Rank(open, 10))",EUR,TOP3000,INDUSTRY,5,0,P1Y,0.01,ON,ON
FullTest_3110,"Rank(Ts_Rank(open, 10))",EUR,TOP3000,INDUSTRY,5,0,P1Y,0.01,ON,OFF
FullTest_3111,"Rank(Ts_Rank(open, 10))",EUR,TOP3000,INDUSTRY,5,0,P1Y,0.01,OFF,ON
FullTest_3112,"Rank(Ts_Rank(open, 10))",EUR,TOP3000,INDUSTRY,5,0,P1Y,0.01,OFF,OFF
FullTest_3113,"Rank(Ts_Rank(open, 10))",EUR,TOP3000,INDUSTRY,5,0,P2Y,0.08,ON,ON
FullTest_3114,"Rank(Ts_Rank(open, 10))",EUR,TOP3000,INDUSTRY,5,0,P2Y,0.08,ON,OFF
FullTest_3115,"Rank(Ts_Rank(open, 10))",EUR,TOP3000,INDUSTRY,5,0,P2Y,0.08,OFF,ON
FullTest_3116,"Rank(Ts_Rank(open, 10))",EUR,TOP3000,INDUSTRY,5,0,P2Y,0.08,OFF,OFF
FullTest_3117,"Rank(Ts_Rank(open, 10))",EUR,TOP3000,INDUSTRY,5,0,P2Y,0.01,ON,ON
FullTest_3118,"Rank(Ts_Rank(open, 10))",EUR,TOP3000,INDUSTRY,5,0,P2Y,0.01,ON,OFF
FullTest_3119,"Rank(Ts_Rank(open, 10))",EUR,TOP3000,INDUSTRY,5,0,P2Y,0.01,OFF,ON
FullTest_3120,"Rank(Ts_Rank(open, 10))",EUR,TOP3000,INDUSTRY,5,0,P2Y,0.01,OFF,OFF
FullTest_3121,"Rank(Ts_Rank(open, 10))",EUR,TOP3000,INDUSTRY,5,1,P1Y,0.08,ON,ON
FullTest_3122,"Rank(Ts_Rank(open, 10))",EUR,TOP3000,INDUSTRY,5,1,P1Y,0.08,ON,OFF
FullTest_3123,"Rank(Ts_Rank(open, 10))",EUR,TOP3000,INDUSTRY,5,1,P1Y,0.08,OFF,ON
FullTest_3124,"Rank(Ts_Rank(open, 10))",EUR,TOP3000,INDUSTRY,5,1,P1Y,0.08,OFF,OFF
FullTest_3125,"Rank(Ts_Rank(open, 10))",EUR,TOP3000,INDUSTRY,5,1,P1Y,0.01,ON,ON
FullTest_3126,"Rank(Ts_Rank(open, 10))",EUR,TOP3000,INDUSTRY,5,1,P1Y,0.01,ON,OFF
FullTest_3127,"Rank(Ts_Rank(open, 10))",EUR,TOP3000,INDUSTRY,5,1,P1Y,0.01,OFF,ON
FullTest_3128,"Rank(Ts_Rank(open, 10))",EUR,TOP3000,INDUSTRY,5,1,P1Y,0.01,OFF,OFF
FullTest_3129,"Rank(Ts_Rank(open, 10))",EUR,TOP3000,INDUSTRY,5,1,P2Y,0.08,ON,ON
FullTest_3130,"Rank(Ts_Rank(open, 10))",EUR,TOP3000,INDUSTRY,5,1,P2Y,0.08,ON,OFF
FullTest_3131,"Rank(Ts_Rank(open, 10))",EUR,TOP3000,INDUSTRY,5,1,P2Y,0.08,OFF,ON
FullTest_3132,"Rank(Ts_Rank(open, 10))",EUR,TOP3000,INDUSTRY,5,1,P2Y,0.08,OFF,OFF
FullTest_3133,"Rank(Ts_Rank(open, 10))",EUR,TOP3000,INDUSTRY,5,1,P2Y,0.01,ON,ON
FullTest_3134,"Rank(Ts_Rank(open, 10))",EUR,TOP3000,INDUSTRY,5,1,P2Y,0.01,ON,OFF
FullTest_3135,"Rank(Ts_Rank(open, 10))",EUR,TOP3000,INDUSTRY,5,1,P2Y,0.01,OFF,ON
FullTest_3136,"Rank(Ts_Rank(open, 10))",EUR,TOP3000,INDUSTRY,5,1,P2Y,0.01,OFF,OFF
FullTest_3137,"Rank(Ts_Rank(open, 10))",EUR,TOP3000,MARKET,0,0,P1Y,0.08,ON,ON
FullTest_3138,"Rank(Ts_Rank(open, 10))",EUR,TOP3000,MARKET,0,0,P1Y,0.08,ON,OFF
FullTest_3139,"Rank(Ts_Rank(open, 10))",EUR,TOP3000,MARKET,0,0,P1Y,0.08,OFF,ON
FullTest_3140,"Rank(Ts_Rank(open, 10))",EUR,TOP3000,MARKET,0,0,P1Y,0.08,OFF,OFF
FullTest_3141,"Rank(Ts_Rank(open, 10))",EUR,TOP3000,MARKET,0,0,P1Y,0.01,ON,ON
FullTest_3142,"Rank(Ts_Rank(open, 10))",EUR,TOP3000,MARKET,0,0,P1Y,0.01,ON,OFF
FullTest_3143,"Rank(Ts_Rank(open, 10))",EUR,TOP3000,MARKET,0,0,P1Y,0.01,OFF,ON
FullTest_3144,"Rank(Ts_Rank(open, 10))",EUR,TOP3000,MARKET,0,0,P1Y,0.01,OFF,OFF
FullTest_3145,"Rank(Ts_Rank(open, 10))",EUR,TOP3000,MARKET,0,0,P2Y,0.08,ON,ON
FullTest_3146,"Rank(Ts_Rank(open, 10))",EUR,TOP3000,MARKET,0,0,P2Y,0.08,ON,OFF
FullTest_3147,"Rank(Ts_Rank(open, 10))",EUR,TOP3000,MARKET,0,0,P2Y,0.08,OFF,ON
FullTest_3148,"Rank(Ts_Rank(open, 10))",EUR,TOP3000,MARKET,0,0,P2Y,0.08,OFF,OFF
FullTest_3149,"Rank(Ts_Rank(open, 10))",EUR,TOP3000,MARKET,0,0,P2Y,0.01,ON,ON
FullTest_3150,"Rank(Ts_Rank(open, 10))",EUR,TOP3000,MARKET,0,0,P2Y,0.01,ON,OFF
FullTest_3151,"Rank(Ts_Rank(open, 10))",EUR,TOP3000,MARKET,0,0,P2Y,0.01,OFF,ON
FullTest_3152,"Rank(Ts_Rank(open, 10))",EUR,TOP3000,MARKET,0,0,P2Y,0.01,OFF,OFF
FullTest_3153,"Rank(Ts_Rank(open, 10))",EUR,TOP3000,MARKET,0,1,P1Y,0.08,ON,ON
FullTest_3154,"Rank(Ts_Rank(open, 10))",EUR,TOP3000,MARKET,0,1,P1Y,0.08,ON,OFF
FullTest_3155,"Rank(Ts_Rank(open, 10))",EUR,TOP3000,MARKET,0,1,P1Y,0.08,OFF,ON
FullTest_3156,"Rank(Ts_Rank(open, 10))",EUR,TOP3000,MARKET,0,1,P1Y,0.08,OFF,OFF
FullTest_3157,"Rank(Ts_Rank(open, 10))",EUR,TOP3000,MARKET,0,1,P1Y,0.01,ON,ON
FullTest_3158,"Rank(Ts_Rank(open, 10))",EUR,TOP3000,MARKET,0,1,P1Y,0.01,ON,OFF
FullTest_3159,"Rank(Ts_Rank(open, 10))",EUR,TOP3000,MARKET,0,1,P1Y,0.01,OFF,ON
FullTest_3160,"Rank(Ts_Rank(open, 10))",EUR,TOP3000,MARKET,0,1,P1Y,0.01,OFF,OFF
FullTest_3161,"Rank(Ts_Rank(open, 10))",EUR,TOP3000,MARKET,0,1,P2Y,0.08,ON,ON
FullTest_3162,"Rank(Ts_Rank(open, 10))",EUR,TOP3000,MARKET,0,1,P2Y,0.08,ON,OFF
FullTest_3163,"Rank(Ts_Rank(open, 10))",EUR,TOP3000,MARKET,0,1,P2Y,0.08,OFF,ON
FullTest_3164,"Rank(Ts_Rank(open, 10))",EUR,TOP3000,MARKET,0,1,P2Y,0.08,OFF,OFF
FullTest_3165,"Rank(Ts_Rank(open, 10))",EUR,TOP3000,MARKET,0,1,P2Y,0.01,ON,ON
FullTest_3166,"Rank(Ts_Rank(open, 10))",EUR,TOP3000,MARKET,0,1,P2Y,0.01,ON,OFF
FullTest_3167,"Rank(Ts_Rank(open, 10))",EUR,TOP3000,MARKET,0,1,P2Y,0.01,OFF,ON
FullTest_3168,"Rank(Ts_Rank(open, 10))",EUR,TOP3000,MARKET,0,1,P2Y,0.01,OFF,OFF
FullTest_3169,"Rank(Ts_Rank(open, 10))",EUR,TOP3000,MARKET,5,0,P1Y,0.08,ON,ON
FullTest_3170,"Rank(Ts_Rank(open, 10))",EUR,TOP3000,MARKET,5,0,P1Y,0.08,ON,OFF
FullTest_3171,"Rank(Ts_Rank(open, 10))",EUR,TOP3000,MARKET,5,0,P1Y,0.08,OFF,ON
FullTest_3172,"Rank(Ts_Rank(open, 10))",EUR,TOP3000,MARKET,5,0,P1Y,0.08,OFF,OFF
FullTest_3173,"Rank(Ts_Rank(open, 10))",EUR,TOP3000,MARKET,5,0,P1Y,0.01,ON,ON
FullTest_3174,"Rank(Ts_Rank(open, 10))",EUR,TOP3000,MARKET,5,0,P1Y,0.01,ON,OFF
FullTest_3175,"Rank(Ts_Rank(open, 10))",EUR,TOP3000,MARKET,5,0,P1Y,0.01,OFF,ON
FullTest_3176,"Rank(Ts_Rank(open, 10))",EUR,TOP3000,MARKET,5,0,P1Y,0.01,OFF,OFF
FullTest_3177,"Rank(Ts_Rank(open, 10))",EUR,TOP3000,MARKET,5,0,P2Y,0.08,ON,ON
FullTest_3178,"Rank(Ts_Rank(open, 10))",EUR,TOP3000,MARKET,5,0,P2Y,0.08,ON,OFF
FullTest_3179,"Rank(Ts_Rank(open, 10))",EUR,TOP3000,MARKET,5,0,P2Y,0.08,OFF,ON
FullTest_3180,"Rank(Ts_Rank(open, 10))",EUR,TOP3000,MARKET,5,0,P2Y,0.08,OFF,OFF
FullTest_3181,"Rank(Ts_Rank(open, 10))",EUR,TOP3000,MARKET,5,0,P2Y,0.01,ON,ON
FullTest_3182,"Rank(Ts_Rank(open, 10))",EUR,TOP3000,MARKET,5,0,P2Y,0.01,ON,OFF
FullTest_3183,"Rank(Ts_Rank(open, 10))",EUR,TOP3000,MARKET,5,0,P2Y,0.01,OFF,ON
FullTest_3184,"Rank(Ts_Rank(open, 10))",EUR,TOP3000,MARKET,5,0,P2Y,0.01,OFF,OFF
FullTest_3185,"Rank(Ts_Rank(open, 10))",EUR,TOP3000,MARKET,5,1,P1Y,0.08,ON,ON
FullTest_3186,"Rank(Ts_Rank(open, 10))",EUR,TOP3000,MARKET,5,1,P1Y,0.08,ON,OFF
FullTest_3187,"Rank(Ts_Rank(open, 10))",EUR,TOP3000,MARKET,5,1,P1Y,0.08,OFF,ON
FullTest_3188,"Rank(Ts_Rank(open, 10))",EUR,TOP3000,MARKET,5,1,P1Y,0.08,OFF,OFF
FullTest_3189,"Rank(Ts_Rank(open, 10))",EUR,TOP3000,MARKET,5,1,P1Y,0.01,ON,ON
FullTest_3190,"Rank(Ts_Rank(open, 10))",EUR,TOP3000,MARKET,5,1,P1Y,0.01,ON,OFF
FullTest_3191,"Rank(Ts_Rank(open, 10))",EUR,TOP3000,MARKET,5,1,P1Y,0.01,OFF,ON
FullTest_3192,"Rank(Ts_Rank(open, 10))",EUR,TOP3000,MARKET,5,1,P1Y,0.01,OFF,OFF
FullTest_3193,"Rank(Ts_Rank(open, 10))",EUR,TOP3000,MARKET,5,1,P2Y,0.08,ON,ON
FullTest_3194,"Rank(Ts_Rank(open, 10))",EUR,TOP3000,MARKET,5,1,P2Y,0.08,ON,OFF
FullTest_3195,"Rank(Ts_Rank(open, 10))",EUR,TOP3000,MARKET,5,1,P2Y,0.08,OFF,ON
FullTest_3196,"Rank(Ts_Rank(open, 10))",EUR,TOP3000,MARKET,5,1,P2Y,0.08,OFF,OFF
FullTest_3197,"Rank(Ts_Rank(open, 10))",EUR,TOP3000,MARKET,5,1,P2Y,0.01,ON,ON
FullTest_3198,"Rank(Ts_Rank(open, 10))",EUR,TOP3000,MARKET,5,1,P2Y,0.01,ON,OFF
FullTest_3199,"Rank(Ts_Rank(open, 10))",EUR,TOP3000,MARKET,5,1,P2Y,0.01,OFF,ON
FullTest_3200,"Rank(Ts_Rank(open, 10))",EUR,TOP3000,MARKET,5,1,P2Y,0.01,OFF,OFF
FullTest_3201,"Rank(Ts_Rank(open, 10))",EUR,TOP3000,NONE,0,0,P1Y,0.08,ON,ON
FullTest_3202,"Rank(Ts_Rank(open, 10))",EUR,TOP3000,NONE,0,0,P1Y,0.08,ON,OFF
FullTest_3203,"Rank(Ts_Rank(open, 10))",EUR,TOP3000,NONE,0,0,P1Y,0.08,OFF,ON
FullTest_3204,"Rank(Ts_Rank(open, 10))",EUR,TOP3000,NONE,0,0,P1Y,0.08,OFF,OFF
FullTest_3205,"Rank(Ts_Rank(open, 10))",EUR,TOP3000,NONE,0,0,P1Y,0.01,ON,ON
FullTest_3206,"Rank(Ts_Rank(open, 10))",EUR,TOP3000,NONE,0,0,P1Y,0.01,ON,OFF
FullTest_3207,"Rank(Ts_Rank(open, 10))",EUR,TOP3000,NONE,0,0,P1Y,0.01,OFF,ON
FullTest_3208,"Rank(Ts_Rank(open, 10))",EUR,TOP3000,NONE,0,0,P1Y,0.01,OFF,OFF
FullTest_3209,"Rank(Ts_Rank(open, 10))",EUR,TOP3000,NONE,0,0,P2Y,0.08,ON,ON
FullTest_3210,"Rank(Ts_Rank(open, 10))",EUR,TOP3000,NONE,0,0,P2Y,0.08,ON,OFF
FullTest_3211,"Rank(Ts_Rank(open, 10))",EUR,TOP3000,NONE,0,0,P2Y,0.08,OFF,ON
FullTest_3212,"Rank(Ts_Rank(open, 10))",EUR,TOP3000,NONE,0,0,P2Y,0.08,OFF,OFF
FullTest_3213,"Rank(Ts_Rank(open, 10))",EUR,TOP3000,NONE,0,0,P2Y,0.01,ON,ON
FullTest_3214,"Rank(Ts_Rank(open, 10))",EUR,TOP3000,NONE,0,0,P2Y,0.01,ON,OFF
FullTest_3215,"Rank(Ts_Rank(open, 10))",EUR,TOP3000,NONE,0,0,P2Y,0.01,OFF,ON
FullTest_3216,"Rank(Ts_Rank(open, 10))",EUR,TOP3000,NONE,0,0,P2Y,0.01,OFF,OFF
FullTest_3217,"Rank(Ts_Rank(open, 10))",EUR,TOP3000,NONE,0,1,P1Y,0.08,ON,ON
FullTest_3218,"Rank(Ts_Rank(open, 10))",EUR,TOP3000,NONE,0,1,P1Y,0.08,ON,OFF
FullTest_3219,"Rank(Ts_Rank(open, 10))",EUR,TOP3000,NONE,0,1,P1Y,0.08,OFF,ON
FullTest_3220,"Rank(Ts_Rank(open, 10))",EUR,TOP3000,NONE,0,1,P1Y,0.08,OFF,OFF
FullTest_3221,"Rank(Ts_Rank(open, 10))",EUR,TOP3000,NONE,0,1,P1Y,0.01,ON,ON
FullTest_3222,"Rank(Ts_Rank(open, 10))",EUR,TOP3000,NONE,0,1,P1Y,0.01,ON,OFF
FullTest_3223,"Rank(Ts_Rank(open, 10))",EUR,TOP3000,NONE,0,1,P1Y,0.01,OFF,ON
FullTest_3224,"Rank(Ts_Rank(open, 10))",EUR,TOP3000,NONE,0,1,P1Y,0.01,OFF,OFF
FullTest_3225,"Rank(Ts_Rank(open, 10))",EUR,TOP3000,NONE,0,1,P2Y,0.08,ON,ON
FullTest_3226,"Rank(Ts_Rank(open, 10))",EUR,TOP3000,NONE,0,1,P2Y,0.08,ON,OFF
FullTest_3227,"Rank(Ts_Rank(open, 10))",EUR,TOP3000,NONE,0,1,P2Y,0.08,OFF,ON
FullTest_3228,"Rank(Ts_Rank(open, 10))",EUR,TOP3000,NONE,0,1,P2Y,0.08,OFF,OFF
FullTest_3229,"Rank(Ts_Rank(open, 10))",EUR,TOP3000,NONE,0,1,P2Y,0.01,ON,ON
FullTest_3230,"Rank(Ts_Rank(open, 10))",EUR,TOP3000,NONE,0,1,P2Y,0.01,ON,OFF
FullTest_3231,"Rank(Ts_Rank(open, 10))",EUR,TOP3000,NONE,0,1,P2Y,0.01,OFF,ON
FullTest_3232,"Rank(Ts_Rank(open, 10))",EUR,TOP3000,NONE,0,1,P2Y,0.01,OFF,OFF
FullTest_3233,"Rank(Ts_Rank(open, 10))",EUR,TOP3000,NONE,5,0,P1Y,0.08,ON,ON
FullTest_3234,"Rank(Ts_Rank(open, 10))",EUR,TOP3000,NONE,5,0,P1Y,0.08,ON,OFF
FullTest_3235,"Rank(Ts_Rank(open, 10))",EUR,TOP3000,NONE,5,0,P1Y,0.08,OFF,ON
FullTest_3236,"Rank(Ts_Rank(open, 10))",EUR,TOP3000,NONE,5,0,P1Y,0.08,OFF,OFF
FullTest_3237,"Rank(Ts_Rank(open, 10))",EUR,TOP3000,NONE,5,0,P1Y,0.01,ON,ON
FullTest_3238,"Rank(Ts_Rank(open, 10))",EUR,TOP3000,NONE,5,0,P1Y,0.01,ON,OFF
FullTest_3239,"Rank(Ts_Rank(open, 10))",EUR,TOP3000,NONE,5,0,P1Y,0.01,OFF,ON
FullTest_3240,"Rank(Ts_Rank(open, 10))",EUR,TOP3000,NONE,5,0,P1Y,0.01,OFF,OFF
FullTest_3241,"Rank(Ts_Rank(open, 10))",EUR,TOP3000,NONE,5,0,P2Y,0.08,ON,ON
FullTest_3242,"Rank(Ts_Rank(open, 10))",EUR,TOP3000,NONE,5,0,P2Y,0.08,ON,OFF
FullTest_3243,"Rank(Ts_Rank(open, 10))",EUR,TOP3000,NONE,5,0,P2Y,0.08,OFF,ON
FullTest_3244,"Rank(Ts_Rank(open, 10))",EUR,TOP3000,NONE,5,0,P2Y,0.08,OFF,OFF
FullTest_3245,"Rank(Ts_Rank(open, 10))",EUR,TOP3000,NONE,5,0,P2Y,0.01,ON,ON
FullTest_3246,"Rank(Ts_Rank(open, 10))",EUR,TOP3000,NONE,5,0,P2Y,0.01,ON,OFF
FullTest_3247,"Rank(Ts_Rank(open, 10))",EUR,TOP3000,NONE,5,0,P2Y,0.01,OFF,ON
FullTest_3248,"Rank(Ts_Rank(open, 10))",EUR,TOP3000,NONE,5,0,P2Y,0.01,OFF,OFF
FullTest_3249,"Rank(Ts_Rank(open, 10))",EUR,TOP3000,NONE,5,1,P1Y,0.08,ON,ON
FullTest_3250,"Rank(Ts_Rank(open, 10))",EUR,TOP3000,NONE,5,1,P1Y,0.08,ON,OFF
FullTest_3251,"Rank(Ts_Rank(open, 10))",EUR,TOP3000,NONE,5,1,P1Y,0.08,OFF,ON
FullTest_3252,"Rank(Ts_Rank(open, 10))",EUR,TOP3000,NONE,5,1,P1Y,0.08,OFF,OFF
FullTest_3253,"Rank(Ts_Rank(open, 10))",EUR,TOP3000,NONE,5,1,P1Y,0.01,ON,ON
FullTest_3254,"Rank(Ts_Rank(open, 10))",EUR,TOP3000,NONE,5,1,P1Y,0.01,ON,OFF
FullTest_3255,"Rank(Ts_Rank(open, 10))",EUR,TOP3000,NONE,5,1,P1Y,0.01,OFF,ON
FullTest_3256,"Rank(Ts_Rank(open, 10))",EUR,TOP3000,NONE,5,1,P1Y,0.01,OFF,OFF
FullTest_3257,"Rank(Ts_Rank(open, 10))",EUR,TOP3000,NONE,5,1,P2Y,0.08,ON,ON
FullTest_3258,"Rank(Ts_Rank(open, 10))",EUR,TOP3000,NONE,5,1,P2Y,0.08,ON,OFF
FullTest_3259,"Rank(Ts_Rank(open, 10))",EUR,TOP3000,NONE,5,1,P2Y,0.08,OFF,ON
FullTest_3260,"Rank(Ts_Rank(open, 10))",EUR,TOP3000,NONE,5,1,P2Y,0.08,OFF,OFF
FullTest_3261,"Rank(Ts_Rank(open, 10))",EUR,TOP3000,NONE,5,1,P2Y,0.01,ON,ON
FullTest_3262,"Rank(Ts_Rank(open, 10))",EUR,TOP3000,NONE,5,1,P2Y,0.01,ON,OFF
FullTest_3263,"Rank(Ts_Rank(open, 10))",EUR,TOP3000,NONE,5,1,P2Y,0.01,OFF,ON
FullTest_3264,"Rank(Ts_Rank(open, 10))",EUR,TOP3000,NONE,5,1,P2Y,0.01,OFF,OFF
FullTest_3265,"Rank(Ts_Rank(open, 10))",EUR,MINVOL3M,INDUSTRY,0,0,P1Y,0.08,ON,ON
FullTest_3266,"Rank(Ts_Rank(open, 10))",EUR,MINVOL3M,INDUSTRY,0,0,P1Y,0.08,ON,OFF
FullTest_3267,"Rank(Ts_Rank(open, 10))",EUR,MINVOL3M,INDUSTRY,0,0,P1Y,0.08,OFF,ON
FullTest_3268,"Rank(Ts_Rank(open, 10))",EUR,MINVOL3M,INDUSTRY,0,0,P1Y,0.08,OFF,OFF
FullTest_3269,"Rank(Ts_Rank(open, 10))",EUR,MINVOL3M,INDUSTRY,0,0,P1Y,0.01,ON,ON
FullTest_3270,"Rank(Ts_Rank(open, 10))",EUR,MINVOL3M,INDUSTRY,0,0,P1Y,0.01,ON,OFF
FullTest_3271,"Rank(Ts_Rank(open, 10))",EUR,MINVOL3M,INDUSTRY,0,0,P1Y,0.01,OFF,ON
FullTest_3272,"Rank(Ts_Rank(open, 10))",EUR,MINVOL3M,INDUSTRY,0,0,P1Y,0.01,OFF,OFF
FullTest_3273,"Rank(Ts_Rank(open, 10))",EUR,MINVOL3M,INDUSTRY,0,0,P2Y,0.08,ON,ON
FullTest_3274,"Rank(Ts_Rank(open, 10))",EUR,MINVOL3M,INDUSTRY,0,0,P2Y,0.08,ON,OFF
FullTest_3275,"Rank(Ts_Rank(open, 10))",EUR,MINVOL3M,INDUSTRY,0,0,P2Y,0.08,OFF,ON
FullTest_3276,"Rank(Ts_Rank(open, 10))",EUR,MINVOL3M,INDUSTRY,0,0,P2Y,0.08,OFF,OFF
FullTest_3277,"Rank(Ts_Rank(open, 10))",EUR,MINVOL3M,INDUSTRY,0,0,P2Y,0.01,ON,ON
FullTest_3278,"Rank(Ts_Rank(open, 10))",EUR,MINVOL3M,INDUSTRY,0,0,P2Y,0.01,ON,OFF
FullTest_3279,"Rank(Ts_Rank(open, 10))",EUR,MINVOL3M,INDUSTRY,0,0,P2Y,0.01,OFF,ON
FullTest_3280,"Rank(Ts_Rank(open, 10))",EUR,MINVOL3M,INDUSTRY,0,0,P2Y,0.01,OFF,OFF
FullTest_3281,"Rank(Ts_Rank(open, 10))",EUR,MINVOL3M,INDUSTRY,0,1,P1Y,0.08,ON,ON
FullTest_3282,"Rank(Ts_Rank(open, 10))",EUR,MINVOL3M,INDUSTRY,0,1,P1Y,0.08,ON,OFF
FullTest_3283,"Rank(Ts_Rank(open, 10))",EUR,MINVOL3M,INDUSTRY,0,1,P1Y,0.08,OFF,ON
FullTest_3284,"Rank(Ts_Rank(open, 10))",EUR,MINVOL3M,INDUSTRY,0,1,P1Y,0.08,OFF,OFF
FullTest_3285,"Rank(Ts_Rank(open, 10))",EUR,MINVOL3M,INDUSTRY,0,1,P1Y,0.01,ON,ON
FullTest_3286,"Rank(Ts_Rank(open, 10))",EUR,MINVOL3M,INDUSTRY,0,1,P1Y,0.01,ON,OFF
FullTest_3287,"Rank(Ts_Rank(open, 10))",EUR,MINVOL3M,INDUSTRY,0,1,P1Y,0.01,OFF,ON
FullTest_3288,"Rank(Ts_Rank(open, 10))",EUR,MINVOL3M,INDUSTRY,0,1,P1Y,0.01,OFF,OFF
FullTest_3289,"Rank(Ts_Rank(open, 10))",EUR,MINVOL3M,INDUSTRY,0,1,P2Y,0.08,ON,ON
FullTest_3290,"Rank(Ts_Rank(open, 10))",EUR,MINVOL3M,INDUSTRY,0,1,P2Y,0.08,ON,OFF
FullTest_3291,"Rank(Ts_Rank(open, 10))",EUR,MINVOL3M,INDUSTRY,0,1,P2Y,0.08,OFF,ON
FullTest_3292,"Rank(Ts_Rank(open, 10))",EUR,MINVOL3M,INDUSTRY,0,1,P2Y,0.08,OFF,OFF
FullTest_3293,"Rank(Ts_Rank(open, 10))",EUR,MINVOL3M,INDUSTRY,0,1,P2Y,0.01,ON,ON
FullTest_3294,"Rank(Ts_Rank(open, 10))",EUR,MINVOL3M,INDUSTRY,0,1,P2Y,0.01,ON,OFF
FullTest_3295,"Rank(Ts_Rank(open, 10))",EUR,MINVOL3M,INDUSTRY,0,1,P2Y,0.01,OFF,ON
FullTest_3296,"Rank(Ts_Rank(open, 10))",EUR,MINVOL3M,INDUSTRY,0,1,P2Y,0.01,OFF,OFF
FullTest_3297,"Rank(Ts_Rank(open, 10))",EUR,MINVOL3M,INDUSTRY,5,0,P1Y,0.08,ON,ON
FullTest_3298,"Rank(Ts_Rank(open, 10))",EUR,MINVOL3M,INDUSTRY,5,0,P1Y,0.08,ON,OFF
FullTest_3299,"Rank(Ts_Rank(open, 10))",EUR,MINVOL3M,INDUSTRY,5,0,P1Y,0.08,OFF,ON
FullTest_3300,"Rank(Ts_Rank(open, 10))",EUR,MINVOL3M,INDUSTRY,5,0,P1Y,0.08,OFF,OFF
FullTest_3301,"Rank(Ts_Rank(open, 10))",EUR,MINVOL3M,INDUSTRY,5,0,P1Y,0.01,ON,ON
FullTest_3302,"Rank(Ts_Rank(open, 10))",EUR,MINVOL3M,INDUSTRY,5,0,P1Y,0.01,ON,OFF
FullTest_3303,"Rank(Ts_Rank(open, 10))",EUR,MINVOL3M,INDUSTRY,5,0,P1Y,0.01,OFF,ON
FullTest_3304,"Rank(Ts_Rank(open, 10))",EUR,MINVOL3M,INDUSTRY,5,0,P1Y,0.01,OFF,OFF
FullTest_3305,"Rank(Ts_Rank(open, 10))",EUR,MINVOL3M,INDUSTRY,5,0,P2Y,0.08,ON,ON
FullTest_3306,"Rank(Ts_Rank(open, 10))",EUR,MINVOL3M,INDUSTRY,5,0,P2Y,0.08,ON,OFF
FullTest_3307,"Rank(Ts_Rank(open, 10))",EUR,MINVOL3M,INDUSTRY,5,0,P2Y,0.08,OFF,ON
FullTest_3308,"Rank(Ts_Rank(open, 10))",EUR,MINVOL3M,INDUSTRY,5,0,P2Y,0.08,OFF,OFF
FullTest_3309,"Rank(Ts_Rank(open, 10))",EUR,MINVOL3M,INDUSTRY,5,0,P2Y,0.01,ON,ON
FullTest_3310,"Rank(Ts_Rank(open, 10))",EUR,MINVOL3M,INDUSTRY,5,0,P2Y,0.01,ON,OFF
FullTest_3311,"Rank(Ts_Rank(open, 10))",EUR,MINVOL3M,INDUSTRY,5,0,P2Y,0.01,OFF,ON
FullTest_3312,"Rank(Ts_Rank(open, 10))",EUR,MINVOL3M,INDUSTRY,5,0,P2Y,0.01,OFF,OFF
FullTest_3313,"Rank(Ts_Rank(open, 10))",EUR,MINVOL3M,INDUSTRY,5,1,P1Y,0.08,ON,ON
FullTest_3314,"Rank(Ts_Rank(open, 10))",EUR,MINVOL3M,INDUSTRY,5,1,P1Y,0.08,ON,OFF
FullTest_3315,"Rank(Ts_Rank(open, 10))",EUR,MINVOL3M,INDUSTRY,5,1,P1Y,0.08,OFF,ON
FullTest_3316,"Rank(Ts_Rank(open, 10))",EUR,MINVOL3M,INDUSTRY,5,1,P1Y,0.08,OFF,OFF
FullTest_3317,"Rank(Ts_Rank(open, 10))",EUR,MINVOL3M,INDUSTRY,5,1,P1Y,0.01,ON,ON
FullTest_3318,"Rank(Ts_Rank(open, 10))",EUR,MINVOL3M,INDUSTRY,5,1,P1Y,0.01,ON,OFF
FullTest_3319,"Rank(Ts_Rank(open, 10))",EUR,MINVOL3M,INDUSTRY,5,1,P1Y,0.01,OFF,ON
FullTest_3320,"Rank(Ts_Rank(open, 10))",EUR,MINVOL3M,INDUSTRY,5,1,P1Y,0.01,OFF,OFF
FullTest_3321,"Rank(Ts_Rank(open, 10))",EUR,MINVOL3M,INDUSTRY,5,1,P2Y,0.08,ON,ON
FullTest_3322,"Rank(Ts_Rank(open, 10))",EUR,MINVOL3M,INDUSTRY,5,1,P2Y,0.08,ON,OFF
FullTest_3323,"Rank(Ts_Rank(open, 10))",EUR,MINVOL3M,INDUSTRY,5,1,P2Y,0.08,OFF,ON
FullTest_3324,"Rank(Ts_Rank(open, 10))",EUR,MINVOL3M,INDUSTRY,5,1,P2Y,0.08,OFF,OFF
FullTest_3325,"Rank(Ts_Rank(open, 10))",EUR,MINVOL3M,INDUSTRY,5,1,P2Y,0.01,ON,ON
FullTest_3326,"Rank(Ts_Rank(open, 10))",EUR,MINVOL3M,INDUSTRY,5,1,P2Y,0.01,ON,OFF
FullTest_3327,"Rank(Ts_Rank(open, 10))",EUR,MINVOL3M,INDUSTRY,5,1,P2Y,0.01,OFF,ON
FullTest_3328,"Rank(Ts_Rank(open, 10))",EUR,MINVOL3M,INDUSTRY,5,1,P2Y,0.01,OFF,OFF
FullTest_3329,"Rank(Ts_Rank(open, 10))",EUR,MINVOL3M,MARKET,0,0,P1Y,0.08,ON,ON
FullTest_3330,"Rank(Ts_Rank(open, 10))",EUR,MINVOL3M,MARKET,0,0,P1Y,0.08,ON,OFF
FullTest_3331,"Rank(Ts_Rank(open, 10))",EUR,MINVOL3M,MARKET,0,0,P1Y,0.08,OFF,ON
FullTest_3332,"Rank(Ts_Rank(open, 10))",EUR,MINVOL3M,MARKET,0,0,P1Y,0.08,OFF,OFF
FullTest_3333,"Rank(Ts_Rank(open, 10))",EUR,MINVOL3M,MARKET,0,0,P1Y,0.01,ON,ON
FullTest_3334,"Rank(Ts_Rank(open, 10))",EUR,MINVOL3M,MARKET,0,0,P1Y,0.01,ON,OFF
FullTest_3335,"Rank(Ts_Rank(open, 10))",EUR,MINVOL3M,MARKET,0,0,P1Y,0.01,OFF,ON
FullTest_3336,"Rank(Ts_Rank(open, 10))",EUR,MINVOL3M,MARKET,0,0,P1Y,0.01,OFF,OFF
FullTest_3337,"Rank(Ts_Rank(open, 10))",EUR,MINVOL3M,MARKET,0,0,P2Y,0.08,ON,ON
FullTest_3338,"Rank(Ts_Rank(open, 10))",EUR,MINVOL3M,MARKET,0,0,P2Y,0.08,ON,OFF
FullTest_3339,"Rank(Ts_Rank(open, 10))",EUR,MINVOL3M,MARKET,0,0,P2Y,0.08,OFF,ON
FullTest_3340,"Rank(Ts_Rank(open, 10))",EUR,MINVOL3M,MARKET,0,0,P2Y,0.08,OFF,OFF
FullTest_3341,"Rank(Ts_Rank(open, 10))",EUR,MINVOL3M,MARKET,0,0,P2Y,0.01,ON,ON
FullTest_3342,"Rank(Ts_Rank(open, 10))",EUR,MINVOL3M,MARKET,0,0,P2Y,0.01,ON,OFF
FullTest_3343,"Rank(Ts_Rank(open, 10))",EUR,MINVOL3M,MARKET,0,0,P2Y,0.01,OFF,ON
FullTest_3344,"Rank(Ts_Rank(open, 10))",EUR,MINVOL3M,MARKET,0,0,P2Y,0.01,OFF,OFF
FullTest_3345,"Rank(Ts_Rank(open, 10))",EUR,MINVOL3M,MARKET,0,1,P1Y,0.08,ON,ON
FullTest_3346,"Rank(Ts_Rank(open, 10))",EUR,MINVOL3M,MARKET,0,1,P1Y,0.08,ON,OFF
FullTest_3347,"Rank(Ts_Rank(open, 10))",EUR,MINVOL3M,MARKET,0,1,P1Y,0.08,OFF,ON
FullTest_3348,"Rank(Ts_Rank(open, 10))",EUR,MINVOL3M,MARKET,0,1,P1Y,0.08,OFF,OFF
FullTest_3349,"Rank(Ts_Rank(open, 10))",EUR,MINVOL3M,MARKET,0,1,P1Y,0.01,ON,ON
FullTest_3350,"Rank(Ts_Rank(open, 10))",EUR,MINVOL3M,MARKET,0,1,P1Y,0.01,ON,OFF
FullTest_3351,"Rank(Ts_Rank(open, 10))",EUR,MINVOL3M,MARKET,0,1,P1Y,0.01,OFF,ON
FullTest_3352,"Rank(Ts_Rank(open, 10))",EUR,MINVOL3M,MARKET,0,1,P1Y,0.01,OFF,OFF
FullTest_3353,"Rank(Ts_Rank(open, 10))",EUR,MINVOL3M,MARKET,0,1,P2Y,0.08,ON,ON
FullTest_3354,"Rank(Ts_Rank(open, 10))",EUR,MINVOL3M,MARKET,0,1,P2Y,0.08,ON,OFF
FullTest_3355,"Rank(Ts_Rank(open, 10))",EUR,MINVOL3M,MARKET,0,1,P2Y,0.08,OFF,ON
FullTest_3356,"Rank(Ts_Rank(open, 10))",EUR,MINVOL3M,MARKET,0,1,P2Y,0.08,OFF,OFF
FullTest_3357,"Rank(Ts_Rank(open, 10))",EUR,MINVOL3M,MARKET,0,1,P2Y,0.01,ON,ON
FullTest_3358,"Rank(Ts_Rank(open, 10))",EUR,MINVOL3M,MARKET,0,1,P2Y,0.01,ON,OFF
FullTest_3359,"Rank(Ts_Rank(open, 10))",EUR,MINVOL3M,MARKET,0,1,P2Y,0.01,OFF,ON
FullTest_3360,"Rank(Ts_Rank(open, 10))",EUR,MINVOL3M,MARKET,0,1,P2Y,0.01,OFF,OFF
FullTest_3361,"Rank(Ts_Rank(open, 10))",EUR,MINVOL3M,MARKET,5,0,P1Y,0.08,ON,ON
FullTest_3362,"Rank(Ts_Rank(open, 10))",EUR,MINVOL3M,MARKET,5,0,P1Y,0.08,ON,OFF
FullTest_3363,"Rank(Ts_Rank(open, 10))",EUR,MINVOL3M,MARKET,5,0,P1Y,0.08,OFF,ON
FullTest_3364,"Rank(Ts_Rank(open, 10))",EUR,MINVOL3M,MARKET,5,0,P1Y,0.08,OFF,OFF
FullTest_3365,"Rank(Ts_Rank(open, 10))",EUR,MINVOL3M,MARKET,5,0,P1Y,0.01,ON,ON
FullTest_3366,"Rank(Ts_Rank(open, 10))",EUR,MINVOL3M,MARKET,5,0,P1Y,0.01,ON,OFF
FullTest_3367,"Rank(Ts_Rank(open, 10))",EUR,MINVOL3M,MARKET,5,0,P1Y,0.01,OFF,ON
FullTest_3368,"Rank(Ts_Rank(open, 10))",EUR,MINVOL3M,MARKET,5,0,P1Y,0.01,OFF,OFF
FullTest_3369,"Rank(Ts_Rank(open, 10))",EUR,MINVOL3M,MARKET,5,0,P2Y,0.08,ON,ON
FullTest_3370,"Rank(Ts_Rank(open, 10))",EUR,MINVOL3M,MARKET,5,0,P2Y,0.08,ON,OFF
FullTest_3371,"Rank(Ts_Rank(open, 10))",EUR,MINVOL3M,MARKET,5,0,P2Y,0.08,OFF,ON
FullTest_3372,"Rank(Ts_Rank(open, 10))",EUR,MINVOL3M,MARKET,5,0,P2Y,0.08,OFF,OFF
FullTest_3373,"Rank(Ts_Rank(open, 10))",EUR,MINVOL3M,MARKET,5,0,P2Y,0.01,ON,ON
FullTest_3374,"Rank(Ts_Rank(open, 10))",EUR,MINVOL3M,MARKET,5,0,P2Y,0.01,ON,OFF
FullTest_3375,"Rank(Ts_Rank(open, 10))",EUR,MINVOL3M,MARKET,5,0,P2Y,0.01,OFF,ON
FullTest_3376,"Rank(Ts_Rank(open, 10))",EUR,MINVOL3M,MARKET,5,0,P2Y,0.01,OFF,OFF
FullTest_3377,"Rank(Ts_Rank(open, 10))",EUR,MINVOL3M,MARKET,5,1,P1Y,0.08,ON,ON
FullTest_3378,"Rank(Ts_Rank(open, 10))",EUR,MINVOL3M,MARKET,5,1,P1Y,0.08,ON,OFF
FullTest_3379,"Rank(Ts_Rank(open, 10))",EUR,MINVOL3M,MARKET,5,1,P1Y,0.08,OFF,ON
FullTest_3380,"Rank(Ts_Rank(open, 10))",EUR,MINVOL3M,MARKET,5,1,P1Y,0.08,OFF,OFF
FullTest_3381,"Rank(Ts_Rank(open, 10))",EUR,MINVOL3M,MARKET,5,1,P1Y,0.01,ON,ON
FullTest_3382,"Rank(Ts_Rank(open, 10))",EUR,MINVOL3M,MARKET,5,1,P1Y,0.01,ON,OFF
FullTest_3383,"Rank(Ts_Rank(open, 10))",EUR,MINVOL3M,MARKET,5,1,P1Y,0.01,OFF,ON
FullTest_3384,"Rank(Ts_Rank(open, 10))",EUR,MINVOL3M,MARKET,5,1,P1Y,0.01,OFF,OFF
FullTest_3385,"Rank(Ts_Rank(open, 10))",EUR,MINVOL3M,MARKET,5,1,P2Y,0.08,ON,ON
FullTest_3386,"Rank(Ts_Rank(open, 10))",EUR,MINVOL3M,MARKET,5,1,P2Y,0.08,ON,OFF
FullTest_3387,"Rank(Ts_Rank(open, 10))",EUR,MINVOL3M,MARKET,5,1,P2Y,0.08,OFF,ON
FullTest_3388,"Rank(Ts_Rank(open, 10))",EUR,MINVOL3M,MARKET,5,1,P2Y,0.08,OFF,OFF
FullTest_3389,"Rank(Ts_Rank(open, 10))",EUR,MINVOL3M,MARKET,5,1,P2Y,0.01,ON,ON
FullTest_3390,"Rank(Ts_Rank(open, 10))",EUR,MINVOL3M,MARKET,5,1,P2Y,0.01,ON,OFF
FullTest_3391,"Rank(Ts_Rank(open, 10))",EUR,MINVOL3M,MARKET,5,1,P2Y,0.01,OFF,ON
FullTest_3392,"Rank(Ts_Rank(open, 10))",EUR,MINVOL3M,MARKET,5,1,P2Y,0.01,OFF,OFF
FullTest_3393,"Rank(Ts_Rank(open, 10))",EUR,MINVOL3M,NONE,0,0,P1Y,0.08,ON,ON
FullTest_3394,"Rank(Ts_Rank(open, 10))",EUR,MINVOL3M,NONE,0,0,P1Y,0.08,ON,OFF
FullTest_3395,"Rank(Ts_Rank(open, 10))",EUR,MINVOL3M,NONE,0,0,P1Y,0.08,OFF,ON
FullTest_3396,"Rank(Ts_Rank(open, 10))",EUR,MINVOL3M,NONE,0,0,P1Y,0.08,OFF,OFF
FullTest_3397,"Rank(Ts_Rank(open, 10))",EUR,MINVOL3M,NONE,0,0,P1Y,0.01,ON,ON
FullTest_3398,"Rank(Ts_Rank(open, 10))",EUR,MINVOL3M,NONE,0,0,P1Y,0.01,ON,OFF
FullTest_3399,"Rank(Ts_Rank(open, 10))",EUR,MINVOL3M,NONE,0,0,P1Y,0.01,OFF,ON
FullTest_3400,"Rank(Ts_Rank(open, 10))",EUR,MINVOL3M,NONE,0,0,P1Y,0.01,OFF,OFF
FullTest_3401,"Rank(Ts_Rank(open, 10))",EUR,MINVOL3M,NONE,0,0,P2Y,0.08,ON,ON
FullTest_3402,"Rank(Ts_Rank(open, 10))",EUR,MINVOL3M,NONE,0,0,P2Y,0.08,ON,OFF
FullTest_3403,"Rank(Ts_Rank(open, 10))",EUR,MINVOL3M,NONE,0,0,P2Y,0.08,OFF,ON
FullTest_3404,"Rank(Ts_Rank(open, 10))",EUR,MINVOL3M,NONE,0,0,P2Y,0.08,OFF,OFF
FullTest_3405,"Rank(Ts_Rank(open, 10))",EUR,MINVOL3M,NONE,0,0,P2Y,0.01,ON,ON
FullTest_3406,"Rank(Ts_Rank(open, 10))",EUR,MINVOL3M,NONE,0,0,P2Y,0.01,ON,OFF
FullTest_3407,"Rank(Ts_Rank(open, 10))",EUR,MINVOL3M,NONE,0,0,P2Y,0.01,OFF,ON
FullTest_3408,"Rank(Ts_Rank(open, 10))",EUR,MINVOL3M,NONE,0,0,P2Y,0.01,OFF,OFF
FullTest_3409,"Rank(Ts_Rank(open, 10))",EUR,MINVOL3M,NONE,0,1,P1Y,0.08,ON,ON
FullTest_3410,"Rank(Ts_Rank(open, 10))",EUR,MINVOL3M,NONE,0,1,P1Y,0.08,ON,OFF
FullTest_3411,"Rank(Ts_Rank(open, 10))",EUR,MINVOL3M,NONE,0,1,P1Y,0.08,OFF,ON
FullTest_3412,"Rank(Ts_Rank(open, 10))",EUR,MINVOL3M,NONE,0,1,P1Y,0.08,OFF,OFF
FullTest_3413,"Rank(Ts_Rank(open, 10))",EUR,MINVOL3M,NONE,0,1,P1Y,0.01,ON,ON
FullTest_3414,"Rank(Ts_Rank(open, 10))",EUR,MINVOL3M,NONE,0,1,P1Y,0.01,ON,OFF
FullTest_3415,"Rank(Ts_Rank(open, 10))",EUR,MINVOL3M,NONE,0,1,P1Y,0.01,OFF,ON
FullTest_3416,"Rank(Ts_Rank(open, 10))",EUR,MINVOL3M,NONE,0,1,P1Y,0.01,OFF,OFF
FullTest_3417,"Rank(Ts_Rank(open, 10))",EUR,MINVOL3M,NONE,0,1,P2Y,0.08,ON,ON
FullTest_3418,"Rank(Ts_Rank(open, 10))",EUR,MINVOL3M,NONE,0,1,P2Y,0.08,ON,OFF
FullTest_3419,"Rank(Ts_Rank(open, 10))",EUR,MINVOL3M,NONE,0,1,P2Y,0.08,OFF,ON
FullTest_3420,"Rank(Ts_Rank(open, 10))",EUR,MINVOL3M,NONE,0,1,P2Y,0.08,OFF,OFF
FullTest_3421,"Rank(Ts_Rank(open, 10))",EUR,MINVOL3M,NONE,0,1,P2Y,0.01,ON,ON
FullTest_3422,"Rank(Ts_Rank(open, 10))",EUR,MINVOL3M,NONE,0,1,P2Y,0.01,ON,OFF
FullTest_3423,"Rank(Ts_Rank(open, 10))",EUR,MINVOL3M,NONE,0,1,P2Y,0.01,OFF,ON
FullTest_3424,"Rank(Ts_Rank(open, 10))",EUR,MINVOL3M,NONE,0,1,P2Y,0.01,OFF,OFF
FullTest_3425,"Rank(Ts_Rank(open, 10))",EUR,MINVOL3M,NONE,5,0,P1Y,0.08,ON,ON
FullTest_3426,"Rank(Ts_Rank(open, 10))",EUR,MINVOL3M,NONE,5,0,P1Y,0.08,ON,OFF
FullTest_3427,"Rank(Ts_Rank(open, 10))",EUR,MINVOL3M,NONE,5,0,P1Y,0.08,OFF,ON
FullTest_3428,"Rank(Ts_Rank(open, 10))",EUR,MINVOL3M,NONE,5,0,P1Y,0.08,OFF,OFF
FullTest_3429,"Rank(Ts_Rank(open, 10))",EUR,MINVOL3M,NONE,5,0,P1Y,0.01,ON,ON
FullTest_3430,"Rank(Ts_Rank(open, 10))",EUR,MINVOL3M,NONE,5,0,P1Y,0.01,ON,OFF
FullTest_3431,"Rank(Ts_Rank(open, 10))",EUR,MINVOL3M,NONE,5,0,P1Y,0.01,OFF,ON
FullTest_3432,"Rank(Ts_Rank(open, 10))",EUR,MINVOL3M,NONE,5,0,P1Y,0.01,OFF,OFF
FullTest_3433,"Rank(Ts_Rank(open, 10))",EUR,MINVOL3M,NONE,5,0,P2Y,0.08,ON,ON
FullTest_3434,"Rank(Ts_Rank(open, 10))",EUR,MINVOL3M,NONE,5,0,P2Y,0.08,ON,OFF
FullTest_3435,"Rank(Ts_Rank(open, 10))",EUR,MINVOL3M,NONE,5,0,P2Y,0.08,OFF,ON
FullTest_3436,"Rank(Ts_Rank(open, 10))",EUR,MINVOL3M,NONE,5,0,P2Y,0.08,OFF,OFF
FullTest_3437,"Rank(Ts_Rank(open, 10))",EUR,MINVOL3M,NONE,5,0,P2Y,0.01,ON,ON
FullTest_3438,"Rank(Ts_Rank(open, 10))",EUR,MINVOL3M,NONE,5,0,P2Y,0.01,ON,OFF
FullTest_3439,"Rank(Ts_Rank(open, 10))",EUR,MINVOL3M,NONE,5,0,P2Y,0.01,OFF,ON
FullTest_3440,"Rank(Ts_Rank(open, 10))",EUR,MINVOL3M,NONE,5,0,P2Y,0.01,OFF,OFF
FullTest_3441,"Rank(Ts_Rank(open, 10))",EUR,MINVOL3M,NONE,5,1,P1Y,0.08,ON,ON
FullTest_3442,"Rank(Ts_Rank(open, 10))",EUR,MINVOL3M,NONE,5,1,P1Y,0.08,ON,OFF
FullTest_3443,"Rank(Ts_Rank(open, 10))",EUR,MINVOL3M,NONE,5,1,P1Y,0.08,OFF,ON
FullTest_3444,"Rank(Ts_Rank(open, 10))",EUR,MINVOL3M,NONE,5,1,P1Y,0.08,OFF,OFF
FullTest_3445,"Rank(Ts_Rank(open, 10))",EUR,MINVOL3M,NONE,5,1,P1Y,0.01,ON,ON
FullTest_3446,"Rank(Ts_Rank(open, 10))",EUR,MINVOL3M,NONE,5,1,P1Y,0.01,ON,OFF
FullTest_3447,"Rank(Ts_Rank(open, 10))",EUR,MINVOL3M,NONE,5,1,P1Y,0.01,OFF,ON
FullTest_3448,"Rank(Ts_Rank(open, 10))",EUR,MINVOL3M,NONE,5,1,P1Y,0.01,OFF,OFF
FullTest_3449,"Rank(Ts_Rank(open, 10))",EUR,MINVOL3M,NONE,5,1,P2Y,0.08,ON,ON
FullTest_3450,"Rank(Ts_Rank(open, 10))",EUR,MINVOL3M,NONE,5,1,P2Y,0.08,ON,OFF
FullTest_3451,"Rank(Ts_Rank(open, 10))",EUR,MINVOL3M,NONE,5,1,P2Y,0.08,OFF,ON
FullTest_3452,"Rank(Ts_Rank(open, 10))",EUR,MINVOL3M,NONE,5,1,P2Y,0.08,OFF,OFF
FullTest_3453,"Rank(Ts_Rank(open, 10))",EUR,MINVOL3M,NONE,5,1,P2Y,0.01,ON,ON
FullTest_3454,"Rank(Ts_Rank(open, 10))",EUR,MINVOL3M,NONE,5,1,P2Y,0.01,ON,OFF
FullTest_3455,"Rank(Ts_Rank(open, 10))",EUR,MINVOL3M,NONE,5,1,P2Y,0.01,OFF,ON
FullTest_3456,"Rank(Ts_Rank(open, 10))",EUR,MINVOL3M,NONE,5,1,P2Y,0.01,OFF,OFF
FullTest_3457,"Rank(Ts_Rank(open, 20))",USA,TOP3000,INDUSTRY,0,0,P1Y,0.08,ON,ON
FullTest_3458,"Rank(Ts_Rank(open, 20))",USA,TOP3000,INDUSTRY,0,0,P1Y,0.08,ON,OFF
FullTest_3459,"Rank(Ts_Rank(open, 20))",USA,TOP3000,INDUSTRY,0,0,P1Y,0.08,OFF,ON
FullTest_3460,"Rank(Ts_Rank(open, 20))",USA,TOP3000,INDUSTRY,0,0,P1Y,0.08,OFF,OFF
FullTest_3461,"Rank(Ts_Rank(open, 20))",USA,TOP3000,INDUSTRY,0,0,P1Y,0.01,ON,ON
FullTest_3462,"Rank(Ts_Rank(open, 20))",USA,TOP3000,INDUSTRY,0,0,P1Y,0.01,ON,OFF
FullTest_3463,"Rank(Ts_Rank(open, 20))",USA,TOP3000,INDUSTRY,0,0,P1Y,0.01,OFF,ON
FullTest_3464,"Rank(Ts_Rank(open, 20))",USA,TOP3000,INDUSTRY,0,0,P1Y,0.01,OFF,OFF
FullTest_3465,"Rank(Ts_Rank(open, 20))",USA,TOP3000,INDUSTRY,0,0,P2Y,0.08,ON,ON
FullTest_3466,"Rank(Ts_Rank(open, 20))",USA,TOP3000,INDUSTRY,0,0,P2Y,0.08,ON,OFF
FullTest_3467,"Rank(Ts_Rank(open, 20))",USA,TOP3000,INDUSTRY,0,0,P2Y,0.08,OFF,ON
FullTest_3468,"Rank(Ts_Rank(open, 20))",USA,TOP3000,INDUSTRY,0,0,P2Y,0.08,OFF,OFF
FullTest_3469,"Rank(Ts_Rank(open, 20))",USA,TOP3000,INDUSTRY,0,0,P2Y,0.01,ON,ON
FullTest_3470,"Rank(Ts_Rank(open, 20))",USA,TOP3000,INDUSTRY,0,0,P2Y,0.01,ON,OFF
FullTest_3471,"Rank(Ts_Rank(open, 20))",USA,TOP3000,INDUSTRY,0,0,P2Y,0.01,OFF,ON
FullTest_3472,"Rank(Ts_Rank(open, 20))",USA,TOP3000,INDUSTRY,0,0,P2Y,0.01,OFF,OFF
FullTest_3473,"Rank(Ts_Rank(open, 20))",USA,TOP3000,INDUSTRY,0,1,P1Y,0.08,ON,ON
FullTest_3474,"Rank(Ts_Rank(open, 20))",USA,TOP3000,INDUSTRY,0,1,P1Y,0.08,ON,OFF
FullTest_3475,"Rank(Ts_Rank(open, 20))",USA,TOP3000,INDUSTRY,0,1,P1Y,0.08,OFF,ON
FullTest_3476,"Rank(Ts_Rank(open, 20))",USA,TOP3000,INDUSTRY,0,1,P1Y,0.08,OFF,OFF
FullTest_3477,"Rank(Ts_Rank(open, 20))",USA,TOP3000,INDUSTRY,0,1,P1Y,0.01,ON,ON
FullTest_3478,"Rank(Ts_Rank(open, 20))",USA,TOP3000,INDUSTRY,0,1,P1Y,0.01,ON,OFF
FullTest_3479,"Rank(Ts_Rank(open, 20))",USA,TOP3000,INDUSTRY,0,1,P1Y,0.01,OFF,ON
FullTest_3480,"Rank(Ts_Rank(open, 20))",USA,TOP3000,INDUSTRY,0,1,P1Y,0.01,OFF,OFF
FullTest_3481,"Rank(Ts_Rank(open, 20))",USA,TOP3000,INDUSTRY,0,1,P2Y,0.08,ON,ON
FullTest_3482,"Rank(Ts_Rank(open, 20))",USA,TOP3000,INDUSTRY,0,1,P2Y,0.08,ON,OFF
FullTest_3483,"Rank(Ts_Rank(open, 20))",USA,TOP3000,INDUSTRY,0,1,P2Y,0.08,OFF,ON
FullTest_3484,"Rank(Ts_Rank(open, 20))",USA,TOP3000,INDUSTRY,0,1,P2Y,0.08,OFF,OFF
FullTest_3485,"Rank(Ts_Rank(open, 20))",USA,TOP3000,INDUSTRY,0,1,P2Y,0.01,ON,ON
FullTest_3486,"Rank(Ts_Rank(open, 20))",USA,TOP3000,INDUSTRY,0,1,P2Y,0.01,ON,OFF
FullTest_3487,"Rank(Ts_Rank(open, 20))",USA,TOP3000,INDUSTRY,0,1,P2Y,0.01,OFF,ON
FullTest_3488,"Rank(Ts_Rank(open, 20))",USA,TOP3000,INDUSTRY,0,1,P2Y,0.01,OFF,OFF
FullTest_3489,"Rank(Ts_Rank(open, 20))",USA,TOP3000,INDUSTRY,5,0,P1Y,0.08,ON,ON
FullTest_3490,"Rank(Ts_Rank(open, 20))",USA,TOP3000,INDUSTRY,5,0,P1Y,0.08,ON,OFF
FullTest_3491,"Rank(Ts_Rank(open, 20))",USA,TOP3000,INDUSTRY,5,0,P1Y,0.08,OFF,ON
FullTest_3492,"Rank(Ts_Rank(open, 20))",USA,TOP3000,INDUSTRY,5,0,P1Y,0.08,OFF,OFF
FullTest_3493,"Rank(Ts_Rank(open, 20))",USA,TOP3000,INDUSTRY,5,0,P1Y,0.01,ON,ON
FullTest_3494,"Rank(Ts_Rank(open, 20))",USA,TOP3000,INDUSTRY,5,0,P1Y,0.01,ON,OFF
FullTest_3495,"Rank(Ts_Rank(open, 20))",USA,TOP3000,INDUSTRY,5,0,P1Y,0.01,OFF,ON
FullTest_3496,"Rank(Ts_Rank(open, 20))",USA,TOP3000,INDUSTRY,5,0,P1Y,0.01,OFF,OFF
FullTest_3497,"Rank(Ts_Rank(open, 20))",USA,TOP3000,INDUSTRY,5,0,P2Y,0.08,ON,ON
FullTest_3498,"Rank(Ts_Rank(open, 20))",USA,TOP3000,INDUSTRY,5,0,P2Y,0.08,ON,OFF
FullTest_3499,"Rank(Ts_Rank(open, 20))",USA,TOP3000,INDUSTRY,5,0,P2Y,0.08,OFF,ON
FullTest_3500,"Rank(Ts_Rank(open, 20))",USA,TOP3000,INDUSTRY,5,0,P2Y,0.08,OFF,OFF
FullTest_3501,"Rank(Ts_Rank(open, 20))",USA,TOP3000,INDUSTRY,5,0,P2Y,0.01,ON,ON
FullTest_3502,"Rank(Ts_Rank(open, 20))",USA,TOP3000,INDUSTRY,5,0,P2Y,0.01,ON,OFF
FullTest_3503,"Rank(Ts_Rank(open, 20))",USA,TOP3000,INDUSTRY,5,0,P2Y,0.01,OFF,ON
FullTest_3504,"Rank(Ts_Rank(open, 20))",USA,TOP3000,INDUSTRY,5,0,P2Y,0.01,OFF,OFF
FullTest_3505,"Rank(Ts_Rank(open, 20))",USA,TOP3000,INDUSTRY,5,1,P1Y,0.08,ON,ON
FullTest_3506,"Rank(Ts_Rank(open, 20))",USA,TOP3000,INDUSTRY,5,1,P1Y,0.08,ON,OFF
FullTest_3507,"Rank(Ts_Rank(open, 20))",USA,TOP3000,INDUSTRY,5,1,P1Y,0.08,OFF,ON
FullTest_3508,"Rank(Ts_Rank(open, 20))",USA,TOP3000,INDUSTRY,5,1,P1Y,0.08,OFF,OFF
FullTest_3509,"Rank(Ts_Rank(open, 20))",USA,TOP3000,INDUSTRY,5,1,P1Y,0.01,ON,ON
FullTest_3510,"Rank(Ts_Rank(open, 20))",USA,TOP3000,INDUSTRY,5,1,P1Y,0.01,ON,OFF
FullTest_3511,"Rank(Ts_Rank(open, 20))",USA,TOP3000,INDUSTRY,5,1,P1Y,0.01,OFF,ON
FullTest_3512,"Rank(Ts_Rank(open, 20))",USA,TOP3000,INDUSTRY,5,1,P1Y,0.01,OFF,OFF
FullTest_3513,"Rank(Ts_Rank(open, 20))",USA,TOP3000,INDUSTRY,5,1,P2Y,0.08,ON,ON
FullTest_3514,"Rank(Ts_Rank(open, 20))",USA,TOP3000,INDUSTRY,5,1,P2Y,0.08,ON,OFF
FullTest_3515,"Rank(Ts_Rank(open, 20))",USA,TOP3000,INDUSTRY,5,1,P2Y,0.08,OFF,ON
FullTest_3516,"Rank(Ts_Rank(open, 20))",USA,TOP3000,INDUSTRY,5,1,P2Y,0.08,OFF,OFF
FullTest_3517,"Rank(Ts_Rank(open, 20))",USA,TOP3000,INDUSTRY,5,1,P2Y,0.01,ON,ON
FullTest_3518,"Rank(Ts_Rank(open, 20))",USA,TOP3000,INDUSTRY,5,1,P2Y,0.01,ON,OFF
FullTest_3519,"Rank(Ts_Rank(open, 20))",USA,TOP3000,INDUSTRY,5,1,P2Y,0.01,OFF,ON
FullTest_3520,"Rank(Ts_Rank(open, 20))",USA,TOP3000,INDUSTRY,5,1,P2Y,0.01,OFF,OFF
FullTest_3521,"Rank(Ts_Rank(open, 20))",USA,TOP3000,MARKET,0,0,P1Y,0.08,ON,ON
FullTest_3522,"Rank(Ts_Rank(open, 20))",USA,TOP3000,MARKET,0,0,P1Y,0.08,ON,OFF
FullTest_3523,"Rank(Ts_Rank(open, 20))",USA,TOP3000,MARKET,0,0,P1Y,0.08,OFF,ON
FullTest_3524,"Rank(Ts_Rank(open, 20))",USA,TOP3000,MARKET,0,0,P1Y,0.08,OFF,OFF
FullTest_3525,"Rank(Ts_Rank(open, 20))",USA,TOP3000,MARKET,0,0,P1Y,0.01,ON,ON
FullTest_3526,"Rank(Ts_Rank(open, 20))",USA,TOP3000,MARKET,0,0,P1Y,0.01,ON,OFF
FullTest_3527,"Rank(Ts_Rank(open, 20))",USA,TOP3000,MARKET,0,0,P1Y,0.01,OFF,ON
FullTest_3528,"Rank(Ts_Rank(open, 20))",USA,TOP3000,MARKET,0,0,P1Y,0.01,OFF,OFF
FullTest_3529,"Rank(Ts_Rank(open, 20))",USA,TOP3000,MARKET,0,0,P2Y,0.08,ON,ON
FullTest_3530,"Rank(Ts_Rank(open, 20))",USA,TOP3000,MARKET,0,0,P2Y,0.08,ON,OFF
FullTest_3531,"Rank(Ts_Rank(open, 20))",USA,TOP3000,MARKET,0,0,P2Y,0.08,OFF,ON
FullTest_3532,"Rank(Ts_Rank(open, 20))",USA,TOP3000,MARKET,0,0,P2Y,0.08,OFF,OFF
FullTest_3533,"Rank(Ts_Rank(open, 20))",USA,TOP3000,MARKET,0,0,P2Y,0.01,ON,ON
FullTest_3534,"Rank(Ts_Rank(open, 20))",USA,TOP3000,MARKET,0,0,P2Y,0.01,ON,OFF
FullTest_3535,"Rank(Ts_Rank(open, 20))",USA,TOP3000,MARKET,0,0,P2Y,0.01,OFF,ON
FullTest_3536,"Rank(Ts_Rank(open, 20))",USA,TOP3000,MARKET,0,0,P2Y,0.01,OFF,OFF
FullTest_3537,"Rank(Ts_Rank(open, 20))",USA,TOP3000,MARKET,0,1,P1Y,0.08,ON,ON
FullTest_3538,"Rank(Ts_Rank(open, 20))",USA,TOP3000,MARKET,0,1,P1Y,0.08,ON,OFF
FullTest_3539,"Rank(Ts_Rank(open, 20))",USA,TOP3000,MARKET,0,1,P1Y,0.08,OFF,ON
FullTest_3540,"Rank(Ts_Rank(open, 20))",USA,TOP3000,MARKET,0,1,P1Y,0.08,OFF,OFF
FullTest_3541,"Rank(Ts_Rank(open, 20))",USA,TOP3000,MARKET,0,1,P1Y,0.01,ON,ON
FullTest_3542,"Rank(Ts_Rank(open, 20))",USA,TOP3000,MARKET,0,1,P1Y,0.01,ON,OFF
FullTest_3543,"Rank(Ts_Rank(open, 20))",USA,TOP3000,MARKET,0,1,P1Y,0.01,OFF,ON
FullTest_3544,"Rank(Ts_Rank(open, 20))",USA,TOP3000,MARKET,0,1,P1Y,0.01,OFF,OFF
FullTest_3545,"Rank(Ts_Rank(open, 20))",USA,TOP3000,MARKET,0,1,P2Y,0.08,ON,ON
FullTest_3546,"Rank(Ts_Rank(open, 20))",USA,TOP3000,MARKET,0,1,P2Y,0.08,ON,OFF
FullTest_3547,"Rank(Ts_Rank(open, 20))",USA,TOP3000,MARKET,0,1,P2Y,0.08,OFF,ON
FullTest_3548,"Rank(Ts_Rank(open, 20))",USA,TOP3000,MARKET,0,1,P2Y,0.08,OFF,OFF
FullTest_3549,"Rank(Ts_Rank(open, 20))",USA,TOP3000,MARKET,0,1,P2Y,0.01,ON,ON
FullTest_3550,"Rank(Ts_Rank(open, 20))",USA,TOP3000,MARKET,0,1,P2Y,0.01,ON,OFF
FullTest_3551,"Rank(Ts_Rank(open, 20))",USA,TOP3000,MARKET,0,1,P2Y,0.01,OFF,ON
FullTest_3552,"Rank(Ts_Rank(open, 20))",USA,TOP3000,MARKET,0,1,P2Y,0.01,OFF,OFF
FullTest_3553,"Rank(Ts_Rank(open, 20))",USA,TOP3000,MARKET,5,0,P1Y,0.08,ON,ON
FullTest_3554,"Rank(Ts_Rank(open, 20))",USA,TOP3000,MARKET,5,0,P1Y,0.08,ON,OFF
FullTest_3555,"Rank(Ts_Rank(open, 20))",USA,TOP3000,MARKET,5,0,P1Y,0.08,OFF,ON
FullTest_3556,"Rank(Ts_Rank(open, 20))",USA,TOP3000,MARKET,5,0,P1Y,0.08,OFF,OFF
FullTest_3557,"Rank(Ts_Rank(open, 20))",USA,TOP3000,MARKET,5,0,P1Y,0.01,ON,ON
FullTest_3558,"Rank(Ts_Rank(open, 20))",USA,TOP3000,MARKET,5,0,P1Y,0.01,ON,OFF
FullTest_3559,"Rank(Ts_Rank(open, 20))",USA,TOP3000,MARKET,5,0,P1Y,0.01,OFF,ON
FullTest_3560,"Rank(Ts_Rank(open, 20))",USA,TOP3000,MARKET,5,0,P1Y,0.01,OFF,OFF
FullTest_3561,"Rank(Ts_Rank(open, 20))",USA,TOP3000,MARKET,5,0,P2Y,0.08,ON,ON
FullTest_3562,"Rank(Ts_Rank(open, 20))",USA,TOP3000,MARKET,5,0,P2Y,0.08,ON,OFF
FullTest_3563,"Rank(Ts_Rank(open, 20))",USA,TOP3000,MARKET,5,0,P2Y,0.08,OFF,ON
FullTest_3564,"Rank(Ts_Rank(open, 20))",USA,TOP3000,MARKET,5,0,P2Y,0.08,OFF,OFF
FullTest_3565,"Rank(Ts_Rank(open, 20))",USA,TOP3000,MARKET,5,0,P2Y,0.01,ON,ON
FullTest_3566,"Rank(Ts_Rank(open, 20))",USA,TOP3000,MARKET,5,0,P2Y,0.01,ON,OFF
FullTest_3567,"Rank(Ts_Rank(open, 20))",USA,TOP3000,MARKET,5,0,P2Y,0.01,OFF,ON
FullTest_3568,"Rank(Ts_Rank(open, 20))",USA,TOP3000,MARKET,5,0,P2Y,0.01,OFF,OFF
FullTest_3569,"Rank(Ts_Rank(open, 20))",USA,TOP3000,MARKET,5,1,P1Y,0.08,ON,ON
FullTest_3570,"Rank(Ts_Rank(open, 20))",USA,TOP3000,MARKET,5,1,P1Y,0.08,ON,OFF
FullTest_3571,"Rank(Ts_Rank(open, 20))",USA,TOP3000,MARKET,5,1,P1Y,0.08,OFF,ON
FullTest_3572,"Rank(Ts_Rank(open, 20))",USA,TOP3000,MARKET,5,1,P1Y,0.08,OFF,OFF
FullTest_3573,"Rank(Ts_Rank(open, 20))",USA,TOP3000,MARKET,5,1,P1Y,0.01,ON,ON
FullTest_3574,"Rank(Ts_Rank(open, 20))",USA,TOP3000,MARKET,5,1,P1Y,0.01,ON,OFF
FullTest_3575,"Rank(Ts_Rank(open, 20))",USA,TOP3000,MARKET,5,1,P1Y,0.01,OFF,ON
FullTest_3576,"Rank(Ts_Rank(open, 20))",USA,TOP3000,MARKET,5,1,P1Y,0.01,OFF,OFF
FullTest_3577,"Rank(Ts_Rank(open, 20))",USA,TOP3000,MARKET,5,1,P2Y,0.08,ON,ON
FullTest_3578,"Rank(Ts_Rank(open, 20))",USA,TOP3000,MARKET,5,1,P2Y,0.08,ON,OFF
FullTest_3579,"Rank(Ts_Rank(open, 20))",USA,TOP3000,MARKET,5,1,P2Y,0.08,OFF,ON
FullTest_3580,"Rank(Ts_Rank(open, 20))",USA,TOP3000,MARKET,5,1,P2Y,0.08,OFF,OFF
FullTest_3581,"Rank(Ts_Rank(open, 20))",USA,TOP3000,MARKET,5,1,P2Y,0.01,ON,ON
FullTest_3582,"Rank(Ts_Rank(open, 20))",USA,TOP3000,MARKET,5,1,P2Y,0.01,ON,OFF
FullTest_3583,"Rank(Ts_Rank(open, 20))",USA,TOP3000,MARKET,5,1,P2Y,0.01,OFF,ON
FullTest_3584,"Rank(Ts_Rank(open, 20))",USA,TOP3000,MARKET,5,1,P2Y,0.01,OFF,OFF
FullTest_3585,"Rank(Ts_Rank(open, 20))",USA,TOP3000,NONE,0,0,P1Y,0.08,ON,ON
FullTest_3586,"Rank(Ts_Rank(open, 20))",USA,TOP3000,NONE,0,0,P1Y,0.08,ON,OFF
FullTest_3587,"Rank(Ts_Rank(open, 20))",USA,TOP3000,NONE,0,0,P1Y,0.08,OFF,ON
FullTest_3588,"Rank(Ts_Rank(open, 20))",USA,TOP3000,NONE,0,0,P1Y,0.08,OFF,OFF
FullTest_3589,"Rank(Ts_Rank(open, 20))",USA,TOP3000,NONE,0,0,P1Y,0.01,ON,ON
FullTest_3590,"Rank(Ts_Rank(open, 20))",USA,TOP3000,NONE,0,0,P1Y,0.01,ON,OFF
FullTest_3591,"Rank(Ts_Rank(open, 20))",USA,TOP3000,NONE,0,0,P1Y,0.01,OFF,ON
FullTest_3592,"Rank(Ts_Rank(open, 20))",USA,TOP3000,NONE,0,0,P1Y,0.01,OFF,OFF
FullTest_3593,"Rank(Ts_Rank(open, 20))",USA,TOP3000,NONE,0,0,P2Y,0.08,ON,ON
FullTest_3594,"Rank(Ts_Rank(open, 20))",USA,TOP3000,NONE,0,0,P2Y,0.08,ON,OFF
FullTest_3595,"Rank(Ts_Rank(open, 20))",USA,TOP3000,NONE,0,0,P2Y,0.08,OFF,ON
FullTest_3596,"Rank(Ts_Rank(open, 20))",USA,TOP3000,NONE,0,0,P2Y,0.08,OFF,OFF
FullTest_3597,"Rank(Ts_Rank(open, 20))",USA,TOP3000,NONE,0,0,P2Y,0.01,ON,ON
FullTest_3598,"Rank(Ts_Rank(open, 20))",USA,TOP3000,NONE,0,0,P2Y,0.01,ON,OFF
FullTest_3599,"Rank(Ts_Rank(open, 20))",USA,TOP3000,NONE,0,0,P2Y,0.01,OFF,ON
FullTest_3600,"Rank(Ts_Rank(open, 20))",USA,TOP3000,NONE,0,0,P2Y,0.01,OFF,OFF
FullTest_3601,"Rank(Ts_Rank(open, 20))",USA,TOP3000,NONE,0,1,P1Y,0.08,ON,ON
FullTest_3602,"Rank(Ts_Rank(open, 20))",USA,TOP3000,NONE,0,1,P1Y,0.08,ON,OFF
FullTest_3603,"Rank(Ts_Rank(open, 20))",USA,TOP3000,NONE,0,1,P1Y,0.08,OFF,ON
FullTest_3604,"Rank(Ts_Rank(open, 20))",USA,TOP3000,NONE,0,1,P1Y,0.08,OFF,OFF
FullTest_3605,"Rank(Ts_Rank(open, 20))",USA,TOP3000,NONE,0,1,P1Y,0.01,ON,ON
FullTest_3606,"Rank(Ts_Rank(open, 20))",USA,TOP3000,NONE,0,1,P1Y,0.01,ON,OFF
FullTest_3607,"Rank(Ts_Rank(open, 20))",USA,TOP3000,NONE,0,1,P1Y,0.01,OFF,ON
FullTest_3608,"Rank(Ts_Rank(open, 20))",USA,TOP3000,NONE,0,1,P1Y,0.01,OFF,OFF
FullTest_3609,"Rank(Ts_Rank(open, 20))",USA,TOP3000,NONE,0,1,P2Y,0.08,ON,ON
FullTest_3610,"Rank(Ts_Rank(open, 20))",USA,TOP3000,NONE,0,1,P2Y,0.08,ON,OFF
FullTest_3611,"Rank(Ts_Rank(open, 20))",USA,TOP3000,NONE,0,1,P2Y,0.08,OFF,ON
FullTest_3612,"Rank(Ts_Rank(open, 20))",USA,TOP3000,NONE,0,1,P2Y,0.08,OFF,OFF
FullTest_3613,"Rank(Ts_Rank(open, 20))",USA,TOP3000,NONE,0,1,P2Y,0.01,ON,ON
FullTest_3614,"Rank(Ts_Rank(open, 20))",USA,TOP3000,NONE,0,1,P2Y,0.01,ON,OFF
FullTest_3615,"Rank(Ts_Rank(open, 20))",USA,TOP3000,NONE,0,1,P2Y,0.01,OFF,ON
FullTest_3616,"Rank(Ts_Rank(open, 20))",USA,TOP3000,NONE,0,1,P2Y,0.01,OFF,OFF
FullTest_3617,"Rank(Ts_Rank(open, 20))",USA,TOP3000,NONE,5,0,P1Y,0.08,ON,ON
FullTest_3618,"Rank(Ts_Rank(open, 20))",USA,TOP3000,NONE,5,0,P1Y,0.08,ON,OFF
FullTest_3619,"Rank(Ts_Rank(open, 20))",USA,TOP3000,NONE,5,0,P1Y,0.08,OFF,ON
FullTest_3620,"Rank(Ts_Rank(open, 20))",USA,TOP3000,NONE,5,0,P1Y,0.08,OFF,OFF
FullTest_3621,"Rank(Ts_Rank(open, 20))",USA,TOP3000,NONE,5,0,P1Y,0.01,ON,ON
FullTest_3622,"Rank(Ts_Rank(open, 20))",USA,TOP3000,NONE,5,0,P1Y,0.01,ON,OFF
FullTest_3623,"Rank(Ts_Rank(open, 20))",USA,TOP3000,NONE,5,0,P1Y,0.01,OFF,ON
FullTest_3624,"Rank(Ts_Rank(open, 20))",USA,TOP3000,NONE,5,0,P1Y,0.01,OFF,OFF
FullTest_3625,"Rank(Ts_Rank(open, 20))",USA,TOP3000,NONE,5,0,P2Y,0.08,ON,ON
FullTest_3626,"Rank(Ts_Rank(open, 20))",USA,TOP3000,NONE,5,0,P2Y,0.08,ON,OFF
FullTest_3627,"Rank(Ts_Rank(open, 20))",USA,TOP3000,NONE,5,0,P2Y,0.08,OFF,ON
FullTest_3628,"Rank(Ts_Rank(open, 20))",USA,TOP3000,NONE,5,0,P2Y,0.08,OFF,OFF
FullTest_3629,"Rank(Ts_Rank(open, 20))",USA,TOP3000,NONE,5,0,P2Y,0.01,ON,ON
FullTest_3630,"Rank(Ts_Rank(open, 20))",USA,TOP3000,NONE,5,0,P2Y,0.01,ON,OFF
FullTest_3631,"Rank(Ts_Rank(open, 20))",USA,TOP3000,NONE,5,0,P2Y,0.01,OFF,ON
FullTest_3632,"Rank(Ts_Rank(open, 20))",USA,TOP3000,NONE,5,0,P2Y,0.01,OFF,OFF
FullTest_3633,"Rank(Ts_Rank(open, 20))",USA,TOP3000,NONE,5,1,P1Y,0.08,ON,ON
FullTest_3634,"Rank(Ts_Rank(open, 20))",USA,TOP3000,NONE,5,1,P1Y,0.08,ON,OFF
FullTest_3635,"Rank(Ts_Rank(open, 20))",USA,TOP3000,NONE,5,1,P1Y,0.08,OFF,ON
FullTest_3636,"Rank(Ts_Rank(open, 20))",USA,TOP3000,NONE,5,1,P1Y,0.08,OFF,OFF
FullTest_3637,"Rank(Ts_Rank(open, 20))",USA,TOP3000,NONE,5,1,P1Y,0.01,ON,ON
FullTest_3638,"Rank(Ts_Rank(open, 20))",USA,TOP3000,NONE,5,1,P1Y,0.01,ON,OFF
FullTest_3639,"Rank(Ts_Rank(open, 20))",USA,TOP3000,NONE,5,1,P1Y,0.01,OFF,ON
FullTest_3640,"Rank(Ts_Rank(open, 20))",USA,TOP3000,NONE,5,1,P1Y,0.01,OFF,OFF
FullTest_3641,"Rank(Ts_Rank(open, 20))",USA,TOP3000,NONE,5,1,P2Y,0.08,ON,ON
FullTest_3642,"Rank(Ts_Rank(open, 20))",USA,TOP3000,NONE,5,1,P2Y,0.08,ON,OFF
FullTest_3643,"Rank(Ts_Rank(open, 20))",USA,TOP3000,NONE,5,1,P2Y,0.08,OFF,ON
FullTest_3644,"Rank(Ts_Rank(open, 20))",USA,TOP3000,NONE,5,1,P2Y,0.08,OFF,OFF
FullTest_3645,"Rank(Ts_Rank(open, 20))",USA,TOP3000,NONE,5,1,P2Y,0.01,ON,ON
FullTest_3646,"Rank(Ts_Rank(open, 20))",USA,TOP3000,NONE,5,1,P2Y,0.01,ON,OFF
FullTest_3647,"Rank(Ts_Rank(open, 20))",USA,TOP3000,NONE,5,1,P2Y,0.01,OFF,ON
FullTest_3648,"Rank(Ts_Rank(open, 20))",USA,TOP3000,NONE,5,1,P2Y,0.01,OFF,OFF
FullTest_3649,"Rank(Ts_Rank(open, 20))",USA,MINVOL3M,INDUSTRY,0,0,P1Y,0.08,ON,ON
FullTest_3650,"Rank(Ts_Rank(open, 20))",USA,MINVOL3M,INDUSTRY,0,0,P1Y,0.08,ON,OFF
FullTest_3651,"Rank(Ts_Rank(open, 20))",USA,MINVOL3M,INDUSTRY,0,0,P1Y,0.08,OFF,ON
FullTest_3652,"Rank(Ts_Rank(open, 20))",USA,MINVOL3M,INDUSTRY,0,0,P1Y,0.08,OFF,OFF
FullTest_3653,"Rank(Ts_Rank(open, 20))",USA,MINVOL3M,INDUSTRY,0,0,P1Y,0.01,ON,ON
FullTest_3654,"Rank(Ts_Rank(open, 20))",USA,MINVOL3M,INDUSTRY,0,0,P1Y,0.01,ON,OFF
FullTest_3655,"Rank(Ts_Rank(open, 20))",USA,MINVOL3M,INDUSTRY,0,0,P1Y,0.01,OFF,ON
FullTest_3656,"Rank(Ts_Rank(open, 20))",USA,MINVOL3M,INDUSTRY,0,0,P1Y,0.01,OFF,OFF
FullTest_3657,"Rank(Ts_Rank(open, 20))",USA,MINVOL3M,INDUSTRY,0,0,P2Y,0.08,ON,ON
FullTest_3658,"Rank(Ts_Rank(open, 20))",USA,MINVOL3M,INDUSTRY,0,0,P2Y,0.08,ON,OFF
FullTest_3659,"Rank(Ts_Rank(open, 20))",USA,MINVOL3M,INDUSTRY,0,0,P2Y,0.08,OFF,ON
FullTest_3660,"Rank(Ts_Rank(open, 20))",USA,MINVOL3M,INDUSTRY,0,0,P2Y,0.08,OFF,OFF
FullTest_3661,"Rank(Ts_Rank(open, 20))",USA,MINVOL3M,INDUSTRY,0,0,P2Y,0.01,ON,ON
FullTest_3662,"Rank(Ts_Rank(open, 20))",USA,MINVOL3M,INDUSTRY,0,0,P2Y,0.01,ON,OFF
FullTest_3663,"Rank(Ts_Rank(open, 20))",USA,MINVOL3M,INDUSTRY,0,0,P2Y,0.01,OFF,ON
FullTest_3664,"Rank(Ts_Rank(open, 20))",USA,MINVOL3M,INDUSTRY,0,0,P2Y,0.01,OFF,OFF
FullTest_3665,"Rank(Ts_Rank(open, 20))",USA,MINVOL3M,INDUSTRY,0,1,P1Y,0.08,ON,ON
FullTest_3666,"Rank(Ts_Rank(open, 20))",USA,MINVOL3M,INDUSTRY,0,1,P1Y,0.08,ON,OFF
FullTest_3667,"Rank(Ts_Rank(open, 20))",USA,MINVOL3M,INDUSTRY,0,1,P1Y,0.08,OFF,ON
FullTest_3668,"Rank(Ts_Rank(open, 20))",USA,MINVOL3M,INDUSTRY,0,1,P1Y,0.08,OFF,OFF
FullTest_3669,"Rank(Ts_Rank(open, 20))",USA,MINVOL3M,INDUSTRY,0,1,P1Y,0.01,ON,ON
FullTest_3670,"Rank(Ts_Rank(open, 20))",USA,MINVOL3M,INDUSTRY,0,1,P1Y,0.01,ON,OFF
FullTest_3671,"Rank(Ts_Rank(open, 20))",USA,MINVOL3M,INDUSTRY,0,1,P1Y,0.01,OFF,ON
FullTest_3672,"Rank(Ts_Rank(open, 20))",USA,MINVOL3M,INDUSTRY,0,1,P1Y,0.01,OFF,OFF
FullTest_3673,"Rank(Ts_Rank(open, 20))",USA,MINVOL3M,INDUSTRY,0,1,P2Y,0.08,ON,ON
FullTest_3674,"Rank(Ts_Rank(open, 20))",USA,MINVOL3M,INDUSTRY,0,1,P2Y,0.08,ON,OFF
FullTest_3675,"Rank(Ts_Rank(open, 20))",USA,MINVOL3M,INDUSTRY,0,1,P2Y,0.08,OFF,ON
FullTest_3676,"Rank(Ts_Rank(open, 20))",USA,MINVOL3M,INDUSTRY,0,1,P2Y,0.08,OFF,OFF
FullTest_3677,"Rank(Ts_Rank(open, 20))",USA,MINVOL3M,INDUSTRY,0,1,P2Y,0.01,ON,ON
FullTest_3678,"Rank(Ts_Rank(open, 20))",USA,MINVOL3M,INDUSTRY,0,1,P2Y,0.01,ON,OFF
FullTest_3679,"Rank(Ts_Rank(open, 20))",USA,MINVOL3M,INDUSTRY,0,1,P2Y,0.01,OFF,ON
FullTest_3680,"Rank(Ts_Rank(open, 20))",USA,MINVOL3M,INDUSTRY,0,1,P2Y,0.01,OFF,OFF
FullTest_3681,"Rank(Ts_Rank(open, 20))",USA,MINVOL3M,INDUSTRY,5,0,P1Y,0.08,ON,ON
FullTest_3682,"Rank(Ts_Rank(open, 20))",USA,MINVOL3M,INDUSTRY,5,0,P1Y,0.08,ON,OFF
FullTest_3683,"Rank(Ts_Rank(open, 20))",USA,MINVOL3M,INDUSTRY,5,0,P1Y,0.08,OFF,ON
FullTest_3684,"Rank(Ts_Rank(open, 20))",USA,MINVOL3M,INDUSTRY,5,0,P1Y,0.08,OFF,OFF
FullTest_3685,"Rank(Ts_Rank(open, 20))",USA,MINVOL3M,INDUSTRY,5,0,P1Y,0.01,ON,ON
FullTest_3686,"Rank(Ts_Rank(open, 20))",USA,MINVOL3M,INDUSTRY,5,0,P1Y,0.01,ON,OFF
FullTest_3687,"Rank(Ts_Rank(open, 20))",USA,MINVOL3M,INDUSTRY,5,0,P1Y,0.01,OFF,ON
FullTest_3688,"Rank(Ts_Rank(open, 20))",USA,MINVOL3M,INDUSTRY,5,0,P1Y,0.01,OFF,OFF
FullTest_3689,"Rank(Ts_Rank(open, 20))",USA,MINVOL3M,INDUSTRY,5,0,P2Y,0.08,ON,ON
FullTest_3690,"Rank(Ts_Rank(open, 20))",USA,MINVOL3M,INDUSTRY,5,0,P2Y,0.08,ON,OFF
FullTest_3691,"Rank(Ts_Rank(open, 20))",USA,MINVOL3M,INDUSTRY,5,0,P2Y,0.08,OFF,ON
FullTest_3692,"Rank(Ts_Rank(open, 20))",USA,MINVOL3M,INDUSTRY,5,0,P2Y,0.08,OFF,OFF
FullTest_3693,"Rank(Ts_Rank(open, 20))",USA,MINVOL3M,INDUSTRY,5,0,P2Y,0.01,ON,ON
FullTest_3694,"Rank(Ts_Rank(open, 20))",USA,MINVOL3M,INDUSTRY,5,0,P2Y,0.01,ON,OFF
FullTest_3695,"Rank(Ts_Rank(open, 20))",USA,MINVOL3M,INDUSTRY,5,0,P2Y,0.01,OFF,ON
FullTest_3696,"Rank(Ts_Rank(open, 20))",USA,MINVOL3M,INDUSTRY,5,0,P2Y,0.01,OFF,OFF
FullTest_3697,"Rank(Ts_Rank(open, 20))",USA,MINVOL3M,INDUSTRY,5,1,P1Y,0.08,ON,ON
FullTest_3698,"Rank(Ts_Rank(open, 20))",USA,MINVOL3M,INDUSTRY,5,1,P1Y,0.08,ON,OFF
FullTest_3699,"Rank(Ts_Rank(open, 20))",USA,MINVOL3M,INDUSTRY,5,1,P1Y,0.08,OFF,ON
FullTest_3700,"Rank(Ts_Rank(open, 20))",USA,MINVOL3M,INDUSTRY,5,1,P1Y,0.08,OFF,OFF
FullTest_3701,"Rank(Ts_Rank(open, 20))",USA,MINVOL3M,INDUSTRY,5,1,P1Y,0.01,ON,ON
FullTest_3702,"Rank(Ts_Rank(open, 20))",USA,MINVOL3M,INDUSTRY,5,1,P1Y,0.01,ON,OFF
FullTest_3703,"Rank(Ts_Rank(open, 20))",USA,MINVOL3M,INDUSTRY,5,1,P1Y,0.01,OFF,ON
FullTest_3704,"Rank(Ts_Rank(open, 20))",USA,MINVOL3M,INDUSTRY,5,1,P1Y,0.01,OFF,OFF
FullTest_3705,"Rank(Ts_Rank(open, 20))",USA,MINVOL3M,INDUSTRY,5,1,P2Y,0.08,ON,ON
FullTest_3706,"Rank(Ts_Rank(open, 20))",USA,MINVOL3M,INDUSTRY,5,1,P2Y,0.08,ON,OFF
FullTest_3707,"Rank(Ts_Rank(open, 20))",USA,MINVOL3M,INDUSTRY,5,1,P2Y,0.08,OFF,ON
FullTest_3708,"Rank(Ts_Rank(open, 20))",USA,MINVOL3M,INDUSTRY,5,1,P2Y,0.08,OFF,OFF
FullTest_3709,"Rank(Ts_Rank(open, 20))",USA,MINVOL3M,INDUSTRY,5,1,P2Y,0.01,ON,ON
FullTest_3710,"Rank(Ts_Rank(open, 20))",USA,MINVOL3M,INDUSTRY,5,1,P2Y,0.01,ON,OFF
FullTest_3711,"Rank(Ts_Rank(open, 20))",USA,MINVOL3M,INDUSTRY,5,1,P2Y,0.01,OFF,ON
FullTest_3712,"Rank(Ts_Rank(open, 20))",USA,MINVOL3M,INDUSTRY,5,1,P2Y,0.01,OFF,OFF
FullTest_3713,"Rank(Ts_Rank(open, 20))",USA,MINVOL3M,MARKET,0,0,P1Y,0.08,ON,ON
FullTest_3714,"Rank(Ts_Rank(open, 20))",USA,MINVOL3M,MARKET,0,0,P1Y,0.08,ON,OFF
FullTest_3715,"Rank(Ts_Rank(open, 20))",USA,MINVOL3M,MARKET,0,0,P1Y,0.08,OFF,ON
FullTest_3716,"Rank(Ts_Rank(open, 20))",USA,MINVOL3M,MARKET,0,0,P1Y,0.08,OFF,OFF
FullTest_3717,"Rank(Ts_Rank(open, 20))",USA,MINVOL3M,MARKET,0,0,P1Y,0.01,ON,ON
FullTest_3718,"Rank(Ts_Rank(open, 20))",USA,MINVOL3M,MARKET,0,0,P1Y,0.01,ON,OFF
FullTest_3719,"Rank(Ts_Rank(open, 20))",USA,MINVOL3M,MARKET,0,0,P1Y,0.01,OFF,ON
FullTest_3720,"Rank(Ts_Rank(open, 20))",USA,MINVOL3M,MARKET,0,0,P1Y,0.01,OFF,OFF
FullTest_3721,"Rank(Ts_Rank(open, 20))",USA,MINVOL3M,MARKET,0,0,P2Y,0.08,ON,ON
FullTest_3722,"Rank(Ts_Rank(open, 20))",USA,MINVOL3M,MARKET,0,0,P2Y,0.08,ON,OFF
FullTest_3723,"Rank(Ts_Rank(open, 20))",USA,MINVOL3M,MARKET,0,0,P2Y,0.08,OFF,ON
FullTest_3724,"Rank(Ts_Rank(open, 20))",USA,MINVOL3M,MARKET,0,0,P2Y,0.08,OFF,OFF
FullTest_3725,"Rank(Ts_Rank(open, 20))",USA,MINVOL3M,MARKET,0,0,P2Y,0.01,ON,ON
FullTest_3726,"Rank(Ts_Rank(open, 20))",USA,MINVOL3M,MARKET,0,0,P2Y,0.01,ON,OFF
FullTest_3727,"Rank(Ts_Rank(open, 20))",USA,MINVOL3M,MARKET,0,0,P2Y,0.01,OFF,ON
FullTest_3728,"Rank(Ts_Rank(open, 20))",USA,MINVOL3M,MARKET,0,0,P2Y,0.01,OFF,OFF
FullTest_3729,"Rank(Ts_Rank(open, 20))",USA,MINVOL3M,MARKET,0,1,P1Y,0.08,ON,ON
FullTest_3730,"Rank(Ts_Rank(open, 20))",USA,MINVOL3M,MARKET,0,1,P1Y,0.08,ON,OFF
FullTest_3731,"Rank(Ts_Rank(open, 20))",USA,MINVOL3M,MARKET,0,1,P1Y,0.08,OFF,ON
FullTest_3732,"Rank(Ts_Rank(open, 20))",USA,MINVOL3M,MARKET,0,1,P1Y,0.08,OFF,OFF
FullTest_3733,"Rank(Ts_Rank(open, 20))",USA,MINVOL3M,MARKET,0,1,P1Y,0.01,ON,ON
FullTest_3734,"Rank(Ts_Rank(open, 20))",USA,MINVOL3M,MARKET,0,1,P1Y,0.01,ON,OFF
FullTest_3735,"Rank(Ts_Rank(open, 20))",USA,MINVOL3M,MARKET,0,1,P1Y,0.01,OFF,ON
FullTest_3736,"Rank(Ts_Rank(open, 20))",USA,MINVOL3M,MARKET,0,1,P1Y,0.01,OFF,OFF
FullTest_3737,"Rank(Ts_Rank(open, 20))",USA,MINVOL3M,MARKET,0,1,P2Y,0.08,ON,ON
FullTest_3738,"Rank(Ts_Rank(open, 20))",USA,MINVOL3M,MARKET,0,1,P2Y,0.08,ON,OFF
FullTest_3739,"Rank(Ts_Rank(open, 20))",USA,MINVOL3M,MARKET,0,1,P2Y,0.08,OFF,ON
FullTest_3740,"Rank(Ts_Rank(open, 20))",USA,MINVOL3M,MARKET,0,1,P2Y,0.08,OFF,OFF
FullTest_3741,"Rank(Ts_Rank(open, 20))",USA,MINVOL3M,MARKET,0,1,P2Y,0.01,ON,ON
FullTest_3742,"Rank(Ts_Rank(open, 20))",USA,MINVOL3M,MARKET,0,1,P2Y,0.01,ON,OFF
FullTest_3743,"Rank(Ts_Rank(open, 20))",USA,MINVOL3M,MARKET,0,1,P2Y,0.01,OFF,ON
FullTest_3744,"Rank(Ts_Rank(open, 20))",USA,MINVOL3M,MARKET,0,1,P2Y,0.01,OFF,OFF
FullTest_3745,"Rank(Ts_Rank(open, 20))",USA,MINVOL3M,MARKET,5,0,P1Y,0.08,ON,ON
FullTest_3746,"Rank(Ts_Rank(open, 20))",USA,MINVOL3M,MARKET,5,0,P1Y,0.08,ON,OFF
FullTest_3747,"Rank(Ts_Rank(open, 20))",USA,MINVOL3M,MARKET,5,0,P1Y,0.08,OFF,ON
FullTest_3748,"Rank(Ts_Rank(open, 20))",USA,MINVOL3M,MARKET,5,0,P1Y,0.08,OFF,OFF
FullTest_3749,"Rank(Ts_Rank(open, 20))",USA,MINVOL3M,MARKET,5,0,P1Y,0.01,ON,ON
FullTest_3750,"Rank(Ts_Rank(open, 20))",USA,MINVOL3M,MARKET,5,0,P1Y,0.01,ON,OFF
FullTest_3751,"Rank(Ts_Rank(open, 20))",USA,MINVOL3M,MARKET,5,0,P1Y,0.01,OFF,ON
FullTest_3752,"Rank(Ts_Rank(open, 20))",USA,MINVOL3M,MARKET,5,0,P1Y,0.01,OFF,OFF
FullTest_3753,"Rank(Ts_Rank(open, 20))",USA,MINVOL3M,MARKET,5,0,P2Y,0.08,ON,ON
FullTest_3754,"Rank(Ts_Rank(open, 20))",USA,MINVOL3M,MARKET,5,0,P2Y,0.08,ON,OFF
FullTest_3755,"Rank(Ts_Rank(open, 20))",USA,MINVOL3M,MARKET,5,0,P2Y,0.08,OFF,ON
FullTest_3756,"Rank(Ts_Rank(open, 20))",USA,MINVOL3M,MARKET,5,0,P2Y,0.08,OFF,OFF
FullTest_3757,"Rank(Ts_Rank(open, 20))",USA,MINVOL3M,MARKET,5,0,P2Y,0.01,ON,ON
FullTest_3758,"Rank(Ts_Rank(open, 20))",USA,MINVOL3M,MARKET,5,0,P2Y,0.01,ON,OFF
FullTest_3759,"Rank(Ts_Rank(open, 20))",USA,MINVOL3M,MARKET,5,0,P2Y,0.01,OFF,ON
FullTest_3760,"Rank(Ts_Rank(open, 20))",USA,MINVOL3M,MARKET,5,0,P2Y,0.01,OFF,OFF
FullTest_3761,"Rank(Ts_Rank(open, 20))",USA,MINVOL3M,MARKET,5,1,P1Y,0.08,ON,ON
FullTest_3762,"Rank(Ts_Rank(open, 20))",USA,MINVOL3M,MARKET,5,1,P1Y,0.08,ON,OFF
FullTest_3763,"Rank(Ts_Rank(open, 20))",USA,MINVOL3M,MARKET,5,1,P1Y,0.08,OFF,ON
FullTest_3764,"Rank(Ts_Rank(open, 20))",USA,MINVOL3M,MARKET,5,1,P1Y,0.08,OFF,OFF
FullTest_3765,"Rank(Ts_Rank(open, 20))",USA,MINVOL3M,MARKET,5,1,P1Y,0.01,ON,ON
FullTest_3766,"Rank(Ts_Rank(open, 20))",USA,MINVOL3M,MARKET,5,1,P1Y,0.01,ON,OFF
FullTest_3767,"Rank(Ts_Rank(open, 20))",USA,MINVOL3M,MARKET,5,1,P1Y,0.01,OFF,ON
FullTest_3768,"Rank(Ts_Rank(open, 20))",USA,MINVOL3M,MARKET,5,1,P1Y,0.01,OFF,OFF
FullTest_3769,"Rank(Ts_Rank(open, 20))",USA,MINVOL3M,MARKET,5,1,P2Y,0.08,ON,ON
FullTest_3770,"Rank(Ts_Rank(open, 20))",USA,MINVOL3M,MARKET,5,1,P2Y,0.08,ON,OFF
FullTest_3771,"Rank(Ts_Rank(open, 20))",USA,MINVOL3M,MARKET,5,1,P2Y,0.08,OFF,ON
FullTest_3772,"Rank(Ts_Rank(open, 20))",USA,MINVOL3M,MARKET,5,1,P2Y,0.08,OFF,OFF
FullTest_3773,"Rank(Ts_Rank(open, 20))",USA,MINVOL3M,MARKET,5,1,P2Y,0.01,ON,ON
FullTest_3774,"Rank(Ts_Rank(open, 20))",USA,MINVOL3M,MARKET,5,1,P2Y,0.01,ON,OFF
FullTest_3775,"Rank(Ts_Rank(open, 20))",USA,MINVOL3M,MARKET,5,1,P2Y,0.01,OFF,ON
FullTest_3776,"Rank(Ts_Rank(open, 20))",USA,MINVOL3M,MARKET,5,1,P2Y,0.01,OFF,OFF
FullTest_3777,"Rank(Ts_Rank(open, 20))",USA,MINVOL3M,NONE,0,0,P1Y,0.08,ON,ON
FullTest_3778,"Rank(Ts_Rank(open, 20))",USA,MINVOL3M,NONE,0,0,P1Y,0.08,ON,OFF
FullTest_3779,"Rank(Ts_Rank(open, 20))",USA,MINVOL3M,NONE,0,0,P1Y,0.08,OFF,ON
FullTest_3780,"Rank(Ts_Rank(open, 20))",USA,MINVOL3M,NONE,0,0,P1Y,0.08,OFF,OFF
FullTest_3781,"Rank(Ts_Rank(open, 20))",USA,MINVOL3M,NONE,0,0,P1Y,0.01,ON,ON
FullTest_3782,"Rank(Ts_Rank(open, 20))",USA,MINVOL3M,NONE,0,0,P1Y,0.01,ON,OFF
FullTest_3783,"Rank(Ts_Rank(open, 20))",USA,MINVOL3M,NONE,0,0,P1Y,0.01,OFF,ON
FullTest_3784,"Rank(Ts_Rank(open, 20))",USA,MINVOL3M,NONE,0,0,P1Y,0.01,OFF,OFF
FullTest_3785,"Rank(Ts_Rank(open, 20))",USA,MINVOL3M,NONE,0,0,P2Y,0.08,ON,ON
FullTest_3786,"Rank(Ts_Rank(open, 20))",USA,MINVOL3M,NONE,0,0,P2Y,0.08,ON,OFF
FullTest_3787,"Rank(Ts_Rank(open, 20))",USA,MINVOL3M,NONE,0,0,P2Y,0.08,OFF,ON
FullTest_3788,"Rank(Ts_Rank(open, 20))",USA,MINVOL3M,NONE,0,0,P2Y,0.08,OFF,OFF
FullTest_3789,"Rank(Ts_Rank(open, 20))",USA,MINVOL3M,NONE,0,0,P2Y,0.01,ON,ON
FullTest_3790,"Rank(Ts_Rank(open, 20))",USA,MINVOL3M,NONE,0,0,P2Y,0.01,ON,OFF
FullTest_3791,"Rank(Ts_Rank(open, 20))",USA,MINVOL3M,NONE,0,0,P2Y,0.01,OFF,ON
FullTest_3792,"Rank(Ts_Rank(open, 20))",USA,MINVOL3M,NONE,0,0,P2Y,0.01,OFF,OFF
FullTest_3793,"Rank(Ts_Rank(open, 20))",USA,MINVOL3M,NONE,0,1,P1Y,0.08,ON,ON
FullTest_3794,"Rank(Ts_Rank(open, 20))",USA,MINVOL3M,NONE,0,1,P1Y,0.08,ON,OFF
FullTest_3795,"Rank(Ts_Rank(open, 20))",USA,MINVOL3M,NONE,0,1,P1Y,0.08,OFF,ON
FullTest_3796,"Rank(Ts_Rank(open, 20))",USA,MINVOL3M,NONE,0,1,P1Y,0.08,OFF,OFF
FullTest_3797,"Rank(Ts_Rank(open, 20))",USA,MINVOL3M,NONE,0,1,P1Y,0.01,ON,ON
FullTest_3798,"Rank(Ts_Rank(open, 20))",USA,MINVOL3M,NONE,0,1,P1Y,0.01,ON,OFF
FullTest_3799,"Rank(Ts_Rank(open, 20))",USA,MINVOL3M,NONE,0,1,P1Y,0.01,OFF,ON
FullTest_3800,"Rank(Ts_Rank(open, 20))",USA,MINVOL3M,NONE,0,1,P1Y,0.01,OFF,OFF
FullTest_3801,"Rank(Ts_Rank(open, 20))",USA,MINVOL3M,NONE,0,1,P2Y,0.08,ON,ON
FullTest_3802,"Rank(Ts_Rank(open, 20))",USA,MINVOL3M,NONE,0,1,P2Y,0.08,ON,OFF
FullTest_3803,"Rank(Ts_Rank(open, 20))",USA,MINVOL3M,NONE,0,1,P2Y,0.08,OFF,ON
FullTest_3804,"Rank(Ts_Rank(open, 20))",USA,MINVOL3M,NONE,0,1,P2Y,0.08,OFF,OFF
FullTest_3805,"Rank(Ts_Rank(open, 20))",USA,MINVOL3M,NONE,0,1,P2Y,0.01,ON,ON
FullTest_3806,"Rank(Ts_Rank(open, 20))",USA,MINVOL3M,NONE,0,1,P2Y,0.01,ON,OFF
FullTest_3807,"Rank(Ts_Rank(open, 20))",USA,MINVOL3M,NONE,0,1,P2Y,0.01,OFF,ON
FullTest_3808,"Rank(Ts_Rank(open, 20))",USA,MINVOL3M,NONE,0,1,P2Y,0.01,OFF,OFF
FullTest_3809,"Rank(Ts_Rank(open, 20))",USA,MINVOL3M,NONE,5,0,P1Y,0.08,ON,ON
FullTest_3810,"Rank(Ts_Rank(open, 20))",USA,MINVOL3M,NONE,5,0,P1Y,0.08,ON,OFF
FullTest_3811,"Rank(Ts_Rank(open, 20))",USA,MINVOL3M,NONE,5,0,P1Y,0.08,OFF,ON
FullTest_3812,"Rank(Ts_Rank(open, 20))",USA,MINVOL3M,NONE,5,0,P1Y,0.08,OFF,OFF
FullTest_3813,"Rank(Ts_Rank(open, 20))",USA,MINVOL3M,NONE,5,0,P1Y,0.01,ON,ON
FullTest_3814,"Rank(Ts_Rank(open, 20))",USA,MINVOL3M,NONE,5,0,P1Y,0.01,ON,OFF
FullTest_3815,"Rank(Ts_Rank(open, 20))",USA,MINVOL3M,NONE,5,0,P1Y,0.01,OFF,ON
FullTest_3816,"Rank(Ts_Rank(open, 20))",USA,MINVOL3M,NONE,5,0,P1Y,0.01,OFF,OFF
FullTest_3817,"Rank(Ts_Rank(open, 20))",USA,MINVOL3M,NONE,5,0,P2Y,0.08,ON,ON
FullTest_3818,"Rank(Ts_Rank(open, 20))",USA,MINVOL3M,NONE,5,0,P2Y,0.08,ON,OFF
FullTest_3819,"Rank(Ts_Rank(open, 20))",USA,MINVOL3M,NONE,5,0,P2Y,0.08,OFF,ON
FullTest_3820,"Rank(Ts_Rank(open, 20))",USA,MINVOL3M,NONE,5,0,P2Y,0.08,OFF,OFF
FullTest_3821,"Rank(Ts_Rank(open, 20))",USA,MINVOL3M,NONE,5,0,P2Y,0.01,ON,ON
FullTest_3822,"Rank(Ts_Rank(open, 20))",USA,MINVOL3M,NONE,5,0,P2Y,0.01,ON,OFF
FullTest_3823,"Rank(Ts_Rank(open, 20))",USA,MINVOL3M,NONE,5,0,P2Y,0.01,OFF,ON
FullTest_3824,"Rank(Ts_Rank(open, 20))",USA,MINVOL3M,NONE,5,0,P2Y,0.01,OFF,OFF
FullTest_3825,"Rank(Ts_Rank(open, 20))",USA,MINVOL3M,NONE,5,1,P1Y,0.08,ON,ON
FullTest_3826,"Rank(Ts_Rank(open, 20))",USA,MINVOL3M,NONE,5,1,P1Y,0.08,ON,OFF
FullTest_3827,"Rank(Ts_Rank(open, 20))",USA,MINVOL3M,NONE,5,1,P1Y,0.08,OFF,ON
FullTest_3828,"Rank(Ts_Rank(open, 20))",USA,MINVOL3M,NONE,5,1,P1Y,0.08,OFF,OFF
FullTest_3829,"Rank(Ts_Rank(open, 20))",USA,MINVOL3M,NONE,5,1,P1Y,0.01,ON,ON
FullTest_3830,"Rank(Ts_Rank(open, 20))",USA,MINVOL3M,NONE,5,1,P1Y,0.01,ON,OFF
FullTest_3831,"Rank(Ts_Rank(open, 20))",USA,MINVOL3M,NONE,5,1,P1Y,0.01,OFF,ON
FullTest_3832,"Rank(Ts_Rank(open, 20))",USA,MINVOL3M,NONE,5,1,P1Y,0.01,OFF,OFF
FullTest_3833,"Rank(Ts_Rank(open, 20))",USA,MINVOL3M,NONE,5,1,P2Y,0.08,ON,ON
FullTest_3834,"Rank(Ts_Rank(open, 20))",USA,MINVOL3M,NONE,5,1,P2Y,0.08,ON,OFF
FullTest_3835,"Rank(Ts_Rank(open, 20))",USA,MINVOL3M,NONE,5,1,P2Y,0.08,OFF,ON
FullTest_3836,"Rank(Ts_Rank(open, 20))",USA,MINVOL3M,NONE,5,1,P2Y,0.08,OFF,OFF
FullTest_3837,"Rank(Ts_Rank(open, 20))",USA,MINVOL3M,NONE,5,1,P2Y,0.01,ON,ON
FullTest_3838,"Rank(Ts_Rank(open, 20))",USA,MINVOL3M,NONE,5,1,P2Y,0.01,ON,OFF
FullTest_3839,"Rank(Ts_Rank(open, 20))",USA,MINVOL3M,NONE,5,1,P2Y,0.01,OFF,ON
FullTest_3840,"Rank(Ts_Rank(open, 20))",USA,MINVOL3M,NONE,5,1,P2Y,0.01,OFF,OFF
FullTest_3841,"Rank(Ts_Rank(open, 20))",ASI,TOP3000,INDUSTRY,0,0,P1Y,0.08,ON,ON
FullTest_3842,"Rank(Ts_Rank(open, 20))",ASI,TOP3000,INDUSTRY,0,0,P1Y,0.08,ON,OFF
FullTest_3843,"Rank(Ts_Rank(open, 20))",ASI,TOP3000,INDUSTRY,0,0,P1Y,0.08,OFF,ON
FullTest_3844,"Rank(Ts_Rank(open, 20))",ASI,TOP3000,INDUSTRY,0,0,P1Y,0.08,OFF,OFF
FullTest_3845,"Rank(Ts_Rank(open, 20))",ASI,TOP3000,INDUSTRY,0,0,P1Y,0.01,ON,ON
FullTest_3846,"Rank(Ts_Rank(open, 20))",ASI,TOP3000,INDUSTRY,0,0,P1Y,0.01,ON,OFF
FullTest_3847,"Rank(Ts_Rank(open, 20))",ASI,TOP3000,INDUSTRY,0,0,P1Y,0.01,OFF,ON
FullTest_3848,"Rank(Ts_Rank(open, 20))",ASI,TOP3000,INDUSTRY,0,0,P1Y,0.01,OFF,OFF
FullTest_3849,"Rank(Ts_Rank(open, 20))",ASI,TOP3000,INDUSTRY,0,0,P2Y,0.08,ON,ON
FullTest_3850,"Rank(Ts_Rank(open, 20))",ASI,TOP3000,INDUSTRY,0,0,P2Y,0.08,ON,OFF
FullTest_3851,"Rank(Ts_Rank(open, 20))",ASI,TOP3000,INDUSTRY,0,0,P2Y,0.08,OFF,ON
FullTest_3852,"Rank(Ts_Rank(open, 20))",ASI,TOP3000,INDUSTRY,0,0,P2Y,0.08,OFF,OFF
FullTest_3853,"Rank(Ts_Rank(open, 20))",ASI,TOP3000,INDUSTRY,0,0,P2Y,0.01,ON,ON
FullTest_3854,"Rank(Ts_Rank(open, 20))",ASI,TOP3000,INDUSTRY,0,0,P2Y,0.01,ON,OFF
FullTest_3855,"Rank(Ts_Rank(open, 20))",ASI,TOP3000,INDUSTRY,0,0,P2Y,0.01,OFF,ON
FullTest_3856,"Rank(Ts_Rank(open, 20))",ASI,TOP3000,INDUSTRY,0,0,P2Y,0.01,OFF,OFF
FullTest_3857,"Rank(Ts_Rank(open, 20))",ASI,TOP3000,INDUSTRY,0,1,P1Y,0.08,ON,ON
FullTest_3858,"Rank(Ts_Rank(open, 20))",ASI,TOP3000,INDUSTRY,0,1,P1Y,0.08,ON,OFF
FullTest_3859,"Rank(Ts_Rank(open, 20))",ASI,TOP3000,INDUSTRY,0,1,P1Y,0.08,OFF,ON
FullTest_3860,"Rank(Ts_Rank(open, 20))",ASI,TOP3000,INDUSTRY,0,1,P1Y,0.08,OFF,OFF
FullTest_3861,"Rank(Ts_Rank(open, 20))",ASI,TOP3000,INDUSTRY,0,1,P1Y,0.01,ON,ON
FullTest_3862,"Rank(Ts_Rank(open, 20))",ASI,TOP3000,INDUSTRY,0,1,P1Y,0.01,ON,OFF
FullTest_3863,"Rank(Ts_Rank(open, 20))",ASI,TOP3000,INDUSTRY,0,1,P1Y,0.01,OFF,ON
FullTest_3864,"Rank(Ts_Rank(open, 20))",ASI,TOP3000,INDUSTRY,0,1,P1Y,0.01,OFF,OFF
FullTest_3865,"Rank(Ts_Rank(open, 20))",ASI,TOP3000,INDUSTRY,0,1,P2Y,0.08,ON,ON
FullTest_3866,"Rank(Ts_Rank(open, 20))",ASI,TOP3000,INDUSTRY,0,1,P2Y,0.08,ON,OFF
FullTest_3867,"Rank(Ts_Rank(open, 20))",ASI,TOP3000,INDUSTRY,0,1,P2Y,0.08,OFF,ON
FullTest_3868,"Rank(Ts_Rank(open, 20))",ASI,TOP3000,INDUSTRY,0,1,P2Y,0.08,OFF,OFF
FullTest_3869,"Rank(Ts_Rank(open, 20))",ASI,TOP3000,INDUSTRY,0,1,P2Y,0.01,ON,ON
FullTest_3870,"Rank(Ts_Rank(open, 20))",ASI,TOP3000,INDUSTRY,0,1,P2Y,0.01,ON,OFF
FullTest_3871,"Rank(Ts_Rank(open, 20))",ASI,TOP3000,INDUSTRY,0,1,P2Y,0.01,OFF,ON
FullTest_3872,"Rank(Ts_Rank(open, 20))",ASI,TOP3000,INDUSTRY,0,1,P2Y,0.01,OFF,OFF
FullTest_3873,"Rank(Ts_Rank(open, 20))",ASI,TOP3000,INDUSTRY,5,0,P1Y,0.08,ON,ON
FullTest_3874,"Rank(Ts_Rank(open, 20))",ASI,TOP3000,INDUSTRY,5,0,P1Y,0.08,ON,OFF
FullTest_3875,"Rank(Ts_Rank(open, 20))",ASI,TOP3000,INDUSTRY,5,0,P1Y,0.08,OFF,ON
FullTest_3876,"Rank(Ts_Rank(open, 20))",ASI,TOP3000,INDUSTRY,5,0,P1Y,0.08,OFF,OFF
FullTest_3877,"Rank(Ts_Rank(open, 20))",ASI,TOP3000,INDUSTRY,5,0,P1Y,0.01,ON,ON
FullTest_3878,"Rank(Ts_Rank(open, 20))",ASI,TOP3000,INDUSTRY,5,0,P1Y,0.01,ON,OFF
FullTest_3879,"Rank(Ts_Rank(open, 20))",ASI,TOP3000,INDUSTRY,5,0,P1Y,0.01,OFF,ON
FullTest_3880,"Rank(Ts_Rank(open, 20))",ASI,TOP3000,INDUSTRY,5,0,P1Y,0.01,OFF,OFF
FullTest_3881,"Rank(Ts_Rank(open, 20))",ASI,TOP3000,INDUSTRY,5,0,P2Y,0.08,ON,ON
FullTest_3882,"Rank(Ts_Rank(open, 20))",ASI,TOP3000,INDUSTRY,5,0,P2Y,0.08,ON,OFF
FullTest_3883,"Rank(Ts_Rank(open, 20))",ASI,TOP3000,INDUSTRY,5,0,P2Y,0.08,OFF,ON
FullTest_3884,"Rank(Ts_Rank(open, 20))",ASI,TOP3000,INDUSTRY,5,0,P2Y,0.08,OFF,OFF
FullTest_3885,"Rank(Ts_Rank(open, 20))",ASI,TOP3000,INDUSTRY,5,0,P2Y,0.01,ON,ON
FullTest_3886,"Rank(Ts_Rank(open, 20))",ASI,TOP3000,INDUSTRY,5,0,P2Y,0.01,ON,OFF
FullTest_3887,"Rank(Ts_Rank(open, 20))",ASI,TOP3000,INDUSTRY,5,0,P2Y,0.01,OFF,ON
FullTest_3888,"Rank(Ts_Rank(open, 20))",ASI,TOP3000,INDUSTRY,5,0,P2Y,0.01,OFF,OFF
FullTest_3889,"Rank(Ts_Rank(open, 20))",ASI,TOP3000,INDUSTRY,5,1,P1Y,0.08,ON,ON
FullTest_3890,"Rank(Ts_Rank(open, 20))",ASI,TOP3000,INDUSTRY,5,1,P1Y,0.08,ON,OFF
FullTest_3891,"Rank(Ts_Rank(open, 20))",ASI,TOP3000,INDUSTRY,5,1,P1Y,0.08,OFF,ON
FullTest_3892,"Rank(Ts_Rank(open, 20))",ASI,TOP3000,INDUSTRY,5,1,P1Y,0.08,OFF,OFF
FullTest_3893,"Rank(Ts_Rank(open, 20))",ASI,TOP3000,INDUSTRY,5,1,P1Y,0.01,ON,ON
FullTest_3894,"Rank(Ts_Rank(open, 20))",ASI,TOP3000,INDUSTRY,5,1,P1Y,0.01,ON,OFF
FullTest_3895,"Rank(Ts_Rank(open, 20))",ASI,TOP3000,INDUSTRY,5,1,P1Y,0.01,OFF,ON
FullTest_3896,"Rank(Ts_Rank(open, 20))",ASI,TOP3000,INDUSTRY,5,1,P1Y,0.01,OFF,OFF
FullTest_3897,"Rank(Ts_Rank(open, 20))",ASI,TOP3000,INDUSTRY,5,1,P2Y,0.08,ON,ON
FullTest_3898,"Rank(Ts_Rank(open, 20))",ASI,TOP3000,INDUSTRY,5,1,P2Y,0.08,ON,OFF
FullTest_3899,"Rank(Ts_Rank(open, 20))",ASI,TOP3000,INDUSTRY,5,1,P2Y,0.08,OFF,ON
FullTest_3900,"Rank(Ts_Rank(open, 20))",ASI,TOP3000,INDUSTRY,5,1,P2Y,0.08,OFF,OFF
FullTest_3901,"Rank(Ts_Rank(open, 20))",ASI,TOP3000,INDUSTRY,5,1,P2Y,0.01,ON,ON
FullTest_3902,"Rank(Ts_Rank(open, 20))",ASI,TOP3000,INDUSTRY,5,1,P2Y,0.01,ON,OFF
FullTest_3903,"Rank(Ts_Rank(open, 20))",ASI,TOP3000,INDUSTRY,5,1,P2Y,0.01,OFF,ON
FullTest_3904,"Rank(Ts_Rank(open, 20))",ASI,TOP3000,INDUSTRY,5,1,P2Y,0.01,OFF,OFF
FullTest_3905,"Rank(Ts_Rank(open, 20))",ASI,TOP3000,MARKET,0,0,P1Y,0.08,ON,ON
FullTest_3906,"Rank(Ts_Rank(open, 20))",ASI,TOP3000,MARKET,0,0,P1Y,0.08,ON,OFF
FullTest_3907,"Rank(Ts_Rank(open, 20))",ASI,TOP3000,MARKET,0,0,P1Y,0.08,OFF,ON
FullTest_3908,"Rank(Ts_Rank(open, 20))",ASI,TOP3000,MARKET,0,0,P1Y,0.08,OFF,OFF
FullTest_3909,"Rank(Ts_Rank(open, 20))",ASI,TOP3000,MARKET,0,0,P1Y,0.01,ON,ON
FullTest_3910,"Rank(Ts_Rank(open, 20))",ASI,TOP3000,MARKET,0,0,P1Y,0.01,ON,OFF
FullTest_3911,"Rank(Ts_Rank(open, 20))",ASI,TOP3000,MARKET,0,0,P1Y,0.01,OFF,ON
FullTest_3912,"Rank(Ts_Rank(open, 20))",ASI,TOP3000,MARKET,0,0,P1Y,0.01,OFF,OFF
FullTest_3913,"Rank(Ts_Rank(open, 20))",ASI,TOP3000,MARKET,0,0,P2Y,0.08,ON,ON
FullTest_3914,"Rank(Ts_Rank(open, 20))",ASI,TOP3000,MARKET,0,0,P2Y,0.08,ON,OFF
FullTest_3915,"Rank(Ts_Rank(open, 20))",ASI,TOP3000,MARKET,0,0,P2Y,0.08,OFF,ON
FullTest_3916,"Rank(Ts_Rank(open, 20))",ASI,TOP3000,MARKET,0,0,P2Y,0.08,OFF,OFF
FullTest_3917,"Rank(Ts_Rank(open, 20))",ASI,TOP3000,MARKET,0,0,P2Y,0.01,ON,ON
FullTest_3918,"Rank(Ts_Rank(open, 20))",ASI,TOP3000,MARKET,0,0,P2Y,0.01,ON,OFF
FullTest_3919,"Rank(Ts_Rank(open, 20))",ASI,TOP3000,MARKET,0,0,P2Y,0.01,OFF,ON
FullTest_3920,"Rank(Ts_Rank(open, 20))",ASI,TOP3000,MARKET,0,0,P2Y,0.01,OFF,OFF
FullTest_3921,"Rank(Ts_Rank(open, 20))",ASI,TOP3000,MARKET,0,1,P1Y,0.08,ON,ON
FullTest_3922,"Rank(Ts_Rank(open, 20))",ASI,TOP3000,MARKET,0,1,P1Y,0.08,ON,OFF
FullTest_3923,"Rank(Ts_Rank(open, 20))",ASI,TOP3000,MARKET,0,1,P1Y,0.08,OFF,ON
FullTest_3924,"Rank(Ts_Rank(open, 20))",ASI,TOP3000,MARKET,0,1,P1Y,0.08,OFF,OFF
FullTest_3925,"Rank(Ts_Rank(open, 20))",ASI,TOP3000,MARKET,0,1,P1Y,0.01,ON,ON
FullTest_3926,"Rank(Ts_Rank(open, 20))",ASI,TOP3000,MARKET,0,1,P1Y,0.01,ON,OFF
FullTest_3927,"Rank(Ts_Rank(open, 20))",ASI,TOP3000,MARKET,0,1,P1Y,0.01,OFF,ON
FullTest_3928,"Rank(Ts_Rank(open, 20))",ASI,TOP3000,MARKET,0,1,P1Y,0.01,OFF,OFF
FullTest_3929,"Rank(Ts_Rank(open, 20))",ASI,TOP3000,MARKET,0,1,P2Y,0.08,ON,ON
FullTest_3930,"Rank(Ts_Rank(open, 20))",ASI,TOP3000,MARKET,0,1,P2Y,0.08,ON,OFF
FullTest_3931,"Rank(Ts_Rank(open, 20))",ASI,TOP3000,MARKET,0,1,P2Y,0.08,OFF,ON
FullTest_3932,"Rank(Ts_Rank(open, 20))",ASI,TOP3000,MARKET,0,1,P2Y,0.08,OFF,OFF
FullTest_3933,"Rank(Ts_Rank(open, 20))",ASI,TOP3000,MARKET,0,1,P2Y,0.01,ON,ON
FullTest_3934,"Rank(Ts_Rank(open, 20))",ASI,TOP3000,MARKET,0,1,P2Y,0.01,ON,OFF
FullTest_3935,"Rank(Ts_Rank(open, 20))",ASI,TOP3000,MARKET,0,1,P2Y,0.01,OFF,ON
FullTest_3936,"Rank(Ts_Rank(open, 20))",ASI,TOP3000,MARKET,0,1,P2Y,0.01,OFF,OFF
FullTest_3937,"Rank(Ts_Rank(open, 20))",ASI,TOP3000,MARKET,5,0,P1Y,0.08,ON,ON
FullTest_3938,"Rank(Ts_Rank(open, 20))",ASI,TOP3000,MARKET,5,0,P1Y,0.08,ON,OFF
FullTest_3939,"Rank(Ts_Rank(open, 20))",ASI,TOP3000,MARKET,5,0,P1Y,0.08,OFF,ON
FullTest_3940,"Rank(Ts_Rank(open, 20))",ASI,TOP3000,MARKET,5,0,P1Y,0.08,OFF,OFF
FullTest_3941,"Rank(Ts_Rank(open, 20))",ASI,TOP3000,MARKET,5,0,P1Y,0.01,ON,ON
FullTest_3942,"Rank(Ts_Rank(open, 20))",ASI,TOP3000,MARKET,5,0,P1Y,0.01,ON,OFF
FullTest_3943,"Rank(Ts_Rank(open, 20))",ASI,TOP3000,MARKET,5,0,P1Y,0.01,OFF,ON
FullTest_3944,"Rank(Ts_Rank(open, 20))",ASI,TOP3000,MARKET,5,0,P1Y,0.01,OFF,OFF
FullTest_3945,"Rank(Ts_Rank(open, 20))",ASI,TOP3000,MARKET,5,0,P2Y,0.08,ON,ON
FullTest_3946,"Rank(Ts_Rank(open, 20))",ASI,TOP3000,MARKET,5,0,P2Y,0.08,ON,OFF
FullTest_3947,"Rank(Ts_Rank(open, 20))",ASI,TOP3000,MARKET,5,0,P2Y,0.08,OFF,ON
FullTest_3948,"Rank(Ts_Rank(open, 20))",ASI,TOP3000,MARKET,5,0,P2Y,0.08,OFF,OFF
FullTest_3949,"Rank(Ts_Rank(open, 20))",ASI,TOP3000,MARKET,5,0,P2Y,0.01,ON,ON
FullTest_3950,"Rank(Ts_Rank(open, 20))",ASI,TOP3000,MARKET,5,0,P2Y,0.01,ON,OFF
FullTest_3951,"Rank(Ts_Rank(open, 20))",ASI,TOP3000,MARKET,5,0,P2Y,0.01,OFF,ON
FullTest_3952,"Rank(Ts_Rank(open, 20))",ASI,TOP3000,MARKET,5,0,P2Y,0.01,OFF,OFF
FullTest_3953,"Rank(Ts_Rank(open, 20))",ASI,TOP3000,MARKET,5,1,P1Y,0.08,ON,ON
FullTest_3954,"Rank(Ts_Rank(open, 20))",ASI,TOP3000,MARKET,5,1,P1Y,0.08,ON,OFF
FullTest_3955,"Rank(Ts_Rank(open, 20))",ASI,TOP3000,MARKET,5,1,P1Y,0.08,OFF,ON
FullTest_3956,"Rank(Ts_Rank(open, 20))",ASI,TOP3000,MARKET,5,1,P1Y,0.08,OFF,OFF
FullTest_3957,"Rank(Ts_Rank(open, 20))",ASI,TOP3000,MARKET,5,1,P1Y,0.01,ON,ON
FullTest_3958,"Rank(Ts_Rank(open, 20))",ASI,TOP3000,MARKET,5,1,P1Y,0.01,ON,OFF
FullTest_3959,"Rank(Ts_Rank(open, 20))",ASI,TOP3000,MARKET,5,1,P1Y,0.01,OFF,ON
FullTest_3960,"Rank(Ts_Rank(open, 20))",ASI,TOP3000,MARKET,5,1,P1Y,0.01,OFF,OFF
FullTest_3961,"Rank(Ts_Rank(open, 20))",ASI,TOP3000,MARKET,5,1,P2Y,0.08,ON,ON
FullTest_3962,"Rank(Ts_Rank(open, 20))",ASI,TOP3000,MARKET,5,1,P2Y,0.08,ON,OFF
FullTest_3963,"Rank(Ts_Rank(open, 20))",ASI,TOP3000,MARKET,5,1,P2Y,0.08,OFF,ON
FullTest_3964,"Rank(Ts_Rank(open, 20))",ASI,TOP3000,MARKET,5,1,P2Y,0.08,OFF,OFF
FullTest_3965,"Rank(Ts_Rank(open, 20))",ASI,TOP3000,MARKET,5,1,P2Y,0.01,ON,ON
FullTest_3966,"Rank(Ts_Rank(open, 20))",ASI,TOP3000,MARKET,5,1,P2Y,0.01,ON,OFF
FullTest_3967,"Rank(Ts_Rank(open, 20))",ASI,TOP3000,MARKET,5,1,P2Y,0.01,OFF,ON
FullTest_3968,"Rank(Ts_Rank(open, 20))",ASI,TOP3000,MARKET,5,1,P2Y,0.01,OFF,OFF
FullTest_3969,"Rank(Ts_Rank(open, 20))",ASI,TOP3000,NONE,0,0,P1Y,0.08,ON,ON
FullTest_3970,"Rank(Ts_Rank(open, 20))",ASI,TOP3000,NONE,0,0,P1Y,0.08,ON,OFF
FullTest_3971,"Rank(Ts_Rank(open, 20))",ASI,TOP3000,NONE,0,0,P1Y,0.08,OFF,ON
FullTest_3972,"Rank(Ts_Rank(open, 20))",ASI,TOP3000,NONE,0,0,P1Y,0.08,OFF,OFF
FullTest_3973,"Rank(Ts_Rank(open, 20))",ASI,TOP3000,NONE,0,0,P1Y,0.01,ON,ON
FullTest_3974,"Rank(Ts_Rank(open, 20))",ASI,TOP3000,NONE,0,0,P1Y,0.01,ON,OFF
FullTest_3975,"Rank(Ts_Rank(open, 20))",ASI,TOP3000,NONE,0,0,P1Y,0.01,OFF,ON
FullTest_3976,"Rank(Ts_Rank(open, 20))",ASI,TOP3000,NONE,0,0,P1Y,0.01,OFF,OFF
FullTest_3977,"Rank(Ts_Rank(open, 20))",ASI,TOP3000,NONE,0,0,P2Y,0.08,ON,ON
FullTest_3978,"Rank(Ts_Rank(open, 20))",ASI,TOP3000,NONE,0,0,P2Y,0.08,ON,OFF
FullTest_3979,"Rank(Ts_Rank(open, 20))",ASI,TOP3000,NONE,0,0,P2Y,0.08,OFF,ON
FullTest_3980,"Rank(Ts_Rank(open, 20))",ASI,TOP3000,NONE,0,0,P2Y,0.08,OFF,OFF
FullTest_3981,"Rank(Ts_Rank(open, 20))",ASI,TOP3000,NONE,0,0,P2Y,0.01,ON,ON
FullTest_3982,"Rank(Ts_Rank(open, 20))",ASI,TOP3000,NONE,0,0,P2Y,0.01,ON,OFF
FullTest_3983,"Rank(Ts_Rank(open, 20))",ASI,TOP3000,NONE,0,0,P2Y,0.01,OFF,ON
FullTest_3984,"Rank(Ts_Rank(open, 20))",ASI,TOP3000,NONE,0,0,P2Y,0.01,OFF,OFF
FullTest_3985,"Rank(Ts_Rank(open, 20))",ASI,TOP3000,NONE,0,1,P1Y,0.08,ON,ON
FullTest_3986,"Rank(Ts_Rank(open, 20))",ASI,TOP3000,NONE,0,1,P1Y,0.08,ON,OFF
FullTest_3987,"Rank(Ts_Rank(open, 20))",ASI,TOP3000,NONE,0,1,P1Y,0.08,OFF,ON
FullTest_3988,"Rank(Ts_Rank(open, 20))",ASI,TOP3000,NONE,0,1,P1Y,0.08,OFF,OFF
FullTest_3989,"Rank(Ts_Rank(open, 20))",ASI,TOP3000,NONE,0,1,P1Y,0.01,ON,ON
FullTest_3990,"Rank(Ts_Rank(open, 20))",ASI,TOP3000,NONE,0,1,P1Y,0.01,ON,OFF
FullTest_3991,"Rank(Ts_Rank(open, 20))",ASI,TOP3000,NONE,0,1,P1Y,0.01,OFF,ON
FullTest_3992,"Rank(Ts_Rank(open, 20))",ASI,TOP3000,NONE,0,1,P1Y,0.01,OFF,OFF
FullTest_3993,"Rank(Ts_Rank(open, 20))",ASI,TOP3000,NONE,0,1,P2Y,0.08,ON,ON
FullTest_3994,"Rank(Ts_Rank(open, 20))",ASI,TOP3000,NONE,0,1,P2Y,0.08,ON,OFF
FullTest_3995,"Rank(Ts_Rank(open, 20))",ASI,TOP3000,NONE,0,1,P2Y,0.08,OFF,ON
FullTest_3996,"Rank(Ts_Rank(open, 20))",ASI,TOP3000,NONE,0,1,P2Y,0.08,OFF,OFF
FullTest_3997,"Rank(Ts_Rank(open, 20))",ASI,TOP3000,NONE,0,1,P2Y,0.01,ON,ON
FullTest_3998,"Rank(Ts_Rank(open, 20))",ASI,TOP3000,NONE,0,1,P2Y,0.01,ON,OFF
FullTest_3999,"Rank(Ts_Rank(open, 20))",ASI,TOP3000,NONE,0,1,P2Y,0.01,OFF,ON
FullTest_4000,"Rank(Ts_Rank(open, 20))",ASI,TOP3000,NONE,0,1,P2Y,0.01,OFF,OFF
FullTest_4001,"Rank(Ts_Rank(open, 20))",ASI,TOP3000,NONE,5,0,P1Y,0.08,ON,ON
FullTest_4002,"Rank(Ts_Rank(open, 20))",ASI,TOP3000,NONE,5,0,P1Y,0.08,ON,OFF
FullTest_4003,"Rank(Ts_Rank(open, 20))",ASI,TOP3000,NONE,5,0,P1Y,0.08,OFF,ON
FullTest_4004,"Rank(Ts_Rank(open, 20))",ASI,TOP3000,NONE,5,0,P1Y,0.08,OFF,OFF
FullTest_4005,"Rank(Ts_Rank(open, 20))",ASI,TOP3000,NONE,5,0,P1Y,0.01,ON,ON
FullTest_4006,"Rank(Ts_Rank(open, 20))",ASI,TOP3000,NONE,5,0,P1Y,0.01,ON,OFF
FullTest_4007,"Rank(Ts_Rank(open, 20))",ASI,TOP3000,NONE,5,0,P1Y,0.01,OFF,ON
FullTest_4008,"Rank(Ts_Rank(open, 20))",ASI,TOP3000,NONE,5,0,P1Y,0.01,OFF,OFF
FullTest_4009,"Rank(Ts_Rank(open, 20))",ASI,TOP3000,NONE,5,0,P2Y,0.08,ON,ON
FullTest_4010,"Rank(Ts_Rank(open, 20))",ASI,TOP3000,NONE,5,0,P2Y,0.08,ON,OFF
FullTest_4011,"Rank(Ts_Rank(open, 20))",ASI,TOP3000,NONE,5,0,P2Y,0.08,OFF,ON
FullTest_4012,"Rank(Ts_Rank(open, 20))",ASI,TOP3000,NONE,5,0,P2Y,0.08,OFF,OFF
FullTest_4013,"Rank(Ts_Rank(open, 20))",ASI,TOP3000,NONE,5,0,P2Y,0.01,ON,ON
FullTest_4014,"Rank(Ts_Rank(open, 20))",ASI,TOP3000,NONE,5,0,P2Y,0.01,ON,OFF
FullTest_4015,"Rank(Ts_Rank(open, 20))",ASI,TOP3000,NONE,5,0,P2Y,0.01,OFF,ON
FullTest_4016,"Rank(Ts_Rank(open, 20))",ASI,TOP3000,NONE,5,0,P2Y,0.01,OFF,OFF
FullTest_4017,"Rank(Ts_Rank(open, 20))",ASI,TOP3000,NONE,5,1,P1Y,0.08,ON,ON
FullTest_4018,"Rank(Ts_Rank(open, 20))",ASI,TOP3000,NONE,5,1,P1Y,0.08,ON,OFF
FullTest_4019,"Rank(Ts_Rank(open, 20))",ASI,TOP3000,NONE,5,1,P1Y,0.08,OFF,ON
FullTest_4020,"Rank(Ts_Rank(open, 20))",ASI,TOP3000,NONE,5,1,P1Y,0.08,OFF,OFF
FullTest_4021,"Rank(Ts_Rank(open, 20))",ASI,TOP3000,NONE,5,1,P1Y,0.01,ON,ON
FullTest_4022,"Rank(Ts_Rank(open, 20))",ASI,TOP3000,NONE,5,1,P1Y,0.01,ON,OFF
FullTest_4023,"Rank(Ts_Rank(open, 20))",ASI,TOP3000,NONE,5,1,P1Y,0.01,OFF,ON
FullTest_4024,"Rank(Ts_Rank(open, 20))",ASI,TOP3000,NONE,5,1,P1Y,0.01,OFF,OFF
FullTest_4025,"Rank(Ts_Rank(open, 20))",ASI,TOP3000,NONE,5,1,P2Y,0.08,ON,ON
FullTest_4026,"Rank(Ts_Rank(open, 20))",ASI,TOP3000,NONE,5,1,P2Y,0.08,ON,OFF
FullTest_4027,"Rank(Ts_Rank(open, 20))",ASI,TOP3000,NONE,5,1,P2Y,0.08,OFF,ON
FullTest_4028,"Rank(Ts_Rank(open, 20))",ASI,TOP3000,NONE,5,1,P2Y,0.08,OFF,OFF
FullTest_4029,"Rank(Ts_Rank(open, 20))",ASI,TOP3000,NONE,5,1,P2Y,0.01,ON,ON
FullTest_4030,"Rank(Ts_Rank(open, 20))",ASI,TOP3000,NONE,5,1,P2Y,0.01,ON,OFF
FullTest_4031,"Rank(Ts_Rank(open, 20))",ASI,TOP3000,NONE,5,1,P2Y,0.01,OFF,ON
FullTest_4032,"Rank(Ts_Rank(open, 20))",ASI,TOP3000,NONE,5,1,P2Y,0.01,OFF,OFF
FullTest_4033,"Rank(Ts_Rank(open, 20))",ASI,MINVOL3M,INDUSTRY,0,0,P1Y,0.08,ON,ON
FullTest_4034,"Rank(Ts_Rank(open, 20))",ASI,MINVOL3M,INDUSTRY,0,0,P1Y,0.08,ON,OFF
FullTest_4035,"Rank(Ts_Rank(open, 20))",ASI,MINVOL3M,INDUSTRY,0,0,P1Y,0.08,OFF,ON
FullTest_4036,"Rank(Ts_Rank(open, 20))",ASI,MINVOL3M,INDUSTRY,0,0,P1Y,0.08,OFF,OFF
FullTest_4037,"Rank(Ts_Rank(open, 20))",ASI,MINVOL3M,INDUSTRY,0,0,P1Y,0.01,ON,ON
FullTest_4038,"Rank(Ts_Rank(open, 20))",ASI,MINVOL3M,INDUSTRY,0,0,P1Y,0.01,ON,OFF
FullTest_4039,"Rank(Ts_Rank(open, 20))",ASI,MINVOL3M,INDUSTRY,0,0,P1Y,0.01,OFF,ON
FullTest_4040,"Rank(Ts_Rank(open, 20))",ASI,MINVOL3M,INDUSTRY,0,0,P1Y,0.01,OFF,OFF
FullTest_4041,"Rank(Ts_Rank(open, 20))",ASI,MINVOL3M,INDUSTRY,0,0,P2Y,0.08,ON,ON
FullTest_4042,"Rank(Ts_Rank(open, 20))",ASI,MINVOL3M,INDUSTRY,0,0,P2Y,0.08,ON,OFF
FullTest_4043,"Rank(Ts_Rank(open, 20))",ASI,MINVOL3M,INDUSTRY,0,0,P2Y,0.08,OFF,ON
FullTest_4044,"Rank(Ts_Rank(open, 20))",ASI,MINVOL3M,INDUSTRY,0,0,P2Y,0.08,OFF,OFF
FullTest_4045,"Rank(Ts_Rank(open, 20))",ASI,MINVOL3M,INDUSTRY,0,0,P2Y,0.01,ON,ON
FullTest_4046,"Rank(Ts_Rank(open, 20))",ASI,MINVOL3M,INDUSTRY,0,0,P2Y,0.01,ON,OFF
FullTest_4047,"Rank(Ts_Rank(open, 20))",ASI,MINVOL3M,INDUSTRY,0,0,P2Y,0.01,OFF,ON
FullTest_4048,"Rank(Ts_Rank(open, 20))",ASI,MINVOL3M,INDUSTRY,0,0,P2Y,0.01,OFF,OFF
FullTest_4049,"Rank(Ts_Rank(open, 20))",ASI,MINVOL3M,INDUSTRY,0,1,P1Y,0.08,ON,ON
FullTest_4050,"Rank(Ts_Rank(open, 20))",ASI,MINVOL3M,INDUSTRY,0,1,P1Y,0.08,ON,OFF
FullTest_4051,"Rank(Ts_Rank(open, 20))",ASI,MINVOL3M,INDUSTRY,0,1,P1Y,0.08,OFF,ON
FullTest_4052,"Rank(Ts_Rank(open, 20))",ASI,MINVOL3M,INDUSTRY,0,1,P1Y,0.08,OFF,OFF
FullTest_4053,"Rank(Ts_Rank(open, 20))",ASI,MINVOL3M,INDUSTRY,0,1,P1Y,0.01,ON,ON
FullTest_4054,"Rank(Ts_Rank(open, 20))",ASI,MINVOL3M,INDUSTRY,0,1,P1Y,0.01,ON,OFF
FullTest_4055,"Rank(Ts_Rank(open, 20))",ASI,MINVOL3M,INDUSTRY,0,1,P1Y,0.01,OFF,ON
FullTest_4056,"Rank(Ts_Rank(open, 20))",ASI,MINVOL3M,INDUSTRY,0,1,P1Y,0.01,OFF,OFF
FullTest_4057,"Rank(Ts_Rank(open, 20))",ASI,MINVOL3M,INDUSTRY,0,1,P2Y,0.08,ON,ON
FullTest_4058,"Rank(Ts_Rank(open, 20))",ASI,MINVOL3M,INDUSTRY,0,1,P2Y,0.08,ON,OFF
FullTest_4059,"Rank(Ts_Rank(open, 20))",ASI,MINVOL3M,INDUSTRY,0,1,P2Y,0.08,OFF,ON
FullTest_4060,"Rank(Ts_Rank(open, 20))",ASI,MINVOL3M,INDUSTRY,0,1,P2Y,0.08,OFF,OFF
FullTest_4061,"Rank(Ts_Rank(open, 20))",ASI,MINVOL3M,INDUSTRY,0,1,P2Y,0.01,ON,ON
FullTest_4062,"Rank(Ts_Rank(open, 20))",ASI,MINVOL3M,INDUSTRY,0,1,P2Y,0.01,ON,OFF
FullTest_4063,"Rank(Ts_Rank(open, 20))",ASI,MINVOL3M,INDUSTRY,0,1,P2Y,0.01,OFF,ON
FullTest_4064,"Rank(Ts_Rank(open, 20))",ASI,MINVOL3M,INDUSTRY,0,1,P2Y,0.01,OFF,OFF
FullTest_4065,"Rank(Ts_Rank(open, 20))",ASI,MINVOL3M,INDUSTRY,5,0,P1Y,0.08,ON,ON
FullTest_4066,"Rank(Ts_Rank(open, 20))",ASI,MINVOL3M,INDUSTRY,5,0,P1Y,0.08,ON,OFF
FullTest_4067,"Rank(Ts_Rank(open, 20))",ASI,MINVOL3M,INDUSTRY,5,0,P1Y,0.08,OFF,ON
FullTest_4068,"Rank(Ts_Rank(open, 20))",ASI,MINVOL3M,INDUSTRY,5,0,P1Y,0.08,OFF,OFF
FullTest_4069,"Rank(Ts_Rank(open, 20))",ASI,MINVOL3M,INDUSTRY,5,0,P1Y,0.01,ON,ON
FullTest_4070,"Rank(Ts_Rank(open, 20))",ASI,MINVOL3M,INDUSTRY,5,0,P1Y,0.01,ON,OFF
FullTest_4071,"Rank(Ts_Rank(open, 20))",ASI,MINVOL3M,INDUSTRY,5,0,P1Y,0.01,OFF,ON
FullTest_4072,"Rank(Ts_Rank(open, 20))",ASI,MINVOL3M,INDUSTRY,5,0,P1Y,0.01,OFF,OFF
FullTest_4073,"Rank(Ts_Rank(open, 20))",ASI,MINVOL3M,INDUSTRY,5,0,P2Y,0.08,ON,ON
FullTest_4074,"Rank(Ts_Rank(open, 20))",ASI,MINVOL3M,INDUSTRY,5,0,P2Y,0.08,ON,OFF
FullTest_4075,"Rank(Ts_Rank(open, 20))",ASI,MINVOL3M,INDUSTRY,5,0,P2Y,0.08,OFF,ON
FullTest_4076,"Rank(Ts_Rank(open, 20))",ASI,MINVOL3M,INDUSTRY,5,0,P2Y,0.08,OFF,OFF
FullTest_4077,"Rank(Ts_Rank(open, 20))",ASI,MINVOL3M,INDUSTRY,5,0,P2Y,0.01,ON,ON
FullTest_4078,"Rank(Ts_Rank(open, 20))",ASI,MINVOL3M,INDUSTRY,5,0,P2Y,0.01,ON,OFF
FullTest_4079,"Rank(Ts_Rank(open, 20))",ASI,MINVOL3M,INDUSTRY,5,0,P2Y,0.01,OFF,ON
FullTest_4080,"Rank(Ts_Rank(open, 20))",ASI,MINVOL3M,INDUSTRY,5,0,P2Y,0.01,OFF,OFF
FullTest_4081,"Rank(Ts_Rank(open, 20))",ASI,MINVOL3M,INDUSTRY,5,1,P1Y,0.08,ON,ON
FullTest_4082,"Rank(Ts_Rank(open, 20))",ASI,MINVOL3M,INDUSTRY,5,1,P1Y,0.08,ON,OFF
FullTest_4083,"Rank(Ts_Rank(open, 20))",ASI,MINVOL3M,INDUSTRY,5,1,P1Y,0.08,OFF,ON
FullTest_4084,"Rank(Ts_Rank(open, 20))",ASI,MINVOL3M,INDUSTRY,5,1,P1Y,0.08,OFF,OFF
FullTest_4085,"Rank(Ts_Rank(open, 20))",ASI,MINVOL3M,INDUSTRY,5,1,P1Y,0.01,ON,ON
FullTest_4086,"Rank(Ts_Rank(open, 20))",ASI,MINVOL3M,INDUSTRY,5,1,P1Y,0.01,ON,OFF
FullTest_4087,"Rank(Ts_Rank(open, 20))",ASI,MINVOL3M,INDUSTRY,5,1,P1Y,0.01,OFF,ON
FullTest_4088,"Rank(Ts_Rank(open, 20))",ASI,MINVOL3M,INDUSTRY,5,1,P1Y,0.01,OFF,OFF
FullTest_4089,"Rank(Ts_Rank(open, 20))",ASI,MINVOL3M,INDUSTRY,5,1,P2Y,0.08,ON,ON
FullTest_4090,"Rank(Ts_Rank(open, 20))",ASI,MINVOL3M,INDUSTRY,5,1,P2Y,0.08,ON,OFF
FullTest_4091,"Rank(Ts_Rank(open, 20))",ASI,MINVOL3M,INDUSTRY,5,1,P2Y,0.08,OFF,ON
FullTest_4092,"Rank(Ts_Rank(open, 20))",ASI,MINVOL3M,INDUSTRY,5,1,P2Y,0.08,OFF,OFF
FullTest_4093,"Rank(Ts_Rank(open, 20))",ASI,MINVOL3M,INDUSTRY,5,1,P2Y,0.01,ON,ON
FullTest_4094,"Rank(Ts_Rank(open, 20))",ASI,MINVOL3M,INDUSTRY,5,1,P2Y,0.01,ON,OFF
FullTest_4095,"Rank(Ts_Rank(open, 20))",ASI,MINVOL3M,INDUSTRY,5,1,P2Y,0.01,OFF,ON
FullTest_4096,"Rank(Ts_Rank(open, 20))",ASI,MINVOL3M,INDUSTRY,5,1,P2Y,0.01,OFF,OFF
FullTest_4097,"Rank(Ts_Rank(open, 20))",ASI,MINVOL3M,MARKET,0,0,P1Y,0.08,ON,ON
FullTest_4098,"Rank(Ts_Rank(open, 20))",ASI,MINVOL3M,MARKET,0,0,P1Y,0.08,ON,OFF
FullTest_4099,"Rank(Ts_Rank(open, 20))",ASI,MINVOL3M,MARKET,0,0,P1Y,0.08,OFF,ON
FullTest_4100,"Rank(Ts_Rank(open, 20))",ASI,MINVOL3M,MARKET,0,0,P1Y,0.08,OFF,OFF
FullTest_4101,"Rank(Ts_Rank(open, 20))",ASI,MINVOL3M,MARKET,0,0,P1Y,0.01,ON,ON
FullTest_4102,"Rank(Ts_Rank(open, 20))",ASI,MINVOL3M,MARKET,0,0,P1Y,0.01,ON,OFF
FullTest_4103,"Rank(Ts_Rank(open, 20))",ASI,MINVOL3M,MARKET,0,0,P1Y,0.01,OFF,ON
FullTest_4104,"Rank(Ts_Rank(open, 20))",ASI,MINVOL3M,MARKET,0,0,P1Y,0.01,OFF,OFF
FullTest_4105,"Rank(Ts_Rank(open, 20))",ASI,MINVOL3M,MARKET,0,0,P2Y,0.08,ON,ON
FullTest_4106,"Rank(Ts_Rank(open, 20))",ASI,MINVOL3M,MARKET,0,0,P2Y,0.08,ON,OFF
FullTest_4107,"Rank(Ts_Rank(open, 20))",ASI,MINVOL3M,MARKET,0,0,P2Y,0.08,OFF,ON
FullTest_4108,"Rank(Ts_Rank(open, 20))",ASI,MINVOL3M,MARKET,0,0,P2Y,0.08,OFF,OFF
FullTest_4109,"Rank(Ts_Rank(open, 20))",ASI,MINVOL3M,MARKET,0,0,P2Y,0.01,ON,ON
FullTest_4110,"Rank(Ts_Rank(open, 20))",ASI,MINVOL3M,MARKET,0,0,P2Y,0.01,ON,OFF
FullTest_4111,"Rank(Ts_Rank(open, 20))",ASI,MINVOL3M,MARKET,0,0,P2Y,0.01,OFF,ON
FullTest_4112,"Rank(Ts_Rank(open, 20))",ASI,MINVOL3M,MARKET,0,0,P2Y,0.01,OFF,OFF
FullTest_4113,"Rank(Ts_Rank(open, 20))",ASI,MINVOL3M,MARKET,0,1,P1Y,0.08,ON,ON
FullTest_4114,"Rank(Ts_Rank(open, 20))",ASI,MINVOL3M,MARKET,0,1,P1Y,0.08,ON,OFF
FullTest_4115,"Rank(Ts_Rank(open, 20))",ASI,MINVOL3M,MARKET,0,1,P1Y,0.08,OFF,ON
FullTest_4116,"Rank(Ts_Rank(open, 20))",ASI,MINVOL3M,MARKET,0,1,P1Y,0.08,OFF,OFF
FullTest_4117,"Rank(Ts_Rank(open, 20))",ASI,MINVOL3M,MARKET,0,1,P1Y,0.01,ON,ON
FullTest_4118,"Rank(Ts_Rank(open, 20))",ASI,MINVOL3M,MARKET,0,1,P1Y,0.01,ON,OFF
FullTest_4119,"Rank(Ts_Rank(open, 20))",ASI,MINVOL3M,MARKET,0,1,P1Y,0.01,OFF,ON
FullTest_4120,"Rank(Ts_Rank(open, 20))",ASI,MINVOL3M,MARKET,0,1,P1Y,0.01,OFF,OFF
FullTest_4121,"Rank(Ts_Rank(open, 20))",ASI,MINVOL3M,MARKET,0,1,P2Y,0.08,ON,ON
FullTest_4122,"Rank(Ts_Rank(open, 20))",ASI,MINVOL3M,MARKET,0,1,P2Y,0.08,ON,OFF
FullTest_4123,"Rank(Ts_Rank(open, 20))",ASI,MINVOL3M,MARKET,0,1,P2Y,0.08,OFF,ON
FullTest_4124,"Rank(Ts_Rank(open, 20))",ASI,MINVOL3M,MARKET,0,1,P2Y,0.08,OFF,OFF
FullTest_4125,"Rank(Ts_Rank(open, 20))",ASI,MINVOL3M,MARKET,0,1,P2Y,0.01,ON,ON
FullTest_4126,"Rank(Ts_Rank(open, 20))",ASI,MINVOL3M,MARKET,0,1,P2Y,0.01,ON,OFF
FullTest_4127,"Rank(Ts_Rank(open, 20))",ASI,MINVOL3M,MARKET,0,1,P2Y,0.01,OFF,ON
FullTest_4128,"Rank(Ts_Rank(open, 20))",ASI,MINVOL3M,MARKET,0,1,P2Y,0.01,OFF,OFF
FullTest_4129,"Rank(Ts_Rank(open, 20))",ASI,MINVOL3M,MARKET,5,0,P1Y,0.08,ON,ON
FullTest_4130,"Rank(Ts_Rank(open, 20))",ASI,MINVOL3M,MARKET,5,0,P1Y,0.08,ON,OFF
FullTest_4131,"Rank(Ts_Rank(open, 20))",ASI,MINVOL3M,MARKET,5,0,P1Y,0.08,OFF,ON
FullTest_4132,"Rank(Ts_Rank(open, 20))",ASI,MINVOL3M,MARKET,5,0,P1Y,0.08,OFF,OFF
FullTest_4133,"Rank(Ts_Rank(open, 20))",ASI,MINVOL3M,MARKET,5,0,P1Y,0.01,ON,ON
FullTest_4134,"Rank(Ts_Rank(open, 20))",ASI,MINVOL3M,MARKET,5,0,P1Y,0.01,ON,OFF
FullTest_4135,"Rank(Ts_Rank(open, 20))",ASI,MINVOL3M,MARKET,5,0,P1Y,0.01,OFF,ON
FullTest_4136,"Rank(Ts_Rank(open, 20))",ASI,MINVOL3M,MARKET,5,0,P1Y,0.01,OFF,OFF
FullTest_4137,"Rank(Ts_Rank(open, 20))",ASI,MINVOL3M,MARKET,5,0,P2Y,0.08,ON,ON
FullTest_4138,"Rank(Ts_Rank(open, 20))",ASI,MINVOL3M,MARKET,5,0,P2Y,0.08,ON,OFF
FullTest_4139,"Rank(Ts_Rank(open, 20))",ASI,MINVOL3M,MARKET,5,0,P2Y,0.08,OFF,ON
FullTest_4140,"Rank(Ts_Rank(open, 20))",ASI,MINVOL3M,MARKET,5,0,P2Y,0.08,OFF,OFF
FullTest_4141,"Rank(Ts_Rank(open, 20))",ASI,MINVOL3M,MARKET,5,0,P2Y,0.01,ON,ON
FullTest_4142,"Rank(Ts_Rank(open, 20))",ASI,MINVOL3M,MARKET,5,0,P2Y,0.01,ON,OFF
FullTest_4143,"Rank(Ts_Rank(open, 20))",ASI,MINVOL3M,MARKET,5,0,P2Y,0.01,OFF,ON
FullTest_4144,"Rank(Ts_Rank(open, 20))",ASI,MINVOL3M,MARKET,5,0,P2Y,0.01,OFF,OFF
FullTest_4145,"Rank(Ts_Rank(open, 20))",ASI,MINVOL3M,MARKET,5,1,P1Y,0.08,ON,ON
FullTest_4146,"Rank(Ts_Rank(open, 20))",ASI,MINVOL3M,MARKET,5,1,P1Y,0.08,ON,OFF
FullTest_4147,"Rank(Ts_Rank(open, 20))",ASI,MINVOL3M,MARKET,5,1,P1Y,0.08,OFF,ON
FullTest_4148,"Rank(Ts_Rank(open, 20))",ASI,MINVOL3M,MARKET,5,1,P1Y,0.08,OFF,OFF
FullTest_4149,"Rank(Ts_Rank(open, 20))",ASI,MINVOL3M,MARKET,5,1,P1Y,0.01,ON,ON
FullTest_4150,"Rank(Ts_Rank(open, 20))",ASI,MINVOL3M,MARKET,5,1,P1Y,0.01,ON,OFF
FullTest_4151,"Rank(Ts_Rank(open, 20))",ASI,MINVOL3M,MARKET,5,1,P1Y,0.01,OFF,ON
FullTest_4152,"Rank(Ts_Rank(open, 20))",ASI,MINVOL3M,MARKET,5,1,P1Y,0.01,OFF,OFF
FullTest_4153,"Rank(Ts_Rank(open, 20))",ASI,MINVOL3M,MARKET,5,1,P2Y,0.08,ON,ON
FullTest_4154,"Rank(Ts_Rank(open, 20))",ASI,MINVOL3M,MARKET,5,1,P2Y,0.08,ON,OFF
FullTest_4155,"Rank(Ts_Rank(open, 20))",ASI,MINVOL3M,MARKET,5,1,P2Y,0.08,OFF,ON
FullTest_4156,"Rank(Ts_Rank(open, 20))",ASI,MINVOL3M,MARKET,5,1,P2Y,0.08,OFF,OFF
FullTest_4157,"Rank(Ts_Rank(open, 20))",ASI,MINVOL3M,MARKET,5,1,P2Y,0.01,ON,ON
FullTest_4158,"Rank(Ts_Rank(open, 20))",ASI,MINVOL3M,MARKET,5,1,P2Y,0.01,ON,OFF
FullTest_4159,"Rank(Ts_Rank(open, 20))",ASI,MINVOL3M,MARKET,5,1,P2Y,0.01,OFF,ON
FullTest_4160,"Rank(Ts_Rank(open, 20))",ASI,MINVOL3M,MARKET,5,1,P2Y,0.01,OFF,OFF
FullTest_4161,"Rank(Ts_Rank(open, 20))",ASI,MINVOL3M,NONE,0,0,P1Y,0.08,ON,ON
FullTest_4162,"Rank(Ts_Rank(open, 20))",ASI,MINVOL3M,NONE,0,0,P1Y,0.08,ON,OFF
FullTest_4163,"Rank(Ts_Rank(open, 20))",ASI,MINVOL3M,NONE,0,0,P1Y,0.08,OFF,ON
FullTest_4164,"Rank(Ts_Rank(open, 20))",ASI,MINVOL3M,NONE,0,0,P1Y,0.08,OFF,OFF
FullTest_4165,"Rank(Ts_Rank(open, 20))",ASI,MINVOL3M,NONE,0,0,P1Y,0.01,ON,ON
FullTest_4166,"Rank(Ts_Rank(open, 20))",ASI,MINVOL3M,NONE,0,0,P1Y,0.01,ON,OFF
FullTest_4167,"Rank(Ts_Rank(open, 20))",ASI,MINVOL3M,NONE,0,0,P1Y,0.01,OFF,ON
FullTest_4168,"Rank(Ts_Rank(open, 20))",ASI,MINVOL3M,NONE,0,0,P1Y,0.01,OFF,OFF
FullTest_4169,"Rank(Ts_Rank(open, 20))",ASI,MINVOL3M,NONE,0,0,P2Y,0.08,ON,ON
FullTest_4170,"Rank(Ts_Rank(open, 20))",ASI,MINVOL3M,NONE,0,0,P2Y,0.08,ON,OFF
FullTest_4171,"Rank(Ts_Rank(open, 20))",ASI,MINVOL3M,NONE,0,0,P2Y,0.08,OFF,ON
FullTest_4172,"Rank(Ts_Rank(open, 20))",ASI,MINVOL3M,NONE,0,0,P2Y,0.08,OFF,OFF
FullTest_4173,"Rank(Ts_Rank(open, 20))",ASI,MINVOL3M,NONE,0,0,P2Y,0.01,ON,ON
FullTest_4174,"Rank(Ts_Rank(open, 20))",ASI,MINVOL3M,NONE,0,0,P2Y,0.01,ON,OFF
FullTest_4175,"Rank(Ts_Rank(open, 20))",ASI,MINVOL3M,NONE,0,0,P2Y,0.01,OFF,ON
FullTest_4176,"Rank(Ts_Rank(open, 20))",ASI,MINVOL3M,NONE,0,0,P2Y,0.01,OFF,OFF
FullTest_4177,"Rank(Ts_Rank(open, 20))",ASI,MINVOL3M,NONE,0,1,P1Y,0.08,ON,ON
FullTest_4178,"Rank(Ts_Rank(open, 20))",ASI,MINVOL3M,NONE,0,1,P1Y,0.08,ON,OFF
FullTest_4179,"Rank(Ts_Rank(open, 20))",ASI,MINVOL3M,NONE,0,1,P1Y,0.08,OFF,ON
FullTest_4180,"Rank(Ts_Rank(open, 20))",ASI,MINVOL3M,NONE,0,1,P1Y,0.08,OFF,OFF
FullTest_4181,"Rank(Ts_Rank(open, 20))",ASI,MINVOL3M,NONE,0,1,P1Y,0.01,ON,ON
FullTest_4182,"Rank(Ts_Rank(open, 20))",ASI,MINVOL3M,NONE,0,1,P1Y,0.01,ON,OFF
FullTest_4183,"Rank(Ts_Rank(open, 20))",ASI,MINVOL3M,NONE,0,1,P1Y,0.01,OFF,ON
FullTest_4184,"Rank(Ts_Rank(open, 20))",ASI,MINVOL3M,NONE,0,1,P1Y,0.01,OFF,OFF
FullTest_4185,"Rank(Ts_Rank(open, 20))",ASI,MINVOL3M,NONE,0,1,P2Y,0.08,ON,ON
FullTest_4186,"Rank(Ts_Rank(open, 20))",ASI,MINVOL3M,NONE,0,1,P2Y,0.08,ON,OFF
FullTest_4187,"Rank(Ts_Rank(open, 20))",ASI,MINVOL3M,NONE,0,1,P2Y,0.08,OFF,ON
FullTest_4188,"Rank(Ts_Rank(open, 20))",ASI,MINVOL3M,NONE,0,1,P2Y,0.08,OFF,OFF
FullTest_4189,"Rank(Ts_Rank(open, 20))",ASI,MINVOL3M,NONE,0,1,P2Y,0.01,ON,ON
FullTest_4190,"Rank(Ts_Rank(open, 20))",ASI,MINVOL3M,NONE,0,1,P2Y,0.01,ON,OFF
FullTest_4191,"Rank(Ts_Rank(open, 20))",ASI,MINVOL3M,NONE,0,1,P2Y,0.01,OFF,ON
FullTest_4192,"Rank(Ts_Rank(open, 20))",ASI,MINVOL3M,NONE,0,1,P2Y,0.01,OFF,OFF
FullTest_4193,"Rank(Ts_Rank(open, 20))",ASI,MINVOL3M,NONE,5,0,P1Y,0.08,ON,ON
FullTest_4194,"Rank(Ts_Rank(open, 20))",ASI,MINVOL3M,NONE,5,0,P1Y,0.08,ON,OFF
FullTest_4195,"Rank(Ts_Rank(open, 20))",ASI,MINVOL3M,NONE,5,0,P1Y,0.08,OFF,ON
FullTest_4196,"Rank(Ts_Rank(open, 20))",ASI,MINVOL3M,NONE,5,0,P1Y,0.08,OFF,OFF
FullTest_4197,"Rank(Ts_Rank(open, 20))",ASI,MINVOL3M,NONE,5,0,P1Y,0.01,ON,ON
FullTest_4198,"Rank(Ts_Rank(open, 20))",ASI,MINVOL3M,NONE,5,0,P1Y,0.01,ON,OFF
FullTest_4199,"Rank(Ts_Rank(open, 20))",ASI,MINVOL3M,NONE,5,0,P1Y,0.01,OFF,ON
FullTest_4200,"Rank(Ts_Rank(open, 20))",ASI,MINVOL3M,NONE,5,0,P1Y,0.01,OFF,OFF
FullTest_4201,"Rank(Ts_Rank(open, 20))",ASI,MINVOL3M,NONE,5,0,P2Y,0.08,ON,ON
FullTest_4202,"Rank(Ts_Rank(open, 20))",ASI,MINVOL3M,NONE,5,0,P2Y,0.08,ON,OFF
FullTest_4203,"Rank(Ts_Rank(open, 20))",ASI,MINVOL3M,NONE,5,0,P2Y,0.08,OFF,ON
FullTest_4204,"Rank(Ts_Rank(open, 20))",ASI,MINVOL3M,NONE,5,0,P2Y,0.08,OFF,OFF
FullTest_4205,"Rank(Ts_Rank(open, 20))",ASI,MINVOL3M,NONE,5,0,P2Y,0.01,ON,ON
FullTest_4206,"Rank(Ts_Rank(open, 20))",ASI,MINVOL3M,NONE,5,0,P2Y,0.01,ON,OFF
FullTest_4207,"Rank(Ts_Rank(open, 20))",ASI,MINVOL3M,NONE,5,0,P2Y,0.01,OFF,ON
FullTest_4208,"Rank(Ts_Rank(open, 20))",ASI,MINVOL3M,NONE,5,0,P2Y,0.01,OFF,OFF
FullTest_4209,"Rank(Ts_Rank(open, 20))",ASI,MINVOL3M,NONE,5,1,P1Y,0.08,ON,ON
FullTest_4210,"Rank(Ts_Rank(open, 20))",ASI,MINVOL3M,NONE,5,1,P1Y,0.08,ON,OFF
FullTest_4211,"Rank(Ts_Rank(open, 20))",ASI,MINVOL3M,NONE,5,1,P1Y,0.08,OFF,ON
FullTest_4212,"Rank(Ts_Rank(open, 20))",ASI,MINVOL3M,NONE,5,1,P1Y,0.08,OFF,OFF
FullTest_4213,"Rank(Ts_Rank(open, 20))",ASI,MINVOL3M,NONE,5,1,P1Y,0.01,ON,ON
FullTest_4214,"Rank(Ts_Rank(open, 20))",ASI,MINVOL3M,NONE,5,1,P1Y,0.01,ON,OFF
FullTest_4215,"Rank(Ts_Rank(open, 20))",ASI,MINVOL3M,NONE,5,1,P1Y,0.01,OFF,ON
FullTest_4216,"Rank(Ts_Rank(open, 20))",ASI,MINVOL3M,NONE,5,1,P1Y,0.01,OFF,OFF
FullTest_4217,"Rank(Ts_Rank(open, 20))",ASI,MINVOL3M,NONE,5,1,P2Y,0.08,ON,ON
FullTest_4218,"Rank(Ts_Rank(open, 20))",ASI,MINVOL3M,NONE,5,1,P2Y,0.08,ON,OFF
FullTest_4219,"Rank(Ts_Rank(open, 20))",ASI,MINVOL3M,NONE,5,1,P2Y,0.08,OFF,ON
FullTest_4220,"Rank(Ts_Rank(open, 20))",ASI,MINVOL3M,NONE,5,1,P2Y,0.08,OFF,OFF
FullTest_4221,"Rank(Ts_Rank(open, 20))",ASI,MINVOL3M,NONE,5,1,P2Y,0.01,ON,ON
FullTest_4222,"Rank(Ts_Rank(open, 20))",ASI,MINVOL3M,NONE,5,1,P2Y,0.01,ON,OFF
FullTest_4223,"Rank(Ts_Rank(open, 20))",ASI,MINVOL3M,NONE,5,1,P2Y,0.01,OFF,ON
FullTest_4224,"Rank(Ts_Rank(open, 20))",ASI,MINVOL3M,NONE,5,1,P2Y,0.01,OFF,OFF
FullTest_4225,"Rank(Ts_Rank(open, 20))",EUR,TOP3000,INDUSTRY,0,0,P1Y,0.08,ON,ON
FullTest_4226,"Rank(Ts_Rank(open, 20))",EUR,TOP3000,INDUSTRY,0,0,P1Y,0.08,ON,OFF
FullTest_4227,"Rank(Ts_Rank(open, 20))",EUR,TOP3000,INDUSTRY,0,0,P1Y,0.08,OFF,ON
FullTest_4228,"Rank(Ts_Rank(open, 20))",EUR,TOP3000,INDUSTRY,0,0,P1Y,0.08,OFF,OFF
FullTest_4229,"Rank(Ts_Rank(open, 20))",EUR,TOP3000,INDUSTRY,0,0,P1Y,0.01,ON,ON
FullTest_4230,"Rank(Ts_Rank(open, 20))",EUR,TOP3000,INDUSTRY,0,0,P1Y,0.01,ON,OFF
FullTest_4231,"Rank(Ts_Rank(open, 20))",EUR,TOP3000,INDUSTRY,0,0,P1Y,0.01,OFF,ON
FullTest_4232,"Rank(Ts_Rank(open, 20))",EUR,TOP3000,INDUSTRY,0,0,P1Y,0.01,OFF,OFF
FullTest_4233,"Rank(Ts_Rank(open, 20))",EUR,TOP3000,INDUSTRY,0,0,P2Y,0.08,ON,ON
FullTest_4234,"Rank(Ts_Rank(open, 20))",EUR,TOP3000,INDUSTRY,0,0,P2Y,0.08,ON,OFF
FullTest_4235,"Rank(Ts_Rank(open, 20))",EUR,TOP3000,INDUSTRY,0,0,P2Y,0.08,OFF,ON
FullTest_4236,"Rank(Ts_Rank(open, 20))",EUR,TOP3000,INDUSTRY,0,0,P2Y,0.08,OFF,OFF
FullTest_4237,"Rank(Ts_Rank(open, 20))",EUR,TOP3000,INDUSTRY,0,0,P2Y,0.01,ON,ON
FullTest_4238,"Rank(Ts_Rank(open, 20))",EUR,TOP3000,INDUSTRY,0,0,P2Y,0.01,ON,OFF
FullTest_4239,"Rank(Ts_Rank(open, 20))",EUR,TOP3000,INDUSTRY,0,0,P2Y,0.01,OFF,ON
FullTest_4240,"Rank(Ts_Rank(open, 20))",EUR,TOP3000,INDUSTRY,0,0,P2Y,0.01,OFF,OFF
FullTest_4241,"Rank(Ts_Rank(open, 20))",EUR,TOP3000,INDUSTRY,0,1,P1Y,0.08,ON,ON
FullTest_4242,"Rank(Ts_Rank(open, 20))",EUR,TOP3000,INDUSTRY,0,1,P1Y,0.08,ON,OFF
FullTest_4243,"Rank(Ts_Rank(open, 20))",EUR,TOP3000,INDUSTRY,0,1,P1Y,0.08,OFF,ON
FullTest_4244,"Rank(Ts_Rank(open, 20))",EUR,TOP3000,INDUSTRY,0,1,P1Y,0.08,OFF,OFF
FullTest_4245,"Rank(Ts_Rank(open, 20))",EUR,TOP3000,INDUSTRY,0,1,P1Y,0.01,ON,ON
FullTest_4246,"Rank(Ts_Rank(open, 20))",EUR,TOP3000,INDUSTRY,0,1,P1Y,0.01,ON,OFF
FullTest_4247,"Rank(Ts_Rank(open, 20))",EUR,TOP3000,INDUSTRY,0,1,P1Y,0.01,OFF,ON
FullTest_4248,"Rank(Ts_Rank(open, 20))",EUR,TOP3000,INDUSTRY,0,1,P1Y,0.01,OFF,OFF
FullTest_4249,"Rank(Ts_Rank(open, 20))",EUR,TOP3000,INDUSTRY,0,1,P2Y,0.08,ON,ON
FullTest_4250,"Rank(Ts_Rank(open, 20))",EUR,TOP3000,INDUSTRY,0,1,P2Y,0.08,ON,OFF
FullTest_4251,"Rank(Ts_Rank(open, 20))",EUR,TOP3000,INDUSTRY,0,1,P2Y,0.08,OFF,ON
FullTest_4252,"Rank(Ts_Rank(open, 20))",EUR,TOP3000,INDUSTRY,0,1,P2Y,0.08,OFF,OFF
FullTest_4253,"Rank(Ts_Rank(open, 20))",EUR,TOP3000,INDUSTRY,0,1,P2Y,0.01,ON,ON
FullTest_4254,"Rank(Ts_Rank(open, 20))",EUR,TOP3000,INDUSTRY,0,1,P2Y,0.01,ON,OFF
FullTest_4255,"Rank(Ts_Rank(open, 20))",EUR,TOP3000,INDUSTRY,0,1,P2Y,0.01,OFF,ON
FullTest_4256,"Rank(Ts_Rank(open, 20))",EUR,TOP3000,INDUSTRY,0,1,P2Y,0.01,OFF,OFF
FullTest_4257,"Rank(Ts_Rank(open, 20))",EUR,TOP3000,INDUSTRY,5,0,P1Y,0.08,ON,ON
FullTest_4258,"Rank(Ts_Rank(open, 20))",EUR,TOP3000,INDUSTRY,5,0,P1Y,0.08,ON,OFF
FullTest_4259,"Rank(Ts_Rank(open, 20))",EUR,TOP3000,INDUSTRY,5,0,P1Y,0.08,OFF,ON
FullTest_4260,"Rank(Ts_Rank(open, 20))",EUR,TOP3000,INDUSTRY,5,0,P1Y,0.08,OFF,OFF
FullTest_4261,"Rank(Ts_Rank(open, 20))",EUR,TOP3000,INDUSTRY,5,0,P1Y,0.01,ON,ON
FullTest_4262,"Rank(Ts_Rank(open, 20))",EUR,TOP3000,INDUSTRY,5,0,P1Y,0.01,ON,OFF
FullTest_4263,"Rank(Ts_Rank(open, 20))",EUR,TOP3000,INDUSTRY,5,0,P1Y,0.01,OFF,ON
FullTest_4264,"Rank(Ts_Rank(open, 20))",EUR,TOP3000,INDUSTRY,5,0,P1Y,0.01,OFF,OFF
FullTest_4265,"Rank(Ts_Rank(open, 20))",EUR,TOP3000,INDUSTRY,5,0,P2Y,0.08,ON,ON
FullTest_4266,"Rank(Ts_Rank(open, 20))",EUR,TOP3000,INDUSTRY,5,0,P2Y,0.08,ON,OFF
FullTest_4267,"Rank(Ts_Rank(open, 20))",EUR,TOP3000,INDUSTRY,5,0,P2Y,0.08,OFF,ON
FullTest_4268,"Rank(Ts_Rank(open, 20))",EUR,TOP3000,INDUSTRY,5,0,P2Y,0.08,OFF,OFF
FullTest_4269,"Rank(Ts_Rank(open, 20))",EUR,TOP3000,INDUSTRY,5,0,P2Y,0.01,ON,ON
FullTest_4270,"Rank(Ts_Rank(open, 20))",EUR,TOP3000,INDUSTRY,5,0,P2Y,0.01,ON,OFF
FullTest_4271,"Rank(Ts_Rank(open, 20))",EUR,TOP3000,INDUSTRY,5,0,P2Y,0.01,OFF,ON
FullTest_4272,"Rank(Ts_Rank(open, 20))",EUR,TOP3000,INDUSTRY,5,0,P2Y,0.01,OFF,OFF
FullTest_4273,"Rank(Ts_Rank(open, 20))",EUR,TOP3000,INDUSTRY,5,1,P1Y,0.08,ON,ON
FullTest_4274,"Rank(Ts_Rank(open, 20))",EUR,TOP3000,INDUSTRY,5,1,P1Y,0.08,ON,OFF
FullTest_4275,"Rank(Ts_Rank(open, 20))",EUR,TOP3000,INDUSTRY,5,1,P1Y,0.08,OFF,ON
FullTest_4276,"Rank(Ts_Rank(open, 20))",EUR,TOP3000,INDUSTRY,5,1,P1Y,0.08,OFF,OFF
FullTest_4277,"Rank(Ts_Rank(open, 20))",EUR,TOP3000,INDUSTRY,5,1,P1Y,0.01,ON,ON
FullTest_4278,"Rank(Ts_Rank(open, 20))",EUR,TOP3000,INDUSTRY,5,1,P1Y,0.01,ON,OFF
FullTest_4279,"Rank(Ts_Rank(open, 20))",EUR,TOP3000,INDUSTRY,5,1,P1Y,0.01,OFF,ON
FullTest_4280,"Rank(Ts_Rank(open, 20))",EUR,TOP3000,INDUSTRY,5,1,P1Y,0.01,OFF,OFF
FullTest_4281,"Rank(Ts_Rank(open, 20))",EUR,TOP3000,INDUSTRY,5,1,P2Y,0.08,ON,ON
FullTest_4282,"Rank(Ts_Rank(open, 20))",EUR,TOP3000,INDUSTRY,5,1,P2Y,0.08,ON,OFF
FullTest_4283,"Rank(Ts_Rank(open, 20))",EUR,TOP3000,INDUSTRY,5,1,P2Y,0.08,OFF,ON
FullTest_4284,"Rank(Ts_Rank(open, 20))",EUR,TOP3000,INDUSTRY,5,1,P2Y,0.08,OFF,OFF
FullTest_4285,"Rank(Ts_Rank(open, 20))",EUR,TOP3000,INDUSTRY,5,1,P2Y,0.01,ON,ON
FullTest_4286,"Rank(Ts_Rank(open, 20))",EUR,TOP3000,INDUSTRY,5,1,P2Y,0.01,ON,OFF
FullTest_4287,"Rank(Ts_Rank(open, 20))",EUR,TOP3000,INDUSTRY,5,1,P2Y,0.01,OFF,ON
FullTest_4288,"Rank(Ts_Rank(open, 20))",EUR,TOP3000,INDUSTRY,5,1,P2Y,0.01,OFF,OFF
FullTest_4289,"Rank(Ts_Rank(open, 20))",EUR,TOP3000,MARKET,0,0,P1Y,0.08,ON,ON
FullTest_4290,"Rank(Ts_Rank(open, 20))",EUR,TOP3000,MARKET,0,0,P1Y,0.08,ON,OFF
FullTest_4291,"Rank(Ts_Rank(open, 20))",EUR,TOP3000,MARKET,0,0,P1Y,0.08,OFF,ON
FullTest_4292,"Rank(Ts_Rank(open, 20))",EUR,TOP3000,MARKET,0,0,P1Y,0.08,OFF,OFF
FullTest_4293,"Rank(Ts_Rank(open, 20))",EUR,TOP3000,MARKET,0,0,P1Y,0.01,ON,ON
FullTest_4294,"Rank(Ts_Rank(open, 20))",EUR,TOP3000,MARKET,0,0,P1Y,0.01,ON,OFF
FullTest_4295,"Rank(Ts_Rank(open, 20))",EUR,TOP3000,MARKET,0,0,P1Y,0.01,OFF,ON
FullTest_4296,"Rank(Ts_Rank(open, 20))",EUR,TOP3000,MARKET,0,0,P1Y,0.01,OFF,OFF
FullTest_4297,"Rank(Ts_Rank(open, 20))",EUR,TOP3000,MARKET,0,0,P2Y,0.08,ON,ON
FullTest_4298,"Rank(Ts_Rank(open, 20))",EUR,TOP3000,MARKET,0,0,P2Y,0.08,ON,OFF
FullTest_4299,"Rank(Ts_Rank(open, 20))",EUR,TOP3000,MARKET,0,0,P2Y,0.08,OFF,ON
FullTest_4300,"Rank(Ts_Rank(open, 20))",EUR,TOP3000,MARKET,0,0,P2Y,0.08,OFF,OFF
FullTest_4301,"Rank(Ts_Rank(open, 20))",EUR,TOP3000,MARKET,0,0,P2Y,0.01,ON,ON
FullTest_4302,"Rank(Ts_Rank(open, 20))",EUR,TOP3000,MARKET,0,0,P2Y,0.01,ON,OFF
FullTest_4303,"Rank(Ts_Rank(open, 20))",EUR,TOP3000,MARKET,0,0,P2Y,0.01,OFF,ON
FullTest_4304,"Rank(Ts_Rank(open, 20))",EUR,TOP3000,MARKET,0,0,P2Y,0.01,OFF,OFF
FullTest_4305,"Rank(Ts_Rank(open, 20))",EUR,TOP3000,MARKET,0,1,P1Y,0.08,ON,ON
FullTest_4306,"Rank(Ts_Rank(open, 20))",EUR,TOP3000,MARKET,0,1,P1Y,0.08,ON,OFF
FullTest_4307,"Rank(Ts_Rank(open, 20))",EUR,TOP3000,MARKET,0,1,P1Y,0.08,OFF,ON
FullTest_4308,"Rank(Ts_Rank(open, 20))",EUR,TOP3000,MARKET,0,1,P1Y,0.08,OFF,OFF
FullTest_4309,"Rank(Ts_Rank(open, 20))",EUR,TOP3000,MARKET,0,1,P1Y,0.01,ON,ON
FullTest_4310,"Rank(Ts_Rank(open, 20))",EUR,TOP3000,MARKET,0,1,P1Y,0.01,ON,OFF
FullTest_4311,"Rank(Ts_Rank(open, 20))",EUR,TOP3000,MARKET,0,1,P1Y,0.01,OFF,ON
FullTest_4312,"Rank(Ts_Rank(open, 20))",EUR,TOP3000,MARKET,0,1,P1Y,0.01,OFF,OFF
FullTest_4313,"Rank(Ts_Rank(open, 20))",EUR,TOP3000,MARKET,0,1,P2Y,0.08,ON,ON
FullTest_4314,"Rank(Ts_Rank(open, 20))",EUR,TOP3000,MARKET,0,1,P2Y,0.08,ON,OFF
FullTest_4315,"Rank(Ts_Rank(open, 20))",EUR,TOP3000,MARKET,0,1,P2Y,0.08,OFF,ON
FullTest_4316,"Rank(Ts_Rank(open, 20))",EUR,TOP3000,MARKET,0,1,P2Y,0.08,OFF,OFF
FullTest_4317,"Rank(Ts_Rank(open, 20))",EUR,TOP3000,MARKET,0,1,P2Y,0.01,ON,ON
FullTest_4318,"Rank(Ts_Rank(open, 20))",EUR,TOP3000,MARKET,0,1,P2Y,0.01,ON,OFF
FullTest_4319,"Rank(Ts_Rank(open, 20))",EUR,TOP3000,MARKET,0,1,P2Y,0.01,OFF,ON
FullTest_4320,"Rank(Ts_Rank(open, 20))",EUR,TOP3000,MARKET,0,1,P2Y,0.01,OFF,OFF
FullTest_4321,"Rank(Ts_Rank(open, 20))",EUR,TOP3000,MARKET,5,0,P1Y,0.08,ON,ON
FullTest_4322,"Rank(Ts_Rank(open, 20))",EUR,TOP3000,MARKET,5,0,P1Y,0.08,ON,OFF
FullTest_4323,"Rank(Ts_Rank(open, 20))",EUR,TOP3000,MARKET,5,0,P1Y,0.08,OFF,ON
FullTest_4324,"Rank(Ts_Rank(open, 20))",EUR,TOP3000,MARKET,5,0,P1Y,0.08,OFF,OFF
FullTest_4325,"Rank(Ts_Rank(open, 20))",EUR,TOP3000,MARKET,5,0,P1Y,0.01,ON,ON
FullTest_4326,"Rank(Ts_Rank(open, 20))",EUR,TOP3000,MARKET,5,0,P1Y,0.01,ON,OFF
FullTest_4327,"Rank(Ts_Rank(open, 20))",EUR,TOP3000,MARKET,5,0,P1Y,0.01,OFF,ON
FullTest_4328,"Rank(Ts_Rank(open, 20))",EUR,TOP3000,MARKET,5,0,P1Y,0.01,OFF,OFF
FullTest_4329,"Rank(Ts_Rank(open, 20))",EUR,TOP3000,MARKET,5,0,P2Y,0.08,ON,ON
FullTest_4330,"Rank(Ts_Rank(open, 20))",EUR,TOP3000,MARKET,5,0,P2Y,0.08,ON,OFF
FullTest_4331,"Rank(Ts_Rank(open, 20))",EUR,TOP3000,MARKET,5,0,P2Y,0.08,OFF,ON
FullTest_4332,"Rank(Ts_Rank(open, 20))",EUR,TOP3000,MARKET,5,0,P2Y,0.08,OFF,OFF
FullTest_4333,"Rank(Ts_Rank(open, 20))",EUR,TOP3000,MARKET,5,0,P2Y,0.01,ON,ON
FullTest_4334,"Rank(Ts_Rank(open, 20))",EUR,TOP3000,MARKET,5,0,P2Y,0.01,ON,OFF
FullTest_4335,"Rank(Ts_Rank(open, 20))",EUR,TOP3000,MARKET,5,0,P2Y,0.01,OFF,ON
FullTest_4336,"Rank(Ts_Rank(open, 20))",EUR,TOP3000,MARKET,5,0,P2Y,0.01,OFF,OFF
FullTest_4337,"Rank(Ts_Rank(open, 20))",EUR,TOP3000,MARKET,5,1,P1Y,0.08,ON,ON
FullTest_4338,"Rank(Ts_Rank(open, 20))",EUR,TOP3000,MARKET,5,1,P1Y,0.08,ON,OFF
FullTest_4339,"Rank(Ts_Rank(open, 20))",EUR,TOP3000,MARKET,5,1,P1Y,0.08,OFF,ON
FullTest_4340,"Rank(Ts_Rank(open, 20))",EUR,TOP3000,MARKET,5,1,P1Y,0.08,OFF,OFF
FullTest_4341,"Rank(Ts_Rank(open, 20))",EUR,TOP3000,MARKET,5,1,P1Y,0.01,ON,ON
FullTest_4342,"Rank(Ts_Rank(open, 20))",EUR,TOP3000,MARKET,5,1,P1Y,0.01,ON,OFF
FullTest_4343,"Rank(Ts_Rank(open, 20))",EUR,TOP3000,MARKET,5,1,P1Y,0.01,OFF,ON
FullTest_4344,"Rank(Ts_Rank(open, 20))",EUR,TOP3000,MARKET,5,1,P1Y,0.01,OFF,OFF
FullTest_4345,"Rank(Ts_Rank(open, 20))",EUR,TOP3000,MARKET,5,1,P2Y,0.08,ON,ON
FullTest_4346,"Rank(Ts_Rank(open, 20))",EUR,TOP3000,MARKET,5,1,P2Y,0.08,ON,OFF
FullTest_4347,"Rank(Ts_Rank(open, 20))",EUR,TOP3000,MARKET,5,1,P2Y,0.08,OFF,ON
FullTest_4348,"Rank(Ts_Rank(open, 20))",EUR,TOP3000,MARKET,5,1,P2Y,0.08,OFF,OFF
FullTest_4349,"Rank(Ts_Rank(open, 20))",EUR,TOP3000,MARKET,5,1,P2Y,0.01,ON,ON
FullTest_4350,"Rank(Ts_Rank(open, 20))",EUR,TOP3000,MARKET,5,1,P2Y,0.01,ON,OFF
FullTest_4351,"Rank(Ts_Rank(open, 20))",EUR,TOP3000,MARKET,5,1,P2Y,0.01,OFF,ON
FullTest_4352,"Rank(Ts_Rank(open, 20))",EUR,TOP3000,MARKET,5,1,P2Y,0.01,OFF,OFF
FullTest_4353,"Rank(Ts_Rank(open, 20))",EUR,TOP3000,NONE,0,0,P1Y,0.08,ON,ON
FullTest_4354,"Rank(Ts_Rank(open, 20))",EUR,TOP3000,NONE,0,0,P1Y,0.08,ON,OFF
FullTest_4355,"Rank(Ts_Rank(open, 20))",EUR,TOP3000,NONE,0,0,P1Y,0.08,OFF,ON
FullTest_4356,"Rank(Ts_Rank(open, 20))",EUR,TOP3000,NONE,0,0,P1Y,0.08,OFF,OFF
FullTest_4357,"Rank(Ts_Rank(open, 20))",EUR,TOP3000,NONE,0,0,P1Y,0.01,ON,ON
FullTest_4358,"Rank(Ts_Rank(open, 20))",EUR,TOP3000,NONE,0,0,P1Y,0.01,ON,OFF
FullTest_4359,"Rank(Ts_Rank(open, 20))",EUR,TOP3000,NONE,0,0,P1Y,0.01,OFF,ON
FullTest_4360,"Rank(Ts_Rank(open, 20))",EUR,TOP3000,NONE,0,0,P1Y,0.01,OFF,OFF
FullTest_4361,"Rank(Ts_Rank(open, 20))",EUR,TOP3000,NONE,0,0,P2Y,0.08,ON,ON
FullTest_4362,"Rank(Ts_Rank(open, 20))",EUR,TOP3000,NONE,0,0,P2Y,0.08,ON,OFF
FullTest_4363,"Rank(Ts_Rank(open, 20))",EUR,TOP3000,NONE,0,0,P2Y,0.08,OFF,ON
FullTest_4364,"Rank(Ts_Rank(open, 20))",EUR,TOP3000,NONE,0,0,P2Y,0.08,OFF,OFF
FullTest_4365,"Rank(Ts_Rank(open, 20))",EUR,TOP3000,NONE,0,0,P2Y,0.01,ON,ON
FullTest_4366,"Rank(Ts_Rank(open, 20))",EUR,TOP3000,NONE,0,0,P2Y,0.01,ON,OFF
FullTest_4367,"Rank(Ts_Rank(open, 20))",EUR,TOP3000,NONE,0,0,P2Y,0.01,OFF,ON
FullTest_4368,"Rank(Ts_Rank(open, 20))",EUR,TOP3000,NONE,0,0,P2Y,0.01,OFF,OFF
FullTest_4369,"Rank(Ts_Rank(open, 20))",EUR,TOP3000,NONE,0,1,P1Y,0.08,ON,ON
FullTest_4370,"Rank(Ts_Rank(open, 20))",EUR,TOP3000,NONE,0,1,P1Y,0.08,ON,OFF
FullTest_4371,"Rank(Ts_Rank(open, 20))",EUR,TOP3000,NONE,0,1,P1Y,0.08,OFF,ON
FullTest_4372,"Rank(Ts_Rank(open, 20))",EUR,TOP3000,NONE,0,1,P1Y,0.08,OFF,OFF
FullTest_4373,"Rank(Ts_Rank(open, 20))",EUR,TOP3000,NONE,0,1,P1Y,0.01,ON,ON
FullTest_4374,"Rank(Ts_Rank(open, 20))",EUR,TOP3000,NONE,0,1,P1Y,0.01,ON,OFF
FullTest_4375,"Rank(Ts_Rank(open, 20))",EUR,TOP3000,NONE,0,1,P1Y,0.01,OFF,ON
FullTest_4376,"Rank(Ts_Rank(open, 20))",EUR,TOP3000,NONE,0,1,P1Y,0.01,OFF,OFF
FullTest_4377,"Rank(Ts_Rank(open, 20))",EUR,TOP3000,NONE,0,1,P2Y,0.08,ON,ON
FullTest_4378,"Rank(Ts_Rank(open, 20))",EUR,TOP3000,NONE,0,1,P2Y,0.08,ON,OFF
FullTest_4379,"Rank(Ts_Rank(open, 20))",EUR,TOP3000,NONE,0,1,P2Y,0.08,OFF,ON
FullTest_4380,"Rank(Ts_Rank(open, 20))",EUR,TOP3000,NONE,0,1,P2Y,0.08,OFF,OFF
FullTest_4381,"Rank(Ts_Rank(open, 20))",EUR,TOP3000,NONE,0,1,P2Y,0.01,ON,ON
FullTest_4382,"Rank(Ts_Rank(open, 20))",EUR,TOP3000,NONE,0,1,P2Y,0.01,ON,OFF
FullTest_4383,"Rank(Ts_Rank(open, 20))",EUR,TOP3000,NONE,0,1,P2Y,0.01,OFF,ON
FullTest_4384,"Rank(Ts_Rank(open, 20))",EUR,TOP3000,NONE,0,1,P2Y,0.01,OFF,OFF
FullTest_4385,"Rank(Ts_Rank(open, 20))",EUR,TOP3000,NONE,5,0,P1Y,0.08,ON,ON
FullTest_4386,"Rank(Ts_Rank(open, 20))",EUR,TOP3000,NONE,5,0,P1Y,0.08,ON,OFF
FullTest_4387,"Rank(Ts_Rank(open, 20))",EUR,TOP3000,NONE,5,0,P1Y,0.08,OFF,ON
FullTest_4388,"Rank(Ts_Rank(open, 20))",EUR,TOP3000,NONE,5,0,P1Y,0.08,OFF,OFF
FullTest_4389,"Rank(Ts_Rank(open, 20))",EUR,TOP3000,NONE,5,0,P1Y,0.01,ON,ON
FullTest_4390,"Rank(Ts_Rank(open, 20))",EUR,TOP3000,NONE,5,0,P1Y,0.01,ON,OFF
FullTest_4391,"Rank(Ts_Rank(open, 20))",EUR,TOP3000,NONE,5,0,P1Y,0.01,OFF,ON
FullTest_4392,"Rank(Ts_Rank(open, 20))",EUR,TOP3000,NONE,5,0,P1Y,0.01,OFF,OFF
FullTest_4393,"Rank(Ts_Rank(open, 20))",EUR,TOP3000,NONE,5,0,P2Y,0.08,ON,ON
FullTest_4394,"Rank(Ts_Rank(open, 20))",EUR,TOP3000,NONE,5,0,P2Y,0.08,ON,OFF
FullTest_4395,"Rank(Ts_Rank(open, 20))",EUR,TOP3000,NONE,5,0,P2Y,0.08,OFF,ON
FullTest_4396,"Rank(Ts_Rank(open, 20))",EUR,TOP3000,NONE,5,0,P2Y,0.08,OFF,OFF
FullTest_4397,"Rank(Ts_Rank(open, 20))",EUR,TOP3000,NONE,5,0,P2Y,0.01,ON,ON
FullTest_4398,"Rank(Ts_Rank(open, 20))",EUR,TOP3000,NONE,5,0,P2Y,0.01,ON,OFF
FullTest_4399,"Rank(Ts_Rank(open, 20))",EUR,TOP3000,NONE,5,0,P2Y,0.01,OFF,ON
FullTest_4400,"Rank(Ts_Rank(open, 20))",EUR,TOP3000,NONE,5,0,P2Y,0.01,OFF,OFF
FullTest_4401,"Rank(Ts_Rank(open, 20))",EUR,TOP3000,NONE,5,1,P1Y,0.08,ON,ON
FullTest_4402,"Rank(Ts_Rank(open, 20))",EUR,TOP3000,NONE,5,1,P1Y,0.08,ON,OFF
FullTest_4403,"Rank(Ts_Rank(open, 20))",EUR,TOP3000,NONE,5,1,P1Y,0.08,OFF,ON
FullTest_4404,"Rank(Ts_Rank(open, 20))",EUR,TOP3000,NONE,5,1,P1Y,0.08,OFF,OFF
FullTest_4405,"Rank(Ts_Rank(open, 20))",EUR,TOP3000,NONE,5,1,P1Y,0.01,ON,ON
FullTest_4406,"Rank(Ts_Rank(open, 20))",EUR,TOP3000,NONE,5,1,P1Y,0.01,ON,OFF
FullTest_4407,"Rank(Ts_Rank(open, 20))",EUR,TOP3000,NONE,5,1,P1Y,0.01,OFF,ON
FullTest_4408,"Rank(Ts_Rank(open, 20))",EUR,TOP3000,NONE,5,1,P1Y,0.01,OFF,OFF
FullTest_4409,"Rank(Ts_Rank(open, 20))",EUR,TOP3000,NONE,5,1,P2Y,0.08,ON,ON
FullTest_4410,"Rank(Ts_Rank(open, 20))",EUR,TOP3000,NONE,5,1,P2Y,0.08,ON,OFF
FullTest_4411,"Rank(Ts_Rank(open, 20))",EUR,TOP3000,NONE,5,1,P2Y,0.08,OFF,ON
FullTest_4412,"Rank(Ts_Rank(open, 20))",EUR,TOP3000,NONE,5,1,P2Y,0.08,OFF,OFF
FullTest_4413,"Rank(Ts_Rank(open, 20))",EUR,TOP3000,NONE,5,1,P2Y,0.01,ON,ON
FullTest_4414,"Rank(Ts_Rank(open, 20))",EUR,TOP3000,NONE,5,1,P2Y,0.01,ON,OFF
FullTest_4415,"Rank(Ts_Rank(open, 20))",EUR,TOP3000,NONE,5,1,P2Y,0.01,OFF,ON
FullTest_4416,"Rank(Ts_Rank(open, 20))",EUR,TOP3000,NONE,5,1,P2Y,0.01,OFF,OFF
FullTest_4417,"Rank(Ts_Rank(open, 20))",EUR,MINVOL3M,INDUSTRY,0,0,P1Y,0.08,ON,ON
FullTest_4418,"Rank(Ts_Rank(open, 20))",EUR,MINVOL3M,INDUSTRY,0,0,P1Y,0.08,ON,OFF
FullTest_4419,"Rank(Ts_Rank(open, 20))",EUR,MINVOL3M,INDUSTRY,0,0,P1Y,0.08,OFF,ON
FullTest_4420,"Rank(Ts_Rank(open, 20))",EUR,MINVOL3M,INDUSTRY,0,0,P1Y,0.08,OFF,OFF
FullTest_4421,"Rank(Ts_Rank(open, 20))",EUR,MINVOL3M,INDUSTRY,0,0,P1Y,0.01,ON,ON
FullTest_4422,"Rank(Ts_Rank(open, 20))",EUR,MINVOL3M,INDUSTRY,0,0,P1Y,0.01,ON,OFF
FullTest_4423,"Rank(Ts_Rank(open, 20))",EUR,MINVOL3M,INDUSTRY,0,0,P1Y,0.01,OFF,ON
FullTest_4424,"Rank(Ts_Rank(open, 20))",EUR,MINVOL3M,INDUSTRY,0,0,P1Y,0.01,OFF,OFF
FullTest_4425,"Rank(Ts_Rank(open, 20))",EUR,MINVOL3M,INDUSTRY,0,0,P2Y,0.08,ON,ON
FullTest_4426,"Rank(Ts_Rank(open, 20))",EUR,MINVOL3M,INDUSTRY,0,0,P2Y,0.08,ON,OFF
FullTest_4427,"Rank(Ts_Rank(open, 20))",EUR,MINVOL3M,INDUSTRY,0,0,P2Y,0.08,OFF,ON
FullTest_4428,"Rank(Ts_Rank(open, 20))",EUR,MINVOL3M,INDUSTRY,0,0,P2Y,0.08,OFF,OFF
FullTest_4429,"Rank(Ts_Rank(open, 20))",EUR,MINVOL3M,INDUSTRY,0,0,P2Y,0.01,ON,ON
FullTest_4430,"Rank(Ts_Rank(open, 20))",EUR,MINVOL3M,INDUSTRY,0,0,P2Y,0.01,ON,OFF
FullTest_4431,"Rank(Ts_Rank(open, 20))",EUR,MINVOL3M,INDUSTRY,0,0,P2Y,0.01,OFF,ON
FullTest_4432,"Rank(Ts_Rank(open, 20))",EUR,MINVOL3M,INDUSTRY,0,0,P2Y,0.01,OFF,OFF
FullTest_4433,"Rank(Ts_Rank(open, 20))",EUR,MINVOL3M,INDUSTRY,0,1,P1Y,0.08,ON,ON
FullTest_4434,"Rank(Ts_Rank(open, 20))",EUR,MINVOL3M,INDUSTRY,0,1,P1Y,0.08,ON,OFF
FullTest_4435,"Rank(Ts_Rank(open, 20))",EUR,MINVOL3M,INDUSTRY,0,1,P1Y,0.08,OFF,ON
FullTest_4436,"Rank(Ts_Rank(open, 20))",EUR,MINVOL3M,INDUSTRY,0,1,P1Y,0.08,OFF,OFF
FullTest_4437,"Rank(Ts_Rank(open, 20))",EUR,MINVOL3M,INDUSTRY,0,1,P1Y,0.01,ON,ON
FullTest_4438,"Rank(Ts_Rank(open, 20))",EUR,MINVOL3M,INDUSTRY,0,1,P1Y,0.01,ON,OFF
FullTest_4439,"Rank(Ts_Rank(open, 20))",EUR,MINVOL3M,INDUSTRY,0,1,P1Y,0.01,OFF,ON
FullTest_4440,"Rank(Ts_Rank(open, 20))",EUR,MINVOL3M,INDUSTRY,0,1,P1Y,0.01,OFF,OFF
FullTest_4441,"Rank(Ts_Rank(open, 20))",EUR,MINVOL3M,INDUSTRY,0,1,P2Y,0.08,ON,ON
FullTest_4442,"Rank(Ts_Rank(open, 20))",EUR,MINVOL3M,INDUSTRY,0,1,P2Y,0.08,ON,OFF
FullTest_4443,"Rank(Ts_Rank(open, 20))",EUR,MINVOL3M,INDUSTRY,0,1,P2Y,0.08,OFF,ON
FullTest_4444,"Rank(Ts_Rank(open, 20))",EUR,MINVOL3M,INDUSTRY,0,1,P2Y,0.08,OFF,OFF
FullTest_4445,"Rank(Ts_Rank(open, 20))",EUR,MINVOL3M,INDUSTRY,0,1,P2Y,0.01,ON,ON
FullTest_4446,"Rank(Ts_Rank(open, 20))",EUR,MINVOL3M,INDUSTRY,0,1,P2Y,0.01,ON,OFF
FullTest_4447,"Rank(Ts_Rank(open, 20))",EUR,MINVOL3M,INDUSTRY,0,1,P2Y,0.01,OFF,ON
FullTest_4448,"Rank(Ts_Rank(open, 20))",EUR,MINVOL3M,INDUSTRY,0,1,P2Y,0.01,OFF,OFF
FullTest_4449,"Rank(Ts_Rank(open, 20))",EUR,MINVOL3M,INDUSTRY,5,0,P1Y,0.08,ON,ON
FullTest_4450,"Rank(Ts_Rank(open, 20))",EUR,MINVOL3M,INDUSTRY,5,0,P1Y,0.08,ON,OFF
FullTest_4451,"Rank(Ts_Rank(open, 20))",EUR,MINVOL3M,INDUSTRY,5,0,P1Y,0.08,OFF,ON
FullTest_4452,"Rank(Ts_Rank(open, 20))",EUR,MINVOL3M,INDUSTRY,5,0,P1Y,0.08,OFF,OFF
FullTest_4453,"Rank(Ts_Rank(open, 20))",EUR,MINVOL3M,INDUSTRY,5,0,P1Y,0.01,ON,ON
FullTest_4454,"Rank(Ts_Rank(open, 20))",EUR,MINVOL3M,INDUSTRY,5,0,P1Y,0.01,ON,OFF
FullTest_4455,"Rank(Ts_Rank(open, 20))",EUR,MINVOL3M,INDUSTRY,5,0,P1Y,0.01,OFF,ON
FullTest_4456,"Rank(Ts_Rank(open, 20))",EUR,MINVOL3M,INDUSTRY,5,0,P1Y,0.01,OFF,OFF
FullTest_4457,"Rank(Ts_Rank(open, 20))",EUR,MINVOL3M,INDUSTRY,5,0,P2Y,0.08,ON,ON
FullTest_4458,"Rank(Ts_Rank(open, 20))",EUR,MINVOL3M,INDUSTRY,5,0,P2Y,0.08,ON,OFF
FullTest_4459,"Rank(Ts_Rank(open, 20))",EUR,MINVOL3M,INDUSTRY,5,0,P2Y,0.08,OFF,ON
FullTest_4460,"Rank(Ts_Rank(open, 20))",EUR,MINVOL3M,INDUSTRY,5,0,P2Y,0.08,OFF,OFF
FullTest_4461,"Rank(Ts_Rank(open, 20))",EUR,MINVOL3M,INDUSTRY,5,0,P2Y,0.01,ON,ON
FullTest_4462,"Rank(Ts_Rank(open, 20))",EUR,MINVOL3M,INDUSTRY,5,0,P2Y,0.01,ON,OFF
FullTest_4463,"Rank(Ts_Rank(open, 20))",EUR,MINVOL3M,INDUSTRY,5,0,P2Y,0.01,OFF,ON
FullTest_4464,"Rank(Ts_Rank(open, 20))",EUR,MINVOL3M,INDUSTRY,5,0,P2Y,0.01,OFF,OFF
FullTest_4465,"Rank(Ts_Rank(open, 20))",EUR,MINVOL3M,INDUSTRY,5,1,P1Y,0.08,ON,ON
FullTest_4466,"Rank(Ts_Rank(open, 20))",EUR,MINVOL3M,INDUSTRY,5,1,P1Y,0.08,ON,OFF
FullTest_4467,"Rank(Ts_Rank(open, 20))",EUR,MINVOL3M,INDUSTRY,5,1,P1Y,0.08,OFF,ON
FullTest_4468,"Rank(Ts_Rank(open, 20))",EUR,MINVOL3M,INDUSTRY,5,1,P1Y,0.08,OFF,OFF
FullTest_4469,"Rank(Ts_Rank(open, 20))",EUR,MINVOL3M,INDUSTRY,5,1,P1Y,0.01,ON,ON
FullTest_4470,"Rank(Ts_Rank(open, 20))",EUR,MINVOL3M,INDUSTRY,5,1,P1Y,0.01,ON,OFF
FullTest_4471,"Rank(Ts_Rank(open, 20))",EUR,MINVOL3M,INDUSTRY,5,1,P1Y,0.01,OFF,ON
FullTest_4472,"Rank(Ts_Rank(open, 20))",EUR,MINVOL3M,INDUSTRY,5,1,P1Y,0.01,OFF,OFF
FullTest_4473,"Rank(Ts_Rank(open, 20))",EUR,MINVOL3M,INDUSTRY,5,1,P2Y,0.08,ON,ON
FullTest_4474,"Rank(Ts_Rank(open, 20))",EUR,MINVOL3M,INDUSTRY,5,1,P2Y,0.08,ON,OFF
FullTest_4475,"Rank(Ts_Rank(open, 20))",EUR,MINVOL3M,INDUSTRY,5,1,P2Y,0.08,OFF,ON
FullTest_4476,"Rank(Ts_Rank(open, 20))",EUR,MINVOL3M,INDUSTRY,5,1,P2Y,0.08,OFF,OFF
FullTest_4477,"Rank(Ts_Rank(open, 20))",EUR,MINVOL3M,INDUSTRY,5,1,P2Y,0.01,ON,ON
FullTest_4478,"Rank(Ts_Rank(open, 20))",EUR,MINVOL3M,INDUSTRY,5,1,P2Y,0.01,ON,OFF
FullTest_4479,"Rank(Ts_Rank(open, 20))",EUR,MINVOL3M,INDUSTRY,5,1,P2Y,0.01,OFF,ON
FullTest_4480,"Rank(Ts_Rank(open, 20))",EUR,MINVOL3M,INDUSTRY,5,1,P2Y,0.01,OFF,OFF
FullTest_4481,"Rank(Ts_Rank(open, 20))",EUR,MINVOL3M,MARKET,0,0,P1Y,0.08,ON,ON
FullTest_4482,"Rank(Ts_Rank(open, 20))",EUR,MINVOL3M,MARKET,0,0,P1Y,0.08,ON,OFF
FullTest_4483,"Rank(Ts_Rank(open, 20))",EUR,MINVOL3M,MARKET,0,0,P1Y,0.08,OFF,ON
FullTest_4484,"Rank(Ts_Rank(open, 20))",EUR,MINVOL3M,MARKET,0,0,P1Y,0.08,OFF,OFF
FullTest_4485,"Rank(Ts_Rank(open, 20))",EUR,MINVOL3M,MARKET,0,0,P1Y,0.01,ON,ON
FullTest_4486,"Rank(Ts_Rank(open, 20))",EUR,MINVOL3M,MARKET,0,0,P1Y,0.01,ON,OFF
FullTest_4487,"Rank(Ts_Rank(open, 20))",EUR,MINVOL3M,MARKET,0,0,P1Y,0.01,OFF,ON
FullTest_4488,"Rank(Ts_Rank(open, 20))",EUR,MINVOL3M,MARKET,0,0,P1Y,0.01,OFF,OFF
FullTest_4489,"Rank(Ts_Rank(open, 20))",EUR,MINVOL3M,MARKET,0,0,P2Y,0.08,ON,ON
FullTest_4490,"Rank(Ts_Rank(open, 20))",EUR,MINVOL3M,MARKET,0,0,P2Y,0.08,ON,OFF
FullTest_4491,"Rank(Ts_Rank(open, 20))",EUR,MINVOL3M,MARKET,0,0,P2Y,0.08,OFF,ON
FullTest_4492,"Rank(Ts_Rank(open, 20))",EUR,MINVOL3M,MARKET,0,0,P2Y,0.08,OFF,OFF
FullTest_4493,"Rank(Ts_Rank(open, 20))",EUR,MINVOL3M,MARKET,0,0,P2Y,0.01,ON,ON
FullTest_4494,"Rank(Ts_Rank(open, 20))",EUR,MINVOL3M,MARKET,0,0,P2Y,0.01,ON,OFF
FullTest_4495,"Rank(Ts_Rank(open, 20))",EUR,MINVOL3M,MARKET,0,0,P2Y,0.01,OFF,ON
FullTest_4496,"Rank(Ts_Rank(open, 20))",EUR,MINVOL3M,MARKET,0,0,P2Y,0.01,OFF,OFF
FullTest_4497,"Rank(Ts_Rank(open, 20))",EUR,MINVOL3M,MARKET,0,1,P1Y,0.08,ON,ON
FullTest_4498,"Rank(Ts_Rank(open, 20))",EUR,MINVOL3M,MARKET,0,1,P1Y,0.08,ON,OFF
FullTest_4499,"Rank(Ts_Rank(open, 20))",EUR,MINVOL3M,MARKET,0,1,P1Y,0.08,OFF,ON
FullTest_4500,"Rank(Ts_Rank(open, 20))",EUR,MINVOL3M,MARKET,0,1,P1Y,0.08,OFF,OFF
FullTest_4501,"Rank(Ts_Rank(open, 20))",EUR,MINVOL3M,MARKET,0,1,P1Y,0.01,ON,ON
FullTest_4502,"Rank(Ts_Rank(open, 20))",EUR,MINVOL3M,MARKET,0,1,P1Y,0.01,ON,OFF
FullTest_4503,"Rank(Ts_Rank(open, 20))",EUR,MINVOL3M,MARKET,0,1,P1Y,0.01,OFF,ON
FullTest_4504,"Rank(Ts_Rank(open, 20))",EUR,MINVOL3M,MARKET,0,1,P1Y,0.01,OFF,OFF
FullTest_4505,"Rank(Ts_Rank(open, 20))",EUR,MINVOL3M,MARKET,0,1,P2Y,0.08,ON,ON
FullTest_4506,"Rank(Ts_Rank(open, 20))",EUR,MINVOL3M,MARKET,0,1,P2Y,0.08,ON,OFF
FullTest_4507,"Rank(Ts_Rank(open, 20))",EUR,MINVOL3M,MARKET,0,1,P2Y,0.08,OFF,ON
FullTest_4508,"Rank(Ts_Rank(open, 20))",EUR,MINVOL3M,MARKET,0,1,P2Y,0.08,OFF,OFF
FullTest_4509,"Rank(Ts_Rank(open, 20))",EUR,MINVOL3M,MARKET,0,1,P2Y,0.01,ON,ON
FullTest_4510,"Rank(Ts_Rank(open, 20))",EUR,MINVOL3M,MARKET,0,1,P2Y,0.01,ON,OFF
FullTest_4511,"Rank(Ts_Rank(open, 20))",EUR,MINVOL3M,MARKET,0,1,P2Y,0.01,OFF,ON
FullTest_4512,"Rank(Ts_Rank(open, 20))",EUR,MINVOL3M,MARKET,0,1,P2Y,0.01,OFF,OFF
FullTest_4513,"Rank(Ts_Rank(open, 20))",EUR,MINVOL3M,MARKET,5,0,P1Y,0.08,ON,ON
FullTest_4514,"Rank(Ts_Rank(open, 20))",EUR,MINVOL3M,MARKET,5,0,P1Y,0.08,ON,OFF
FullTest_4515,"Rank(Ts_Rank(open, 20))",EUR,MINVOL3M,MARKET,5,0,P1Y,0.08,OFF,ON
FullTest_4516,"Rank(Ts_Rank(open, 20))",EUR,MINVOL3M,MARKET,5,0,P1Y,0.08,OFF,OFF
FullTest_4517,"Rank(Ts_Rank(open, 20))",EUR,MINVOL3M,MARKET,5,0,P1Y,0.01,ON,ON
FullTest_4518,"Rank(Ts_Rank(open, 20))",EUR,MINVOL3M,MARKET,5,0,P1Y,0.01,ON,OFF
FullTest_4519,"Rank(Ts_Rank(open, 20))",EUR,MINVOL3M,MARKET,5,0,P1Y,0.01,OFF,ON
FullTest_4520,"Rank(Ts_Rank(open, 20))",EUR,MINVOL3M,MARKET,5,0,P1Y,0.01,OFF,OFF
FullTest_4521,"Rank(Ts_Rank(open, 20))",EUR,MINVOL3M,MARKET,5,0,P2Y,0.08,ON,ON
FullTest_4522,"Rank(Ts_Rank(open, 20))",EUR,MINVOL3M,MARKET,5,0,P2Y,0.08,ON,OFF
FullTest_4523,"Rank(Ts_Rank(open, 20))",EUR,MINVOL3M,MARKET,5,0,P2Y,0.08,OFF,ON
FullTest_4524,"Rank(Ts_Rank(open, 20))",EUR,MINVOL3M,MARKET,5,0,P2Y,0.08,OFF,OFF
FullTest_4525,"Rank(Ts_Rank(open, 20))",EUR,MINVOL3M,MARKET,5,0,P2Y,0.01,ON,ON
FullTest_4526,"Rank(Ts_Rank(open, 20))",EUR,MINVOL3M,MARKET,5,0,P2Y,0.01,ON,OFF
FullTest_4527,"Rank(Ts_Rank(open, 20))",EUR,MINVOL3M,MARKET,5,0,P2Y,0.01,OFF,ON
FullTest_4528,"Rank(Ts_Rank(open, 20))",EUR,MINVOL3M,MARKET,5,0,P2Y,0.01,OFF,OFF
FullTest_4529,"Rank(Ts_Rank(open, 20))",EUR,MINVOL3M,MARKET,5,1,P1Y,0.08,ON,ON
FullTest_4530,"Rank(Ts_Rank(open, 20))",EUR,MINVOL3M,MARKET,5,1,P1Y,0.08,ON,OFF
FullTest_4531,"Rank(Ts_Rank(open, 20))",EUR,MINVOL3M,MARKET,5,1,P1Y,0.08,OFF,ON
FullTest_4532,"Rank(Ts_Rank(open, 20))",EUR,MINVOL3M,MARKET,5,1,P1Y,0.08,OFF,OFF
FullTest_4533,"Rank(Ts_Rank(open, 20))",EUR,MINVOL3M,MARKET,5,1,P1Y,0.01,ON,ON
FullTest_4534,"Rank(Ts_Rank(open, 20))",EUR,MINVOL3M,MARKET,5,1,P1Y,0.01,ON,OFF
FullTest_4535,"Rank(Ts_Rank(open, 20))",EUR,MINVOL3M,MARKET,5,1,P1Y,0.01,OFF,ON
FullTest_4536,"Rank(Ts_Rank(open, 20))",EUR,MINVOL3M,MARKET,5,1,P1Y,0.01,OFF,OFF
FullTest_4537,"Rank(Ts_Rank(open, 20))",EUR,MINVOL3M,MARKET,5,1,P2Y,0.08,ON,ON
FullTest_4538,"Rank(Ts_Rank(open, 20))",EUR,MINVOL3M,MARKET,5,1,P2Y,0.08,ON,OFF
FullTest_4539,"Rank(Ts_Rank(open, 20))",EUR,MINVOL3M,MARKET,5,1,P2Y,0.08,OFF,ON
FullTest_4540,"Rank(Ts_Rank(open, 20))",EUR,MINVOL3M,MARKET,5,1,P2Y,0.08,OFF,OFF
FullTest_4541,"Rank(Ts_Rank(open, 20))",EUR,MINVOL3M,MARKET,5,1,P2Y,0.01,ON,ON
FullTest_4542,"Rank(Ts_Rank(open, 20))",EUR,MINVOL3M,MARKET,5,1,P2Y,0.01,ON,OFF
FullTest_4543,"Rank(Ts_Rank(open, 20))",EUR,MINVOL3M,MARKET,5,1,P2Y,0.01,OFF,ON
FullTest_4544,"Rank(Ts_Rank(open, 20))",EUR,MINVOL3M,MARKET,5,1,P2Y,0.01,OFF,OFF
FullTest_4545,"Rank(Ts_Rank(open, 20))",EUR,MINVOL3M,NONE,0,0,P1Y,0.08,ON,ON
FullTest_4546,"Rank(Ts_Rank(open, 20))",EUR,MINVOL3M,NONE,0,0,P1Y,0.08,ON,OFF
FullTest_4547,"Rank(Ts_Rank(open, 20))",EUR,MINVOL3M,NONE,0,0,P1Y,0.08,OFF,ON
FullTest_4548,"Rank(Ts_Rank(open, 20))",EUR,MINVOL3M,NONE,0,0,P1Y,0.08,OFF,OFF
FullTest_4549,"Rank(Ts_Rank(open, 20))",EUR,MINVOL3M,NONE,0,0,P1Y,0.01,ON,ON
FullTest_4550,"Rank(Ts_Rank(open, 20))",EUR,MINVOL3M,NONE,0,0,P1Y,0.01,ON,OFF
FullTest_4551,"Rank(Ts_Rank(open, 20))",EUR,MINVOL3M,NONE,0,0,P1Y,0.01,OFF,ON
FullTest_4552,"Rank(Ts_Rank(open, 20))",EUR,MINVOL3M,NONE,0,0,P1Y,0.01,OFF,OFF
FullTest_4553,"Rank(Ts_Rank(open, 20))",EUR,MINVOL3M,NONE,0,0,P2Y,0.08,ON,ON
FullTest_4554,"Rank(Ts_Rank(open, 20))",EUR,MINVOL3M,NONE,0,0,P2Y,0.08,ON,OFF
FullTest_4555,"Rank(Ts_Rank(open, 20))",EUR,MINVOL3M,NONE,0,0,P2Y,0.08,OFF,ON
FullTest_4556,"Rank(Ts_Rank(open, 20))",EUR,MINVOL3M,NONE,0,0,P2Y,0.08,OFF,OFF
FullTest_4557,"Rank(Ts_Rank(open, 20))",EUR,MINVOL3M,NONE,0,0,P2Y,0.01,ON,ON
FullTest_4558,"Rank(Ts_Rank(open, 20))",EUR,MINVOL3M,NONE,0,0,P2Y,0.01,ON,OFF
FullTest_4559,"Rank(Ts_Rank(open, 20))",EUR,MINVOL3M,NONE,0,0,P2Y,0.01,OFF,ON
FullTest_4560,"Rank(Ts_Rank(open, 20))",EUR,MINVOL3M,NONE,0,0,P2Y,0.01,OFF,OFF
FullTest_4561,"Rank(Ts_Rank(open, 20))",EUR,MINVOL3M,NONE,0,1,P1Y,0.08,ON,ON
FullTest_4562,"Rank(Ts_Rank(open, 20))",EUR,MINVOL3M,NONE,0,1,P1Y,0.08,ON,OFF
FullTest_4563,"Rank(Ts_Rank(open, 20))",EUR,MINVOL3M,NONE,0,1,P1Y,0.08,OFF,ON
FullTest_4564,"Rank(Ts_Rank(open, 20))",EUR,MINVOL3M,NONE,0,1,P1Y,0.08,OFF,OFF
FullTest_4565,"Rank(Ts_Rank(open, 20))",EUR,MINVOL3M,NONE,0,1,P1Y,0.01,ON,ON
FullTest_4566,"Rank(Ts_Rank(open, 20))",EUR,MINVOL3M,NONE,0,1,P1Y,0.01,ON,OFF
FullTest_4567,"Rank(Ts_Rank(open, 20))",EUR,MINVOL3M,NONE,0,1,P1Y,0.01,OFF,ON
FullTest_4568,"Rank(Ts_Rank(open, 20))",EUR,MINVOL3M,NONE,0,1,P1Y,0.01,OFF,OFF
FullTest_4569,"Rank(Ts_Rank(open, 20))",EUR,MINVOL3M,NONE,0,1,P2Y,0.08,ON,ON
FullTest_4570,"Rank(Ts_Rank(open, 20))",EUR,MINVOL3M,NONE,0,1,P2Y,0.08,ON,OFF
FullTest_4571,"Rank(Ts_Rank(open, 20))",EUR,MINVOL3M,NONE,0,1,P2Y,0.08,OFF,ON
FullTest_4572,"Rank(Ts_Rank(open, 20))",EUR,MINVOL3M,NONE,0,1,P2Y,0.08,OFF,OFF
FullTest_4573,"Rank(Ts_Rank(open, 20))",EUR,MINVOL3M,NONE,0,1,P2Y,0.01,ON,ON
FullTest_4574,"Rank(Ts_Rank(open, 20))",EUR,MINVOL3M,NONE,0,1,P2Y,0.01,ON,OFF
FullTest_4575,"Rank(Ts_Rank(open, 20))",EUR,MINVOL3M,NONE,0,1,P2Y,0.01,OFF,ON
FullTest_4576,"Rank(Ts_Rank(open, 20))",EUR,MINVOL3M,NONE,0,1,P2Y,0.01,OFF,OFF
FullTest_4577,"Rank(Ts_Rank(open, 20))",EUR,MINVOL3M,NONE,5,0,P1Y,0.08,ON,ON
FullTest_4578,"Rank(Ts_Rank(open, 20))",EUR,MINVOL3M,NONE,5,0,P1Y,0.08,ON,OFF
FullTest_4579,"Rank(Ts_Rank(open, 20))",EUR,MINVOL3M,NONE,5,0,P1Y,0.08,OFF,ON
FullTest_4580,"Rank(Ts_Rank(open, 20))",EUR,MINVOL3M,NONE,5,0,P1Y,0.08,OFF,OFF
FullTest_4581,"Rank(Ts_Rank(open, 20))",EUR,MINVOL3M,NONE,5,0,P1Y,0.01,ON,ON
FullTest_4582,"Rank(Ts_Rank(open, 20))",EUR,MINVOL3M,NONE,5,0,P1Y,0.01,ON,OFF
FullTest_4583,"Rank(Ts_Rank(open, 20))",EUR,MINVOL3M,NONE,5,0,P1Y,0.01,OFF,ON
FullTest_4584,"Rank(Ts_Rank(open, 20))",EUR,MINVOL3M,NONE,5,0,P1Y,0.01,OFF,OFF
FullTest_4585,"Rank(Ts_Rank(open, 20))",EUR,MINVOL3M,NONE,5,0,P2Y,0.08,ON,ON
FullTest_4586,"Rank(Ts_Rank(open, 20))",EUR,MINVOL3M,NONE,5,0,P2Y,0.08,ON,OFF
FullTest_4587,"Rank(Ts_Rank(open, 20))",EUR,MINVOL3M,NONE,5,0,P2Y,0.08,OFF,ON
FullTest_4588,"Rank(Ts_Rank(open, 20))",EUR,MINVOL3M,NONE,5,0,P2Y,0.08,OFF,OFF
FullTest_4589,"Rank(Ts_Rank(open, 20))",EUR,MINVOL3M,NONE,5,0,P2Y,0.01,ON,ON
FullTest_4590,"Rank(Ts_Rank(open, 20))",EUR,MINVOL3M,NONE,5,0,P2Y,0.01,ON,OFF
FullTest_4591,"Rank(Ts_Rank(open, 20))",EUR,MINVOL3M,NONE,5,0,P2Y,0.01,OFF,ON
FullTest_4592,"Rank(Ts_Rank(open, 20))",EUR,MINVOL3M,NONE,5,0,P2Y,0.01,OFF,OFF
FullTest_4593,"Rank(Ts_Rank(open, 20))",EUR,MINVOL3M,NONE,5,1,P1Y,0.08,ON,ON
FullTest_4594,"Rank(Ts_Rank(open, 20))",EUR,MINVOL3M,NONE,5,1,P1Y,0.08,ON,OFF
FullTest_4595,"Rank(Ts_Rank(open, 20))",EUR,MINVOL3M,NONE,5,1,P1Y,0.08,OFF,ON
FullTest_4596,"Rank(Ts_Rank(open, 20))",EUR,MINVOL3M,NONE,5,1,P1Y,0.08,OFF,OFF
FullTest_4597,"Rank(Ts_Rank(open, 20))",EUR,MINVOL3M,NONE,5,1,P1Y,0.01,ON,ON
FullTest_4598,"Rank(Ts_Rank(open, 20))",EUR,MINVOL3M,NONE,5,1,P1Y,0.01,ON,OFF
FullTest_4599,"Rank(Ts_Rank(open, 20))",EUR,MINVOL3M,NONE,5,1,P1Y,0.01,OFF,ON
FullTest_4600,"Rank(Ts_Rank(open, 20))",EUR,MINVOL3M,NONE,5,1,P1Y,0.01,OFF,OFF
FullTest_4601,"Rank(Ts_Rank(open, 20))",EUR,MINVOL3M,NONE,5,1,P2Y,0.08,ON,ON
FullTest_4602,"Rank(Ts_Rank(open, 20))",EUR,MINVOL3M,NONE,5,1,P2Y,0.08,ON,OFF
FullTest_4603,"Rank(Ts_Rank(open, 20))",EUR,MINVOL3M,NONE,5,1,P2Y,0.08,OFF,ON
FullTest_4604,"Rank(Ts_Rank(open, 20))",EUR,MINVOL3M,NONE,5,1,P2Y,0.08,OFF,OFF
FullTest_4605,"Rank(Ts_Rank(open, 20))",EUR,MINVOL3M,NONE,5,1,P2Y,0.01,ON,ON
FullTest_4606,"Rank(Ts_Rank(open, 20))",EUR,MINVOL3M,NONE,5,1,P2Y,0.01,ON,OFF
FullTest_4607,"Rank(Ts_Rank(open, 20))",EUR,MINVOL3M,NONE,5,1,P2Y,0.01,OFF,ON
FullTest_4608,"Rank(Ts_Rank(open, 20))",EUR,MINVOL3M,NONE,5,1,P2Y,0.01,OFF,OFF
FullTest_4609,"Rank(Ts_Rank(volume, 10))",USA,TOP3000,INDUSTRY,0,0,P1Y,0.08,ON,ON
FullTest_4610,"Rank(Ts_Rank(volume, 10))",USA,TOP3000,INDUSTRY,0,0,P1Y,0.08,ON,OFF
FullTest_4611,"Rank(Ts_Rank(volume, 10))",USA,TOP3000,INDUSTRY,0,0,P1Y,0.08,OFF,ON
FullTest_4612,"Rank(Ts_Rank(volume, 10))",USA,TOP3000,INDUSTRY,0,0,P1Y,0.08,OFF,OFF
FullTest_4613,"Rank(Ts_Rank(volume, 10))",USA,TOP3000,INDUSTRY,0,0,P1Y,0.01,ON,ON
FullTest_4614,"Rank(Ts_Rank(volume, 10))",USA,TOP3000,INDUSTRY,0,0,P1Y,0.01,ON,OFF
FullTest_4615,"Rank(Ts_Rank(volume, 10))",USA,TOP3000,INDUSTRY,0,0,P1Y,0.01,OFF,ON
FullTest_4616,"Rank(Ts_Rank(volume, 10))",USA,TOP3000,INDUSTRY,0,0,P1Y,0.01,OFF,OFF
FullTest_4617,"Rank(Ts_Rank(volume, 10))",USA,TOP3000,INDUSTRY,0,0,P2Y,0.08,ON,ON
FullTest_4618,"Rank(Ts_Rank(volume, 10))",USA,TOP3000,INDUSTRY,0,0,P2Y,0.08,ON,OFF
FullTest_4619,"Rank(Ts_Rank(volume, 10))",USA,TOP3000,INDUSTRY,0,0,P2Y,0.08,OFF,ON
FullTest_4620,"Rank(Ts_Rank(volume, 10))",USA,TOP3000,INDUSTRY,0,0,P2Y,0.08,OFF,OFF
FullTest_4621,"Rank(Ts_Rank(volume, 10))",USA,TOP3000,INDUSTRY,0,0,P2Y,0.01,ON,ON
FullTest_4622,"Rank(Ts_Rank(volume, 10))",USA,TOP3000,INDUSTRY,0,0,P2Y,0.01,ON,OFF
FullTest_4623,"Rank(Ts_Rank(volume, 10))",USA,TOP3000,INDUSTRY,0,0,P2Y,0.01,OFF,ON
FullTest_4624,"Rank(Ts_Rank(volume, 10))",USA,TOP3000,INDUSTRY,0,0,P2Y,0.01,OFF,OFF
FullTest_4625,"Rank(Ts_Rank(volume, 10))",USA,TOP3000,INDUSTRY,0,1,P1Y,0.08,ON,ON
FullTest_4626,"Rank(Ts_Rank(volume, 10))",USA,TOP3000,INDUSTRY,0,1,P1Y,0.08,ON,OFF
FullTest_4627,"Rank(Ts_Rank(volume, 10))",USA,TOP3000,INDUSTRY,0,1,P1Y,0.08,OFF,ON
FullTest_4628,"Rank(Ts_Rank(volume, 10))",USA,TOP3000,INDUSTRY,0,1,P1Y,0.08,OFF,OFF
FullTest_4629,"Rank(Ts_Rank(volume, 10))",USA,TOP3000,INDUSTRY,0,1,P1Y,0.01,ON,ON
FullTest_4630,"Rank(Ts_Rank(volume, 10))",USA,TOP3000,INDUSTRY,0,1,P1Y,0.01,ON,OFF
FullTest_4631,"Rank(Ts_Rank(volume, 10))",USA,TOP3000,INDUSTRY,0,1,P1Y,0.01,OFF,ON
FullTest_4632,"Rank(Ts_Rank(volume, 10))",USA,TOP3000,INDUSTRY,0,1,P1Y,0.01,OFF,OFF
FullTest_4633,"Rank(Ts_Rank(volume, 10))",USA,TOP3000,INDUSTRY,0,1,P2Y,0.08,ON,ON
FullTest_4634,"Rank(Ts_Rank(volume, 10))",USA,TOP3000,INDUSTRY,0,1,P2Y,0.08,ON,OFF
FullTest_4635,"Rank(Ts_Rank(volume, 10))",USA,TOP3000,INDUSTRY,0,1,P2Y,0.08,OFF,ON
FullTest_4636,"Rank(Ts_Rank(volume, 10))",USA,TOP3000,INDUSTRY,0,1,P2Y,0.08,OFF,OFF
FullTest_4637,"Rank(Ts_Rank(volume, 10))",USA,TOP3000,INDUSTRY,0,1,P2Y,0.01,ON,ON
FullTest_4638,"Rank(Ts_Rank(volume, 10))",USA,TOP3000,INDUSTRY,0,1,P2Y,0.01,ON,OFF
FullTest_4639,"Rank(Ts_Rank(volume, 10))",USA,TOP3000,INDUSTRY,0,1,P2Y,0.01,OFF,ON
FullTest_4640,"Rank(Ts_Rank(volume, 10))",USA,TOP3000,INDUSTRY,0,1,P2Y,0.01,OFF,OFF
FullTest_4641,"Rank(Ts_Rank(volume, 10))",USA,TOP3000,INDUSTRY,5,0,P1Y,0.08,ON,ON
FullTest_4642,"Rank(Ts_Rank(volume, 10))",USA,TOP3000,INDUSTRY,5,0,P1Y,0.08,ON,OFF
FullTest_4643,"Rank(Ts_Rank(volume, 10))",USA,TOP3000,INDUSTRY,5,0,P1Y,0.08,OFF,ON
FullTest_4644,"Rank(Ts_Rank(volume, 10))",USA,TOP3000,INDUSTRY,5,0,P1Y,0.08,OFF,OFF
FullTest_4645,"Rank(Ts_Rank(volume, 10))",USA,TOP3000,INDUSTRY,5,0,P1Y,0.01,ON,ON
FullTest_4646,"Rank(Ts_Rank(volume, 10))",USA,TOP3000,INDUSTRY,5,0,P1Y,0.01,ON,OFF
FullTest_4647,"Rank(Ts_Rank(volume, 10))",USA,TOP3000,INDUSTRY,5,0,P1Y,0.01,OFF,ON
FullTest_4648,"Rank(Ts_Rank(volume, 10))",USA,TOP3000,INDUSTRY,5,0,P1Y,0.01,OFF,OFF
FullTest_4649,"Rank(Ts_Rank(volume, 10))",USA,TOP3000,INDUSTRY,5,0,P2Y,0.08,ON,ON
FullTest_4650,"Rank(Ts_Rank(volume, 10))",USA,TOP3000,INDUSTRY,5,0,P2Y,0.08,ON,OFF
FullTest_4651,"Rank(Ts_Rank(volume, 10))",USA,TOP3000,INDUSTRY,5,0,P2Y,0.08,OFF,ON
FullTest_4652,"Rank(Ts_Rank(volume, 10))",USA,TOP3000,INDUSTRY,5,0,P2Y,0.08,OFF,OFF
FullTest_4653,"Rank(Ts_Rank(volume, 10))",USA,TOP3000,INDUSTRY,5,0,P2Y,0.01,ON,ON
FullTest_4654,"Rank(Ts_Rank(volume, 10))",USA,TOP3000,INDUSTRY,5,0,P2Y,0.01,ON,OFF
FullTest_4655,"Rank(Ts_Rank(volume, 10))",USA,TOP3000,INDUSTRY,5,0,P2Y,0.01,OFF,ON
FullTest_4656,"Rank(Ts_Rank(volume, 10))",USA,TOP3000,INDUSTRY,5,0,P2Y,0.01,OFF,OFF
FullTest_4657,"Rank(Ts_Rank(volume, 10))",USA,TOP3000,INDUSTRY,5,1,P1Y,0.08,ON,ON
FullTest_4658,"Rank(Ts_Rank(volume, 10))",USA,TOP3000,INDUSTRY,5,1,P1Y,0.08,ON,OFF
FullTest_4659,"Rank(Ts_Rank(volume, 10))",USA,TOP3000,INDUSTRY,5,1,P1Y,0.08,OFF,ON
FullTest_4660,"Rank(Ts_Rank(volume, 10))",USA,TOP3000,INDUSTRY,5,1,P1Y,0.08,OFF,OFF
FullTest_4661,"Rank(Ts_Rank(volume, 10))",USA,TOP3000,INDUSTRY,5,1,P1Y,0.01,ON,ON
FullTest_4662,"Rank(Ts_Rank(volume, 10))",USA,TOP3000,INDUSTRY,5,1,P1Y,0.01,ON,OFF
FullTest_4663,"Rank(Ts_Rank(volume, 10))",USA,TOP3000,INDUSTRY,5,1,P1Y,0.01,OFF,ON
FullTest_4664,"Rank(Ts_Rank(volume, 10))",USA,TOP3000,INDUSTRY,5,1,P1Y,0.01,OFF,OFF
FullTest_4665,"Rank(Ts_Rank(volume, 10))",USA,TOP3000,INDUSTRY,5,1,P2Y,0.08,ON,ON
FullTest_4666,"Rank(Ts_Rank(volume, 10))",USA,TOP3000,INDUSTRY,5,1,P2Y,0.08,ON,OFF
FullTest_4667,"Rank(Ts_Rank(volume, 10))",USA,TOP3000,INDUSTRY,5,1,P2Y,0.08,OFF,ON
FullTest_4668,"Rank(Ts_Rank(volume, 10))",USA,TOP3000,INDUSTRY,5,1,P2Y,0.08,OFF,OFF
FullTest_4669,"Rank(Ts_Rank(volume, 10))",USA,TOP3000,INDUSTRY,5,1,P2Y,0.01,ON,ON
FullTest_4670,"Rank(Ts_Rank(volume, 10))",USA,TOP3000,INDUSTRY,5,1,P2Y,0.01,ON,OFF
FullTest_4671,"Rank(Ts_Rank(volume, 10))",USA,TOP3000,INDUSTRY,5,1,P2Y,0.01,OFF,ON
FullTest_4672,"Rank(Ts_Rank(volume, 10))",USA,TOP3000,INDUSTRY,5,1,P2Y,0.01,OFF,OFF
FullTest_4673,"Rank(Ts_Rank(volume, 10))",USA,TOP3000,MARKET,0,0,P1Y,0.08,ON,ON
FullTest_4674,"Rank(Ts_Rank(volume, 10))",USA,TOP3000,MARKET,0,0,P1Y,0.08,ON,OFF
FullTest_4675,"Rank(Ts_Rank(volume, 10))",USA,TOP3000,MARKET,0,0,P1Y,0.08,OFF,ON
FullTest_4676,"Rank(Ts_Rank(volume, 10))",USA,TOP3000,MARKET,0,0,P1Y,0.08,OFF,OFF
FullTest_4677,"Rank(Ts_Rank(volume, 10))",USA,TOP3000,MARKET,0,0,P1Y,0.01,ON,ON
FullTest_4678,"Rank(Ts_Rank(volume, 10))",USA,TOP3000,MARKET,0,0,P1Y,0.01,ON,OFF
FullTest_4679,"Rank(Ts_Rank(volume, 10))",USA,TOP3000,MARKET,0,0,P1Y,0.01,OFF,ON
FullTest_4680,"Rank(Ts_Rank(volume, 10))",USA,TOP3000,MARKET,0,0,P1Y,0.01,OFF,OFF
FullTest_4681,"Rank(Ts_Rank(volume, 10))",USA,TOP3000,MARKET,0,0,P2Y,0.08,ON,ON
FullTest_4682,"Rank(Ts_Rank(volume, 10))",USA,TOP3000,MARKET,0,0,P2Y,0.08,ON,OFF
FullTest_4683,"Rank(Ts_Rank(volume, 10))",USA,TOP3000,MARKET,0,0,P2Y,0.08,OFF,ON
FullTest_4684,"Rank(Ts_Rank(volume, 10))",USA,TOP3000,MARKET,0,0,P2Y,0.08,OFF,OFF
FullTest_4685,"Rank(Ts_Rank(volume, 10))",USA,TOP3000,MARKET,0,0,P2Y,0.01,ON,ON
FullTest_4686,"Rank(Ts_Rank(volume, 10))",USA,TOP3000,MARKET,0,0,P2Y,0.01,ON,OFF
FullTest_4687,"Rank(Ts_Rank(volume, 10))",USA,TOP3000,MARKET,0,0,P2Y,0.01,OFF,ON
FullTest_4688,"Rank(Ts_Rank(volume, 10))",USA,TOP3000,MARKET,0,0,P2Y,0.01,OFF,OFF
FullTest_4689,"Rank(Ts_Rank(volume, 10))",USA,TOP3000,MARKET,0,1,P1Y,0.08,ON,ON
FullTest_4690,"Rank(Ts_Rank(volume, 10))",USA,TOP3000,MARKET,0,1,P1Y,0.08,ON,OFF
FullTest_4691,"Rank(Ts_Rank(volume, 10))",USA,TOP3000,MARKET,0,1,P1Y,0.08,OFF,ON
FullTest_4692,"Rank(Ts_Rank(volume, 10))",USA,TOP3000,MARKET,0,1,P1Y,0.08,OFF,OFF
FullTest_4693,"Rank(Ts_Rank(volume, 10))",USA,TOP3000,MARKET,0,1,P1Y,0.01,ON,ON
FullTest_4694,"Rank(Ts_Rank(volume, 10))",USA,TOP3000,MARKET,0,1,P1Y,0.01,ON,OFF
FullTest_4695,"Rank(Ts_Rank(volume, 10))",USA,TOP3000,MARKET,0,1,P1Y,0.01,OFF,ON
FullTest_4696,"Rank(Ts_Rank(volume, 10))",USA,TOP3000,MARKET,0,1,P1Y,0.01,OFF,OFF
FullTest_4697,"Rank(Ts_Rank(volume, 10))",USA,TOP3000,MARKET,0,1,P2Y,0.08,ON,ON
FullTest_4698,"Rank(Ts_Rank(volume, 10))",USA,TOP3000,MARKET,0,1,P2Y,0.08,ON,OFF
FullTest_4699,"Rank(Ts_Rank(volume, 10))",USA,TOP3000,MARKET,0,1,P2Y,0.08,OFF,ON
FullTest_4700,"Rank(Ts_Rank(volume, 10))",USA,TOP3000,MARKET,0,1,P2Y,0.08,OFF,OFF
FullTest_4701,"Rank(Ts_Rank(volume, 10))",USA,TOP3000,MARKET,0,1,P2Y,0.01,ON,ON
FullTest_4702,"Rank(Ts_Rank(volume, 10))",USA,TOP3000,MARKET,0,1,P2Y,0.01,ON,OFF
FullTest_4703,"Rank(Ts_Rank(volume, 10))",USA,TOP3000,MARKET,0,1,P2Y,0.01,OFF,ON
FullTest_4704,"Rank(Ts_Rank(volume, 10))",USA,TOP3000,MARKET,0,1,P2Y,0.01,OFF,OFF
FullTest_4705,"Rank(Ts_Rank(volume, 10))",USA,TOP3000,MARKET,5,0,P1Y,0.08,ON,ON
FullTest_4706,"Rank(Ts_Rank(volume, 10))",USA,TOP3000,MARKET,5,0,P1Y,0.08,ON,OFF
FullTest_4707,"Rank(Ts_Rank(volume, 10))",USA,TOP3000,MARKET,5,0,P1Y,0.08,OFF,ON
FullTest_4708,"Rank(Ts_Rank(volume, 10))",USA,TOP3000,MARKET,5,0,P1Y,0.08,OFF,OFF
FullTest_4709,"Rank(Ts_Rank(volume, 10))",USA,TOP3000,MARKET,5,0,P1Y,0.01,ON,ON
FullTest_4710,"Rank(Ts_Rank(volume, 10))",USA,TOP3000,MARKET,5,0,P1Y,0.01,ON,OFF
FullTest_4711,"Rank(Ts_Rank(volume, 10))",USA,TOP3000,MARKET,5,0,P1Y,0.01,OFF,ON
FullTest_4712,"Rank(Ts_Rank(volume, 10))",USA,TOP3000,MARKET,5,0,P1Y,0.01,OFF,OFF
FullTest_4713,"Rank(Ts_Rank(volume, 10))",USA,TOP3000,MARKET,5,0,P2Y,0.08,ON,ON
FullTest_4714,"Rank(Ts_Rank(volume, 10))",USA,TOP3000,MARKET,5,0,P2Y,0.08,ON,OFF
FullTest_4715,"Rank(Ts_Rank(volume, 10))",USA,TOP3000,MARKET,5,0,P2Y,0.08,OFF,ON
FullTest_4716,"Rank(Ts_Rank(volume, 10))",USA,TOP3000,MARKET,5,0,P2Y,0.08,OFF,OFF
FullTest_4717,"Rank(Ts_Rank(volume, 10))",USA,TOP3000,MARKET,5,0,P2Y,0.01,ON,ON
FullTest_4718,"Rank(Ts_Rank(volume, 10))",USA,TOP3000,MARKET,5,0,P2Y,0.01,ON,OFF
FullTest_4719,"Rank(Ts_Rank(volume, 10))",USA,TOP3000,MARKET,5,0,P2Y,0.01,OFF,ON
FullTest_4720,"Rank(Ts_Rank(volume, 10))",USA,TOP3000,MARKET,5,0,P2Y,0.01,OFF,OFF
FullTest_4721,"Rank(Ts_Rank(volume, 10))",USA,TOP3000,MARKET,5,1,P1Y,0.08,ON,ON
FullTest_4722,"Rank(Ts_Rank(volume, 10))",USA,TOP3000,MARKET,5,1,P1Y,0.08,ON,OFF
FullTest_4723,"Rank(Ts_Rank(volume, 10))",USA,TOP3000,MARKET,5,1,P1Y,0.08,OFF,ON
FullTest_4724,"Rank(Ts_Rank(volume, 10))",USA,TOP3000,MARKET,5,1,P1Y,0.08,OFF,OFF
FullTest_4725,"Rank(Ts_Rank(volume, 10))",USA,TOP3000,MARKET,5,1,P1Y,0.01,ON,ON
FullTest_4726,"Rank(Ts_Rank(volume, 10))",USA,TOP3000,MARKET,5,1,P1Y,0.01,ON,OFF
FullTest_4727,"Rank(Ts_Rank(volume, 10))",USA,TOP3000,MARKET,5,1,P1Y,0.01,OFF,ON
FullTest_4728,"Rank(Ts_Rank(volume, 10))",USA,TOP3000,MARKET,5,1,P1Y,0.01,OFF,OFF
FullTest_4729,"Rank(Ts_Rank(volume, 10))",USA,TOP3000,MARKET,5,1,P2Y,0.08,ON,ON
FullTest_4730,"Rank(Ts_Rank(volume, 10))",USA,TOP3000,MARKET,5,1,P2Y,0.08,ON,OFF
FullTest_4731,"Rank(Ts_Rank(volume, 10))",USA,TOP3000,MARKET,5,1,P2Y,0.08,OFF,ON
FullTest_4732,"Rank(Ts_Rank(volume, 10))",USA,TOP3000,MARKET,5,1,P2Y,0.08,OFF,OFF
FullTest_4733,"Rank(Ts_Rank(volume, 10))",USA,TOP3000,MARKET,5,1,P2Y,0.01,ON,ON
FullTest_4734,"Rank(Ts_Rank(volume, 10))",USA,TOP3000,MARKET,5,1,P2Y,0.01,ON,OFF
FullTest_4735,"Rank(Ts_Rank(volume, 10))",USA,TOP3000,MARKET,5,1,P2Y,0.01,OFF,ON
FullTest_4736,"Rank(Ts_Rank(volume, 10))",USA,TOP3000,MARKET,5,1,P2Y,0.01,OFF,OFF
FullTest_4737,"Rank(Ts_Rank(volume, 10))",USA,TOP3000,NONE,0,0,P1Y,0.08,ON,ON
FullTest_4738,"Rank(Ts_Rank(volume, 10))",USA,TOP3000,NONE,0,0,P1Y,0.08,ON,OFF
FullTest_4739,"Rank(Ts_Rank(volume, 10))",USA,TOP3000,NONE,0,0,P1Y,0.08,OFF,ON
FullTest_4740,"Rank(Ts_Rank(volume, 10))",USA,TOP3000,NONE,0,0,P1Y,0.08,OFF,OFF
FullTest_4741,"Rank(Ts_Rank(volume, 10))",USA,TOP3000,NONE,0,0,P1Y,0.01,ON,ON
FullTest_4742,"Rank(Ts_Rank(volume, 10))",USA,TOP3000,NONE,0,0,P1Y,0.01,ON,OFF
FullTest_4743,"Rank(Ts_Rank(volume, 10))",USA,TOP3000,NONE,0,0,P1Y,0.01,OFF,ON
FullTest_4744,"Rank(Ts_Rank(volume, 10))",USA,TOP3000,NONE,0,0,P1Y,0.01,OFF,OFF
FullTest_4745,"Rank(Ts_Rank(volume, 10))",USA,TOP3000,NONE,0,0,P2Y,0.08,ON,ON
FullTest_4746,"Rank(Ts_Rank(volume, 10))",USA,TOP3000,NONE,0,0,P2Y,0.08,ON,OFF
FullTest_4747,"Rank(Ts_Rank(volume, 10))",USA,TOP3000,NONE,0,0,P2Y,0.08,OFF,ON
FullTest_4748,"Rank(Ts_Rank(volume, 10))",USA,TOP3000,NONE,0,0,P2Y,0.08,OFF,OFF
FullTest_4749,"Rank(Ts_Rank(volume, 10))",USA,TOP3000,NONE,0,0,P2Y,0.01,ON,ON
FullTest_4750,"Rank(Ts_Rank(volume, 10))",USA,TOP3000,NONE,0,0,P2Y,0.01,ON,OFF
FullTest_4751,"Rank(Ts_Rank(volume, 10))",USA,TOP3000,NONE,0,0,P2Y,0.01,OFF,ON
FullTest_4752,"Rank(Ts_Rank(volume, 10))",USA,TOP3000,NONE,0,0,P2Y,0.01,OFF,OFF
FullTest_4753,"Rank(Ts_Rank(volume, 10))",USA,TOP3000,NONE,0,1,P1Y,0.08,ON,ON
FullTest_4754,"Rank(Ts_Rank(volume, 10))",USA,TOP3000,NONE,0,1,P1Y,0.08,ON,OFF
FullTest_4755,"Rank(Ts_Rank(volume, 10))",USA,TOP3000,NONE,0,1,P1Y,0.08,OFF,ON
FullTest_4756,"Rank(Ts_Rank(volume, 10))",USA,TOP3000,NONE,0,1,P1Y,0.08,OFF,OFF
FullTest_4757,"Rank(Ts_Rank(volume, 10))",USA,TOP3000,NONE,0,1,P1Y,0.01,ON,ON
FullTest_4758,"Rank(Ts_Rank(volume, 10))",USA,TOP3000,NONE,0,1,P1Y,0.01,ON,OFF
FullTest_4759,"Rank(Ts_Rank(volume, 10))",USA,TOP3000,NONE,0,1,P1Y,0.01,OFF,ON
FullTest_4760,"Rank(Ts_Rank(volume, 10))",USA,TOP3000,NONE,0,1,P1Y,0.01,OFF,OFF
FullTest_4761,"Rank(Ts_Rank(volume, 10))",USA,TOP3000,NONE,0,1,P2Y,0.08,ON,ON
FullTest_4762,"Rank(Ts_Rank(volume, 10))",USA,TOP3000,NONE,0,1,P2Y,0.08,ON,OFF
FullTest_4763,"Rank(Ts_Rank(volume, 10))",USA,TOP3000,NONE,0,1,P2Y,0.08,OFF,ON
FullTest_4764,"Rank(Ts_Rank(volume, 10))",USA,TOP3000,NONE,0,1,P2Y,0.08,OFF,OFF
FullTest_4765,"Rank(Ts_Rank(volume, 10))",USA,TOP3000,NONE,0,1,P2Y,0.01,ON,ON
FullTest_4766,"Rank(Ts_Rank(volume, 10))",USA,TOP3000,NONE,0,1,P2Y,0.01,ON,OFF
FullTest_4767,"Rank(Ts_Rank(volume, 10))",USA,TOP3000,NONE,0,1,P2Y,0.01,OFF,ON
FullTest_4768,"Rank(Ts_Rank(volume, 10))",USA,TOP3000,NONE,0,1,P2Y,0.01,OFF,OFF
FullTest_4769,"Rank(Ts_Rank(volume, 10))",USA,TOP3000,NONE,5,0,P1Y,0.08,ON,ON
FullTest_4770,"Rank(Ts_Rank(volume, 10))",USA,TOP3000,NONE,5,0,P1Y,0.08,ON,OFF
FullTest_4771,"Rank(Ts_Rank(volume, 10))",USA,TOP3000,NONE,5,0,P1Y,0.08,OFF,ON
FullTest_4772,"Rank(Ts_Rank(volume, 10))",USA,TOP3000,NONE,5,0,P1Y,0.08,OFF,OFF
FullTest_4773,"Rank(Ts_Rank(volume, 10))",USA,TOP3000,NONE,5,0,P1Y,0.01,ON,ON
FullTest_4774,"Rank(Ts_Rank(volume, 10))",USA,TOP3000,NONE,5,0,P1Y,0.01,ON,OFF
FullTest_4775,"Rank(Ts_Rank(volume, 10))",USA,TOP3000,NONE,5,0,P1Y,0.01,OFF,ON
FullTest_4776,"Rank(Ts_Rank(volume, 10))",USA,TOP3000,NONE,5,0,P1Y,0.01,OFF,OFF
FullTest_4777,"Rank(Ts_Rank(volume, 10))",USA,TOP3000,NONE,5,0,P2Y,0.08,ON,ON
FullTest_4778,"Rank(Ts_Rank(volume, 10))",USA,TOP3000,NONE,5,0,P2Y,0.08,ON,OFF
FullTest_4779,"Rank(Ts_Rank(volume, 10))",USA,TOP3000,NONE,5,0,P2Y,0.08,OFF,ON
FullTest_4780,"Rank(Ts_Rank(volume, 10))",USA,TOP3000,NONE,5,0,P2Y,0.08,OFF,OFF
FullTest_4781,"Rank(Ts_Rank(volume, 10))",USA,TOP3000,NONE,5,0,P2Y,0.01,ON,ON
FullTest_4782,"Rank(Ts_Rank(volume, 10))",USA,TOP3000,NONE,5,0,P2Y,0.01,ON,OFF
FullTest_4783,"Rank(Ts_Rank(volume, 10))",USA,TOP3000,NONE,5,0,P2Y,0.01,OFF,ON
FullTest_4784,"Rank(Ts_Rank(volume, 10))",USA,TOP3000,NONE,5,0,P2Y,0.01,OFF,OFF
FullTest_4785,"Rank(Ts_Rank(volume, 10))",USA,TOP3000,NONE,5,1,P1Y,0.08,ON,ON
FullTest_4786,"Rank(Ts_Rank(volume, 10))",USA,TOP3000,NONE,5,1,P1Y,0.08,ON,OFF
FullTest_4787,"Rank(Ts_Rank(volume, 10))",USA,TOP3000,NONE,5,1,P1Y,0.08,OFF,ON
FullTest_4788,"Rank(Ts_Rank(volume, 10))",USA,TOP3000,NONE,5,1,P1Y,0.08,OFF,OFF
FullTest_4789,"Rank(Ts_Rank(volume, 10))",USA,TOP3000,NONE,5,1,P1Y,0.01,ON,ON
FullTest_4790,"Rank(Ts_Rank(volume, 10))",USA,TOP3000,NONE,5,1,P1Y,0.01,ON,OFF
FullTest_4791,"Rank(Ts_Rank(volume, 10))",USA,TOP3000,NONE,5,1,P1Y,0.01,OFF,ON
FullTest_4792,"Rank(Ts_Rank(volume, 10))",USA,TOP3000,NONE,5,1,P1Y,0.01,OFF,OFF
FullTest_4793,"Rank(Ts_Rank(volume, 10))",USA,TOP3000,NONE,5,1,P2Y,0.08,ON,ON
FullTest_4794,"Rank(Ts_Rank(volume, 10))",USA,TOP3000,NONE,5,1,P2Y,0.08,ON,OFF
FullTest_4795,"Rank(Ts_Rank(volume, 10))",USA,TOP3000,NONE,5,1,P2Y,0.08,OFF,ON
FullTest_4796,"Rank(Ts_Rank(volume, 10))",USA,TOP3000,NONE,5,1,P2Y,0.08,OFF,OFF
FullTest_4797,"Rank(Ts_Rank(volume, 10))",USA,TOP3000,NONE,5,1,P2Y,0.01,ON,ON
FullTest_4798,"Rank(Ts_Rank(volume, 10))",USA,TOP3000,NONE,5,1,P2Y,0.01,ON,OFF
FullTest_4799,"Rank(Ts_Rank(volume, 10))",USA,TOP3000,NONE,5,1,P2Y,0.01,OFF,ON
FullTest_4800,"Rank(Ts_Rank(volume, 10))",USA,TOP3000,NONE,5,1,P2Y,0.01,OFF,OFF
FullTest_4801,"Rank(Ts_Rank(volume, 10))",USA,MINVOL3M,INDUSTRY,0,0,P1Y,0.08,ON,ON
FullTest_4802,"Rank(Ts_Rank(volume, 10))",USA,MINVOL3M,INDUSTRY,0,0,P1Y,0.08,ON,OFF
FullTest_4803,"Rank(Ts_Rank(volume, 10))",USA,MINVOL3M,INDUSTRY,0,0,P1Y,0.08,OFF,ON
FullTest_4804,"Rank(Ts_Rank(volume, 10))",USA,MINVOL3M,INDUSTRY,0,0,P1Y,0.08,OFF,OFF
FullTest_4805,"Rank(Ts_Rank(volume, 10))",USA,MINVOL3M,INDUSTRY,0,0,P1Y,0.01,ON,ON
FullTest_4806,"Rank(Ts_Rank(volume, 10))",USA,MINVOL3M,INDUSTRY,0,0,P1Y,0.01,ON,OFF
FullTest_4807,"Rank(Ts_Rank(volume, 10))",USA,MINVOL3M,INDUSTRY,0,0,P1Y,0.01,OFF,ON
FullTest_4808,"Rank(Ts_Rank(volume, 10))",USA,MINVOL3M,INDUSTRY,0,0,P1Y,0.01,OFF,OFF
FullTest_4809,"Rank(Ts_Rank(volume, 10))",USA,MINVOL3M,INDUSTRY,0,0,P2Y,0.08,ON,ON
FullTest_4810,"Rank(Ts_Rank(volume, 10))",USA,MINVOL3M,INDUSTRY,0,0,P2Y,0.08,ON,OFF
FullTest_4811,"Rank(Ts_Rank(volume, 10))",USA,MINVOL3M,INDUSTRY,0,0,P2Y,0.08,OFF,ON
FullTest_4812,"Rank(Ts_Rank(volume, 10))",USA,MINVOL3M,INDUSTRY,0,0,P2Y,0.08,OFF,OFF
FullTest_4813,"Rank(Ts_Rank(volume, 10))",USA,MINVOL3M,INDUSTRY,0,0,P2Y,0.01,ON,ON
FullTest_4814,"Rank(Ts_Rank(volume, 10))",USA,MINVOL3M,INDUSTRY,0,0,P2Y,0.01,ON,OFF
FullTest_4815,"Rank(Ts_Rank(volume, 10))",USA,MINVOL3M,INDUSTRY,0,0,P2Y,0.01,OFF,ON
FullTest_4816,"Rank(Ts_Rank(volume, 10))",USA,MINVOL3M,INDUSTRY,0,0,P2Y,0.01,OFF,OFF
FullTest_4817,"Rank(Ts_Rank(volume, 10))",USA,MINVOL3M,INDUSTRY,0,1,P1Y,0.08,ON,ON
FullTest_4818,"Rank(Ts_Rank(volume, 10))",USA,MINVOL3M,INDUSTRY,0,1,P1Y,0.08,ON,OFF
FullTest_4819,"Rank(Ts_Rank(volume, 10))",USA,MINVOL3M,INDUSTRY,0,1,P1Y,0.08,OFF,ON
FullTest_4820,"Rank(Ts_Rank(volume, 10))",USA,MINVOL3M,INDUSTRY,0,1,P1Y,0.08,OFF,OFF
FullTest_4821,"Rank(Ts_Rank(volume, 10))",USA,MINVOL3M,INDUSTRY,0,1,P1Y,0.01,ON,ON
FullTest_4822,"Rank(Ts_Rank(volume, 10))",USA,MINVOL3M,INDUSTRY,0,1,P1Y,0.01,ON,OFF
FullTest_4823,"Rank(Ts_Rank(volume, 10))",USA,MINVOL3M,INDUSTRY,0,1,P1Y,0.01,OFF,ON
FullTest_4824,"Rank(Ts_Rank(volume, 10))",USA,MINVOL3M,INDUSTRY,0,1,P1Y,0.01,OFF,OFF
FullTest_4825,"Rank(Ts_Rank(volume, 10))",USA,MINVOL3M,INDUSTRY,0,1,P2Y,0.08,ON,ON
FullTest_4826,"Rank(Ts_Rank(volume, 10))",USA,MINVOL3M,INDUSTRY,0,1,P2Y,0.08,ON,OFF
FullTest_4827,"Rank(Ts_Rank(volume, 10))",USA,MINVOL3M,INDUSTRY,0,1,P2Y,0.08,OFF,ON
FullTest_4828,"Rank(Ts_Rank(volume, 10))",USA,MINVOL3M,INDUSTRY,0,1,P2Y,0.08,OFF,OFF
FullTest_4829,"Rank(Ts_Rank(volume, 10))",USA,MINVOL3M,INDUSTRY,0,1,P2Y,0.01,ON,ON
FullTest_4830,"Rank(Ts_Rank(volume, 10))",USA,MINVOL3M,INDUSTRY,0,1,P2Y,0.01,ON,OFF
FullTest_4831,"Rank(Ts_Rank(volume, 10))",USA,MINVOL3M,INDUSTRY,0,1,P2Y,0.01,OFF,ON
FullTest_4832,"Rank(Ts_Rank(volume, 10))",USA,MINVOL3M,INDUSTRY,0,1,P2Y,0.01,OFF,OFF
FullTest_4833,"Rank(Ts_Rank(volume, 10))",USA,MINVOL3M,INDUSTRY,5,0,P1Y,0.08,ON,ON
FullTest_4834,"Rank(Ts_Rank(volume, 10))",USA,MINVOL3M,INDUSTRY,5,0,P1Y,0.08,ON,OFF
FullTest_4835,"Rank(Ts_Rank(volume, 10))",USA,MINVOL3M,INDUSTRY,5,0,P1Y,0.08,OFF,ON
FullTest_4836,"Rank(Ts_Rank(volume, 10))",USA,MINVOL3M,INDUSTRY,5,0,P1Y,0.08,OFF,OFF
FullTest_4837,"Rank(Ts_Rank(volume, 10))",USA,MINVOL3M,INDUSTRY,5,0,P1Y,0.01,ON,ON
FullTest_4838,"Rank(Ts_Rank(volume, 10))",USA,MINVOL3M,INDUSTRY,5,0,P1Y,0.01,ON,OFF
FullTest_4839,"Rank(Ts_Rank(volume, 10))",USA,MINVOL3M,INDUSTRY,5,0,P1Y,0.01,OFF,ON
FullTest_4840,"Rank(Ts_Rank(volume, 10))",USA,MINVOL3M,INDUSTRY,5,0,P1Y,0.01,OFF,OFF
FullTest_4841,"Rank(Ts_Rank(volume, 10))",USA,MINVOL3M,INDUSTRY,5,0,P2Y,0.08,ON,ON
FullTest_4842,"Rank(Ts_Rank(volume, 10))",USA,MINVOL3M,INDUSTRY,5,0,P2Y,0.08,ON,OFF
FullTest_4843,"Rank(Ts_Rank(volume, 10))",USA,MINVOL3M,INDUSTRY,5,0,P2Y,0.08,OFF,ON
FullTest_4844,"Rank(Ts_Rank(volume, 10))",USA,MINVOL3M,INDUSTRY,5,0,P2Y,0.08,OFF,OFF
FullTest_4845,"Rank(Ts_Rank(volume, 10))",USA,MINVOL3M,INDUSTRY,5,0,P2Y,0.01,ON,ON
FullTest_4846,"Rank(Ts_Rank(volume, 10))",USA,MINVOL3M,INDUSTRY,5,0,P2Y,0.01,ON,OFF
FullTest_4847,"Rank(Ts_Rank(volume, 10))",USA,MINVOL3M,INDUSTRY,5,0,P2Y,0.01,OFF,ON
FullTest_4848,"Rank(Ts_Rank(volume, 10))",USA,MINVOL3M,INDUSTRY,5,0,P2Y,0.01,OFF,OFF
FullTest_4849,"Rank(Ts_Rank(volume, 10))",USA,MINVOL3M,INDUSTRY,5,1,P1Y,0.08,ON,ON
FullTest_4850,"Rank(Ts_Rank(volume, 10))",USA,MINVOL3M,INDUSTRY,5,1,P1Y,0.08,ON,OFF
FullTest_4851,"Rank(Ts_Rank(volume, 10))",USA,MINVOL3M,INDUSTRY,5,1,P1Y,0.08,OFF,ON
FullTest_4852,"Rank(Ts_Rank(volume, 10))",USA,MINVOL3M,INDUSTRY,5,1,P1Y,0.08,OFF,OFF
FullTest_4853,"Rank(Ts_Rank(volume, 10))",USA,MINVOL3M,INDUSTRY,5,1,P1Y,0.01,ON,ON
FullTest_4854,"Rank(Ts_Rank(volume, 10))",USA,MINVOL3M,INDUSTRY,5,1,P1Y,0.01,ON,OFF
FullTest_4855,"Rank(Ts_Rank(volume, 10))",USA,MINVOL3M,INDUSTRY,5,1,P1Y,0.01,OFF,ON
FullTest_4856,"Rank(Ts_Rank(volume, 10))",USA,MINVOL3M,INDUSTRY,5,1,P1Y,0.01,OFF,OFF
FullTest_4857,"Rank(Ts_Rank(volume, 10))",USA,MINVOL3M,INDUSTRY,5,1,P2Y,0.08,ON,ON
FullTest_4858,"Rank(Ts_Rank(volume, 10))",USA,MINVOL3M,INDUSTRY,5,1,P2Y,0.08,ON,OFF
FullTest_4859,"Rank(Ts_Rank(volume, 10))",USA,MINVOL3M,INDUSTRY,5,1,P2Y,0.08,OFF,ON
FullTest_4860,"Rank(Ts_Rank(volume, 10))",USA,MINVOL3M,INDUSTRY,5,1,P2Y,0.08,OFF,OFF
FullTest_4861,"Rank(Ts_Rank(volume, 10))",USA,MINVOL3M,INDUSTRY,5,1,P2Y,0.01,ON,ON
FullTest_4862,"Rank(Ts_Rank(volume, 10))",USA,MINVOL3M,INDUSTRY,5,1,P2Y,0.01,ON,OFF
FullTest_4863,"Rank(Ts_Rank(volume, 10))",USA,MINVOL3M,INDUSTRY,5,1,P2Y,0.01,OFF,ON
FullTest_4864,"Rank(Ts_Rank(volume, 10))",USA,MINVOL3M,INDUSTRY,5,1,P2Y,0.01,OFF,OFF
FullTest_4865,"Rank(Ts_Rank(volume, 10))",USA,MINVOL3M,MARKET,0,0,P1Y,0.08,ON,ON
FullTest_4866,"Rank(Ts_Rank(volume, 10))",USA,MINVOL3M,MARKET,0,0,P1Y,0.08,ON,OFF
FullTest_4867,"Rank(Ts_Rank(volume, 10))",USA,MINVOL3M,MARKET,0,0,P1Y,0.08,OFF,ON
FullTest_4868,"Rank(Ts_Rank(volume, 10))",USA,MINVOL3M,MARKET,0,0,P1Y,0.08,OFF,OFF
FullTest_4869,"Rank(Ts_Rank(volume, 10))",USA,MINVOL3M,MARKET,0,0,P1Y,0.01,ON,ON
FullTest_4870,"Rank(Ts_Rank(volume, 10))",USA,MINVOL3M,MARKET,0,0,P1Y,0.01,ON,OFF
FullTest_4871,"Rank(Ts_Rank(volume, 10))",USA,MINVOL3M,MARKET,0,0,P1Y,0.01,OFF,ON
FullTest_4872,"Rank(Ts_Rank(volume, 10))",USA,MINVOL3M,MARKET,0,0,P1Y,0.01,OFF,OFF
FullTest_4873,"Rank(Ts_Rank(volume, 10))",USA,MINVOL3M,MARKET,0,0,P2Y,0.08,ON,ON
FullTest_4874,"Rank(Ts_Rank(volume, 10))",USA,MINVOL3M,MARKET,0,0,P2Y,0.08,ON,OFF
FullTest_4875,"Rank(Ts_Rank(volume, 10))",USA,MINVOL3M,MARKET,0,0,P2Y,0.08,OFF,ON
FullTest_4876,"Rank(Ts_Rank(volume, 10))",USA,MINVOL3M,MARKET,0,0,P2Y,0.08,OFF,OFF
FullTest_4877,"Rank(Ts_Rank(volume, 10))",USA,MINVOL3M,MARKET,0,0,P2Y,0.01,ON,ON
FullTest_4878,"Rank(Ts_Rank(volume, 10))",USA,MINVOL3M,MARKET,0,0,P2Y,0.01,ON,OFF
FullTest_4879,"Rank(Ts_Rank(volume, 10))",USA,MINVOL3M,MARKET,0,0,P2Y,0.01,OFF,ON
FullTest_4880,"Rank(Ts_Rank(volume, 10))",USA,MINVOL3M,MARKET,0,0,P2Y,0.01,OFF,OFF
FullTest_4881,"Rank(Ts_Rank(volume, 10))",USA,MINVOL3M,MARKET,0,1,P1Y,0.08,ON,ON
FullTest_4882,"Rank(Ts_Rank(volume, 10))",USA,MINVOL3M,MARKET,0,1,P1Y,0.08,ON,OFF
FullTest_4883,"Rank(Ts_Rank(volume, 10))",USA,MINVOL3M,MARKET,0,1,P1Y,0.08,OFF,ON
FullTest_4884,"Rank(Ts_Rank(volume, 10))",USA,MINVOL3M,MARKET,0,1,P1Y,0.08,OFF,OFF
FullTest_4885,"Rank(Ts_Rank(volume, 10))",USA,MINVOL3M,MARKET,0,1,P1Y,0.01,ON,ON
FullTest_4886,"Rank(Ts_Rank(volume, 10))",USA,MINVOL3M,MARKET,0,1,P1Y,0.01,ON,OFF
FullTest_4887,"Rank(Ts_Rank(volume, 10))",USA,MINVOL3M,MARKET,0,1,P1Y,0.01,OFF,ON
FullTest_4888,"Rank(Ts_Rank(volume, 10))",USA,MINVOL3M,MARKET,0,1,P1Y,0.01,OFF,OFF
FullTest_4889,"Rank(Ts_Rank(volume, 10))",USA,MINVOL3M,MARKET,0,1,P2Y,0.08,ON,ON
FullTest_4890,"Rank(Ts_Rank(volume, 10))",USA,MINVOL3M,MARKET,0,1,P2Y,0.08,ON,OFF
FullTest_4891,"Rank(Ts_Rank(volume, 10))",USA,MINVOL3M,MARKET,0,1,P2Y,0.08,OFF,ON
FullTest_4892,"Rank(Ts_Rank(volume, 10))",USA,MINVOL3M,MARKET,0,1,P2Y,0.08,OFF,OFF
FullTest_4893,"Rank(Ts_Rank(volume, 10))",USA,MINVOL3M,MARKET,0,1,P2Y,0.01,ON,ON
FullTest_4894,"Rank(Ts_Rank(volume, 10))",USA,MINVOL3M,MARKET,0,1,P2Y,0.01,ON,OFF
FullTest_4895,"Rank(Ts_Rank(volume, 10))",USA,MINVOL3M,MARKET,0,1,P2Y,0.01,OFF,ON
FullTest_4896,"Rank(Ts_Rank(volume, 10))",USA,MINVOL3M,MARKET,0,1,P2Y,0.01,OFF,OFF
FullTest_4897,"Rank(Ts_Rank(volume, 10))",USA,MINVOL3M,MARKET,5,0,P1Y,0.08,ON,ON
FullTest_4898,"Rank(Ts_Rank(volume, 10))",USA,MINVOL3M,MARKET,5,0,P1Y,0.08,ON,OFF
FullTest_4899,"Rank(Ts_Rank(volume, 10))",USA,MINVOL3M,MARKET,5,0,P1Y,0.08,OFF,ON
FullTest_4900,"Rank(Ts_Rank(volume, 10))",USA,MINVOL3M,MARKET,5,0,P1Y,0.08,OFF,OFF
FullTest_4901,"Rank(Ts_Rank(volume, 10))",USA,MINVOL3M,MARKET,5,0,P1Y,0.01,ON,ON
FullTest_4902,"Rank(Ts_Rank(volume, 10))",USA,MINVOL3M,MARKET,5,0,P1Y,0.01,ON,OFF
FullTest_4903,"Rank(Ts_Rank(volume, 10))",USA,MINVOL3M,MARKET,5,0,P1Y,0.01,OFF,ON
FullTest_4904,"Rank(Ts_Rank(volume, 10))",USA,MINVOL3M,MARKET,5,0,P1Y,0.01,OFF,OFF
FullTest_4905,"Rank(Ts_Rank(volume, 10))",USA,MINVOL3M,MARKET,5,0,P2Y,0.08,ON,ON
FullTest_4906,"Rank(Ts_Rank(volume, 10))",USA,MINVOL3M,MARKET,5,0,P2Y,0.08,ON,OFF
FullTest_4907,"Rank(Ts_Rank(volume, 10))",USA,MINVOL3M,MARKET,5,0,P2Y,0.08,OFF,ON
FullTest_4908,"Rank(Ts_Rank(volume, 10))",USA,MINVOL3M,MARKET,5,0,P2Y,0.08,OFF,OFF
FullTest_4909,"Rank(Ts_Rank(volume, 10))",USA,MINVOL3M,MARKET,5,0,P2Y,0.01,ON,ON
FullTest_4910,"Rank(Ts_Rank(volume, 10))",USA,MINVOL3M,MARKET,5,0,P2Y,0.01,ON,OFF
FullTest_4911,"Rank(Ts_Rank(volume, 10))",USA,MINVOL3M,MARKET,5,0,P2Y,0.01,OFF,ON
FullTest_4912,"Rank(Ts_Rank(volume, 10))",USA,MINVOL3M,MARKET,5,0,P2Y,0.01,OFF,OFF
FullTest_4913,"Rank(Ts_Rank(volume, 10))",USA,MINVOL3M,MARKET,5,1,P1Y,0.08,ON,ON
FullTest_4914,"Rank(Ts_Rank(volume, 10))",USA,MINVOL3M,MARKET,5,1,P1Y,0.08,ON,OFF
FullTest_4915,"Rank(Ts_Rank(volume, 10))",USA,MINVOL3M,MARKET,5,1,P1Y,0.08,OFF,ON
FullTest_4916,"Rank(Ts_Rank(volume, 10))",USA,MINVOL3M,MARKET,5,1,P1Y,0.08,OFF,OFF
FullTest_4917,"Rank(Ts_Rank(volume, 10))",USA,MINVOL3M,MARKET,5,1,P1Y,0.01,ON,ON
FullTest_4918,"Rank(Ts_Rank(volume, 10))",USA,MINVOL3M,MARKET,5,1,P1Y,0.01,ON,OFF
FullTest_4919,"Rank(Ts_Rank(volume, 10))",USA,MINVOL3M,MARKET,5,1,P1Y,0.01,OFF,ON
FullTest_4920,"Rank(Ts_Rank(volume, 10))",USA,MINVOL3M,MARKET,5,1,P1Y,0.01,OFF,OFF
FullTest_4921,"Rank(Ts_Rank(volume, 10))",USA,MINVOL3M,MARKET,5,1,P2Y,0.08,ON,ON
FullTest_4922,"Rank(Ts_Rank(volume, 10))",USA,MINVOL3M,MARKET,5,1,P2Y,0.08,ON,OFF
FullTest_4923,"Rank(Ts_Rank(volume, 10))",USA,MINVOL3M,MARKET,5,1,P2Y,0.08,OFF,ON
FullTest_4924,"Rank(Ts_Rank(volume, 10))",USA,MINVOL3M,MARKET,5,1,P2Y,0.08,OFF,OFF
FullTest_4925,"Rank(Ts_Rank(volume, 10))",USA,MINVOL3M,MARKET,5,1,P2Y,0.01,ON,ON
FullTest_4926,"Rank(Ts_Rank(volume, 10))",USA,MINVOL3M,MARKET,5,1,P2Y,0.01,ON,OFF
FullTest_4927,"Rank(Ts_Rank(volume, 10))",USA,MINVOL3M,MARKET,5,1,P2Y,0.01,OFF,ON
FullTest_4928,"Rank(Ts_Rank(volume, 10))",USA,MINVOL3M,MARKET,5,1,P2Y,0.01,OFF,OFF
FullTest_4929,"Rank(Ts_Rank(volume, 10))",USA,MINVOL3M,NONE,0,0,P1Y,0.08,ON,ON
FullTest_4930,"Rank(Ts_Rank(volume, 10))",USA,MINVOL3M,NONE,0,0,P1Y,0.08,ON,OFF
FullTest_4931,"Rank(Ts_Rank(volume, 10))",USA,MINVOL3M,NONE,0,0,P1Y,0.08,OFF,ON
FullTest_4932,"Rank(Ts_Rank(volume, 10))",USA,MINVOL3M,NONE,0,0,P1Y,0.08,OFF,OFF
FullTest_4933,"Rank(Ts_Rank(volume, 10))",USA,MINVOL3M,NONE,0,0,P1Y,0.01,ON,ON
FullTest_4934,"Rank(Ts_Rank(volume, 10))",USA,MINVOL3M,NONE,0,0,P1Y,0.01,ON,OFF
FullTest_4935,"Rank(Ts_Rank(volume, 10))",USA,MINVOL3M,NONE,0,0,P1Y,0.01,OFF,ON
FullTest_4936,"Rank(Ts_Rank(volume, 10))",USA,MINVOL3M,NONE,0,0,P1Y,0.01,OFF,OFF
FullTest_4937,"Rank(Ts_Rank(volume, 10))",USA,MINVOL3M,NONE,0,0,P2Y,0.08,ON,ON
FullTest_4938,"Rank(Ts_Rank(volume, 10))",USA,MINVOL3M,NONE,0,0,P2Y,0.08,ON,OFF
FullTest_4939,"Rank(Ts_Rank(volume, 10))",USA,MINVOL3M,NONE,0,0,P2Y,0.08,OFF,ON
FullTest_4940,"Rank(Ts_Rank(volume, 10))",USA,MINVOL3M,NONE,0,0,P2Y,0.08,OFF,OFF
FullTest_4941,"Rank(Ts_Rank(volume, 10))",USA,MINVOL3M,NONE,0,0,P2Y,0.01,ON,ON
FullTest_4942,"Rank(Ts_Rank(volume, 10))",USA,MINVOL3M,NONE,0,0,P2Y,0.01,ON,OFF
FullTest_4943,"Rank(Ts_Rank(volume, 10))",USA,MINVOL3M,NONE,0,0,P2Y,0.01,OFF,ON
FullTest_4944,"Rank(Ts_Rank(volume, 10))",USA,MINVOL3M,NONE,0,0,P2Y,0.01,OFF,OFF
FullTest_4945,"Rank(Ts_Rank(volume, 10))",USA,MINVOL3M,NONE,0,1,P1Y,0.08,ON,ON
FullTest_4946,"Rank(Ts_Rank(volume, 10))",USA,MINVOL3M,NONE,0,1,P1Y,0.08,ON,OFF
FullTest_4947,"Rank(Ts_Rank(volume, 10))",USA,MINVOL3M,NONE,0,1,P1Y,0.08,OFF,ON
FullTest_4948,"Rank(Ts_Rank(volume, 10))",USA,MINVOL3M,NONE,0,1,P1Y,0.08,OFF,OFF
FullTest_4949,"Rank(Ts_Rank(volume, 10))",USA,MINVOL3M,NONE,0,1,P1Y,0.01,ON,ON
FullTest_4950,"Rank(Ts_Rank(volume, 10))",USA,MINVOL3M,NONE,0,1,P1Y,0.01,ON,OFF
FullTest_4951,"Rank(Ts_Rank(volume, 10))",USA,MINVOL3M,NONE,0,1,P1Y,0.01,OFF,ON
FullTest_4952,"Rank(Ts_Rank(volume, 10))",USA,MINVOL3M,NONE,0,1,P1Y,0.01,OFF,OFF
FullTest_4953,"Rank(Ts_Rank(volume, 10))",USA,MINVOL3M,NONE,0,1,P2Y,0.08,ON,ON
FullTest_4954,"Rank(Ts_Rank(volume, 10))",USA,MINVOL3M,NONE,0,1,P2Y,0.08,ON,OFF
FullTest_4955,"Rank(Ts_Rank(volume, 10))",USA,MINVOL3M,NONE,0,1,P2Y,0.08,OFF,ON
FullTest_4956,"Rank(Ts_Rank(volume, 10))",USA,MINVOL3M,NONE,0,1,P2Y,0.08,OFF,OFF
FullTest_4957,"Rank(Ts_Rank(volume, 10))",USA,MINVOL3M,NONE,0,1,P2Y,0.01,ON,ON
FullTest_4958,"Rank(Ts_Rank(volume, 10))",USA,MINVOL3M,NONE,0,1,P2Y,0.01,ON,OFF
FullTest_4959,"Rank(Ts_Rank(volume, 10))",USA,MINVOL3M,NONE,0,1,P2Y,0.01,OFF,ON
FullTest_4960,"Rank(Ts_Rank(volume, 10))",USA,MINVOL3M,NONE,0,1,P2Y,0.01,OFF,OFF
FullTest_4961,"Rank(Ts_Rank(volume, 10))",USA,MINVOL3M,NONE,5,0,P1Y,0.08,ON,ON
FullTest_4962,"Rank(Ts_Rank(volume, 10))",USA,MINVOL3M,NONE,5,0,P1Y,0.08,ON,OFF
FullTest_4963,"Rank(Ts_Rank(volume, 10))",USA,MINVOL3M,NONE,5,0,P1Y,0.08,OFF,ON
FullTest_4964,"Rank(Ts_Rank(volume, 10))",USA,MINVOL3M,NONE,5,0,P1Y,0.08,OFF,OFF
FullTest_4965,"Rank(Ts_Rank(volume, 10))",USA,MINVOL3M,NONE,5,0,P1Y,0.01,ON,ON
FullTest_4966,"Rank(Ts_Rank(volume, 10))",USA,MINVOL3M,NONE,5,0,P1Y,0.01,ON,OFF
FullTest_4967,"Rank(Ts_Rank(volume, 10))",USA,MINVOL3M,NONE,5,0,P1Y,0.01,OFF,ON
FullTest_4968,"Rank(Ts_Rank(volume, 10))",USA,MINVOL3M,NONE,5,0,P1Y,0.01,OFF,OFF
FullTest_4969,"Rank(Ts_Rank(volume, 10))",USA,MINVOL3M,NONE,5,0,P2Y,0.08,ON,ON
FullTest_4970,"Rank(Ts_Rank(volume, 10))",USA,MINVOL3M,NONE,5,0,P2Y,0.08,ON,OFF
FullTest_4971,"Rank(Ts_Rank(volume, 10))",USA,MINVOL3M,NONE,5,0,P2Y,0.08,OFF,ON
FullTest_4972,"Rank(Ts_Rank(volume, 10))",USA,MINVOL3M,NONE,5,0,P2Y,0.08,OFF,OFF
FullTest_4973,"Rank(Ts_Rank(volume, 10))",USA,MINVOL3M,NONE,5,0,P2Y,0.01,ON,ON
FullTest_4974,"Rank(Ts_Rank(volume, 10))",USA,MINVOL3M,NONE,5,0,P2Y,0.01,ON,OFF
FullTest_4975,"Rank(Ts_Rank(volume, 10))",USA,MINVOL3M,NONE,5,0,P2Y,0.01,OFF,ON
FullTest_4976,"Rank(Ts_Rank(volume, 10))",USA,MINVOL3M,NONE,5,0,P2Y,0.01,OFF,OFF
FullTest_4977,"Rank(Ts_Rank(volume, 10))",USA,MINVOL3M,NONE,5,1,P1Y,0.08,ON,ON
FullTest_4978,"Rank(Ts_Rank(volume, 10))",USA,MINVOL3M,NONE,5,1,P1Y,0.08,ON,OFF
FullTest_4979,"Rank(Ts_Rank(volume, 10))",USA,MINVOL3M,NONE,5,1,P1Y,0.08,OFF,ON
FullTest_4980,"Rank(Ts_Rank(volume, 10))",USA,MINVOL3M,NONE,5,1,P1Y,0.08,OFF,OFF
FullTest_4981,"Rank(Ts_Rank(volume, 10))",USA,MINVOL3M,NONE,5,1,P1Y,0.01,ON,ON
FullTest_4982,"Rank(Ts_Rank(volume, 10))",USA,MINVOL3M,NONE,5,1,P1Y,0.01,ON,OFF
FullTest_4983,"Rank(Ts_Rank(volume, 10))",USA,MINVOL3M,NONE,5,1,P1Y,0.01,OFF,ON
FullTest_4984,"Rank(Ts_Rank(volume, 10))",USA,MINVOL3M,NONE,5,1,P1Y,0.01,OFF,OFF
FullTest_4985,"Rank(Ts_Rank(volume, 10))",USA,MINVOL3M,NONE,5,1,P2Y,0.08,ON,ON
FullTest_4986,"Rank(Ts_Rank(volume, 10))",USA,MINVOL3M,NONE,5,1,P2Y,0.08,ON,OFF
FullTest_4987,"Rank(Ts_Rank(volume, 10))",USA,MINVOL3M,NONE,5,1,P2Y,0.08,OFF,ON
FullTest_4988,"Rank(Ts_Rank(volume, 10))",USA,MINVOL3M,NONE,5,1,P2Y,0.08,OFF,OFF
FullTest_4989,"Rank(Ts_Rank(volume, 10))",USA,MINVOL3M,NONE,5,1,P2Y,0.01,ON,ON
FullTest_4990,"Rank(Ts_Rank(volume, 10))",USA,MINVOL3M,NONE,5,1,P2Y,0.01,ON,OFF
FullTest_4991,"Rank(Ts_Rank(volume, 10))",USA,MINVOL3M,NONE,5,1,P2Y,0.01,OFF,ON
FullTest_4992,"Rank(Ts_Rank(volume, 10))",USA,MINVOL3M,NONE,5,1,P2Y,0.01,OFF,OFF
FullTest_4993,"Rank(Ts_Rank(volume, 10))",ASI,TOP3000,INDUSTRY,0,0,P1Y,0.08,ON,ON
FullTest_4994,"Rank(Ts_Rank(volume, 10))",ASI,TOP3000,INDUSTRY,0,0,P1Y,0.08,ON,OFF
FullTest_4995,"Rank(Ts_Rank(volume, 10))",ASI,TOP3000,INDUSTRY,0,0,P1Y,0.08,OFF,ON
FullTest_4996,"Rank(Ts_Rank(volume, 10))",ASI,TOP3000,INDUSTRY,0,0,P1Y,0.08,OFF,OFF
FullTest_4997,"Rank(Ts_Rank(volume, 10))",ASI,TOP3000,INDUSTRY,0,0,P1Y,0.01,ON,ON
FullTest_4998,"Rank(Ts_Rank(volume, 10))",ASI,TOP3000,INDUSTRY,0,0,P1Y,0.01,ON,OFF
FullTest_4999,"Rank(Ts_Rank(volume, 10))",ASI,TOP3000,INDUSTRY,0,0,P1Y,0.01,OFF,ON
FullTest_5000,"Rank(Ts_Rank(volume, 10))",ASI,TOP3000,INDUSTRY,0,0,P1Y,0.01,OFF,OFF
FullTest_5001,"Rank(Ts_Rank(volume, 10))",ASI,TOP3000,INDUSTRY,0,0,P2Y,0.08,ON,ON
FullTest_5002,"Rank(Ts_Rank(volume, 10))",ASI,TOP3000,INDUSTRY,0,0,P2Y,0.08,ON,OFF
FullTest_5003,"Rank(Ts_Rank(volume, 10))",ASI,TOP3000,INDUSTRY,0,0,P2Y,0.08,OFF,ON
FullTest_5004,"Rank(Ts_Rank(volume, 10))",ASI,TOP3000,INDUSTRY,0,0,P2Y,0.08,OFF,OFF
FullTest_5005,"Rank(Ts_Rank(volume, 10))",ASI,TOP3000,INDUSTRY,0,0,P2Y,0.01,ON,ON
FullTest_5006,"Rank(Ts_Rank(volume, 10))",ASI,TOP3000,INDUSTRY,0,0,P2Y,0.01,ON,OFF
FullTest_5007,"Rank(Ts_Rank(volume, 10))",ASI,TOP3000,INDUSTRY,0,0,P2Y,0.01,OFF,ON
FullTest_5008,"Rank(Ts_Rank(volume, 10))",ASI,TOP3000,INDUSTRY,0,0,P2Y,0.01,OFF,OFF
FullTest_5009,"Rank(Ts_Rank(volume, 10))",ASI,TOP3000,INDUSTRY,0,1,P1Y,0.08,ON,ON
FullTest_5010,"Rank(Ts_Rank(volume, 10))",ASI,TOP3000,INDUSTRY,0,1,P1Y,0.08,ON,OFF
FullTest_5011,"Rank(Ts_Rank(volume, 10))",ASI,TOP3000,INDUSTRY,0,1,P1Y,0.08,OFF,ON
FullTest_5012,"Rank(Ts_Rank(volume, 10))",ASI,TOP3000,INDUSTRY,0,1,P1Y,0.08,OFF,OFF
FullTest_5013,"Rank(Ts_Rank(volume, 10))",ASI,TOP3000,INDUSTRY,0,1,P1Y,0.01,ON,ON
FullTest_5014,"Rank(Ts_Rank(volume, 10))",ASI,TOP3000,INDUSTRY,0,1,P1Y,0.01,ON,OFF
FullTest_5015,"Rank(Ts_Rank(volume, 10))",ASI,TOP3000,INDUSTRY,0,1,P1Y,0.01,OFF,ON
FullTest_5016,"Rank(Ts_Rank(volume, 10))",ASI,TOP3000,INDUSTRY,0,1,P1Y,0.01,OFF,OFF
FullTest_5017,"Rank(Ts_Rank(volume, 10))",ASI,TOP3000,INDUSTRY,0,1,P2Y,0.08,ON,ON
FullTest_5018,"Rank(Ts_Rank(volume, 10))",ASI,TOP3000,INDUSTRY,0,1,P2Y,0.08,ON,OFF
FullTest_5019,"Rank(Ts_Rank(volume, 10))",ASI,TOP3000,INDUSTRY,0,1,P2Y,0.08,OFF,ON
FullTest_5020,"Rank(Ts_Rank(volume, 10))",ASI,TOP3000,INDUSTRY,0,1,P2Y,0.08,OFF,OFF
FullTest_5021,"Rank(Ts_Rank(volume, 10))",ASI,TOP3000,INDUSTRY,0,1,P2Y,0.01,ON,ON
FullTest_5022,"Rank(Ts_Rank(volume, 10))",ASI,TOP3000,INDUSTRY,0,1,P2Y,0.01,ON,OFF
FullTest_5023,"Rank(Ts_Rank(volume, 10))",ASI,TOP3000,INDUSTRY,0,1,P2Y,0.01,OFF,ON
FullTest_5024,"Rank(Ts_Rank(volume, 10))",ASI,TOP3000,INDUSTRY,0,1,P2Y,0.01,OFF,OFF
FullTest_5025,"Rank(Ts_Rank(volume, 10))",ASI,TOP3000,INDUSTRY,5,0,P1Y,0.08,ON,ON
FullTest_5026,"Rank(Ts_Rank(volume, 10))",ASI,TOP3000,INDUSTRY,5,0,P1Y,0.08,ON,OFF
FullTest_5027,"Rank(Ts_Rank(volume, 10))",ASI,TOP3000,INDUSTRY,5,0,P1Y,0.08,OFF,ON
FullTest_5028,"Rank(Ts_Rank(volume, 10))",ASI,TOP3000,INDUSTRY,5,0,P1Y,0.08,OFF,OFF
FullTest_5029,"Rank(Ts_Rank(volume, 10))",ASI,TOP3000,INDUSTRY,5,0,P1Y,0.01,ON,ON
FullTest_5030,"Rank(Ts_Rank(volume, 10))",ASI,TOP3000,INDUSTRY,5,0,P1Y,0.01,ON,OFF
FullTest_5031,"Rank(Ts_Rank(volume, 10))",ASI,TOP3000,INDUSTRY,5,0,P1Y,0.01,OFF,ON
FullTest_5032,"Rank(Ts_Rank(volume, 10))",ASI,TOP3000,INDUSTRY,5,0,P1Y,0.01,OFF,OFF
FullTest_5033,"Rank(Ts_Rank(volume, 10))",ASI,TOP3000,INDUSTRY,5,0,P2Y,0.08,ON,ON
FullTest_5034,"Rank(Ts_Rank(volume, 10))",ASI,TOP3000,INDUSTRY,5,0,P2Y,0.08,ON,OFF
FullTest_5035,"Rank(Ts_Rank(volume, 10))",ASI,TOP3000,INDUSTRY,5,0,P2Y,0.08,OFF,ON
FullTest_5036,"Rank(Ts_Rank(volume, 10))",ASI,TOP3000,INDUSTRY,5,0,P2Y,0.08,OFF,OFF
FullTest_5037,"Rank(Ts_Rank(volume, 10))",ASI,TOP3000,INDUSTRY,5,0,P2Y,0.01,ON,ON
FullTest_5038,"Rank(Ts_Rank(volume, 10))",ASI,TOP3000,INDUSTRY,5,0,P2Y,0.01,ON,OFF
FullTest_5039,"Rank(Ts_Rank(volume, 10))",ASI,TOP3000,INDUSTRY,5,0,P2Y,0.01,OFF,ON
FullTest_5040,"Rank(Ts_Rank(volume, 10))",ASI,TOP3000,INDUSTRY,5,0,P2Y,0.01,OFF,OFF
FullTest_5041,"Rank(Ts_Rank(volume, 10))",ASI,TOP3000,INDUSTRY,5,1,P1Y,0.08,ON,ON
FullTest_5042,"Rank(Ts_Rank(volume, 10))",ASI,TOP3000,INDUSTRY,5,1,P1Y,0.08,ON,OFF
FullTest_5043,"Rank(Ts_Rank(volume, 10))",ASI,TOP3000,INDUSTRY,5,1,P1Y,0.08,OFF,ON
FullTest_5044,"Rank(Ts_Rank(volume, 10))",ASI,TOP3000,INDUSTRY,5,1,P1Y,0.08,OFF,OFF
FullTest_5045,"Rank(Ts_Rank(volume, 10))",ASI,TOP3000,INDUSTRY,5,1,P1Y,0.01,ON,ON
FullTest_5046,"Rank(Ts_Rank(volume, 10))",ASI,TOP3000,INDUSTRY,5,1,P1Y,0.01,ON,OFF
FullTest_5047,"Rank(Ts_Rank(volume, 10))",ASI,TOP3000,INDUSTRY,5,1,P1Y,0.01,OFF,ON
FullTest_5048,"Rank(Ts_Rank(volume, 10))",ASI,TOP3000,INDUSTRY,5,1,P1Y,0.01,OFF,OFF
FullTest_5049,"Rank(Ts_Rank(volume, 10))",ASI,TOP3000,INDUSTRY,5,1,P2Y,0.08,ON,ON
FullTest_5050,"Rank(Ts_Rank(volume, 10))",ASI,TOP3000,INDUSTRY,5,1,P2Y,0.08,ON,OFF
FullTest_5051,"Rank(Ts_Rank(volume, 10))",ASI,TOP3000,INDUSTRY,5,1,P2Y,0.08,OFF,ON
FullTest_5052,"Rank(Ts_Rank(volume, 10))",ASI,TOP3000,INDUSTRY,5,1,P2Y,0.08,OFF,OFF
FullTest_5053,"Rank(Ts_Rank(volume, 10))",ASI,TOP3000,INDUSTRY,5,1,P2Y,0.01,ON,ON
FullTest_5054,"Rank(Ts_Rank(volume, 10))",ASI,TOP3000,INDUSTRY,5,1,P2Y,0.01,ON,OFF
FullTest_5055,"Rank(Ts_Rank(volume, 10))",ASI,TOP3000,INDUSTRY,5,1,P2Y,0.01,OFF,ON
FullTest_5056,"Rank(Ts_Rank(volume, 10))",ASI,TOP3000,INDUSTRY,5,1,P2Y,0.01,OFF,OFF
FullTest_5057,"Rank(Ts_Rank(volume, 10))",ASI,TOP3000,MARKET,0,0,P1Y,0.08,ON,ON
FullTest_5058,"Rank(Ts_Rank(volume, 10))",ASI,TOP3000,MARKET,0,0,P1Y,0.08,ON,OFF
FullTest_5059,"Rank(Ts_Rank(volume, 10))",ASI,TOP3000,MARKET,0,0,P1Y,0.08,OFF,ON
FullTest_5060,"Rank(Ts_Rank(volume, 10))",ASI,TOP3000,MARKET,0,0,P1Y,0.08,OFF,OFF
FullTest_5061,"Rank(Ts_Rank(volume, 10))",ASI,TOP3000,MARKET,0,0,P1Y,0.01,ON,ON
FullTest_5062,"Rank(Ts_Rank(volume, 10))",ASI,TOP3000,MARKET,0,0,P1Y,0.01,ON,OFF
FullTest_5063,"Rank(Ts_Rank(volume, 10))",ASI,TOP3000,MARKET,0,0,P1Y,0.01,OFF,ON
FullTest_5064,"Rank(Ts_Rank(volume, 10))",ASI,TOP3000,MARKET,0,0,P1Y,0.01,OFF,OFF
FullTest_5065,"Rank(Ts_Rank(volume, 10))",ASI,TOP3000,MARKET,0,0,P2Y,0.08,ON,ON
FullTest_5066,"Rank(Ts_Rank(volume, 10))",ASI,TOP3000,MARKET,0,0,P2Y,0.08,ON,OFF
FullTest_5067,"Rank(Ts_Rank(volume, 10))",ASI,TOP3000,MARKET,0,0,P2Y,0.08,OFF,ON
FullTest_5068,"Rank(Ts_Rank(volume, 10))",ASI,TOP3000,MARKET,0,0,P2Y,0.08,OFF,OFF
FullTest_5069,"Rank(Ts_Rank(volume, 10))",ASI,TOP3000,MARKET,0,0,P2Y,0.01,ON,ON
FullTest_5070,"Rank(Ts_Rank(volume, 10))",ASI,TOP3000,MARKET,0,0,P2Y,0.01,ON,OFF
FullTest_5071,"Rank(Ts_Rank(volume, 10))",ASI,TOP3000,MARKET,0,0,P2Y,0.01,OFF,ON
FullTest_5072,"Rank(Ts_Rank(volume, 10))",ASI,TOP3000,MARKET,0,0,P2Y,0.01,OFF,OFF
FullTest_5073,"Rank(Ts_Rank(volume, 10))",ASI,TOP3000,MARKET,0,1,P1Y,0.08,ON,ON
FullTest_5074,"Rank(Ts_Rank(volume, 10))",ASI,TOP3000,MARKET,0,1,P1Y,0.08,ON,OFF
FullTest_5075,"Rank(Ts_Rank(volume, 10))",ASI,TOP3000,MARKET,0,1,P1Y,0.08,OFF,ON
FullTest_5076,"Rank(Ts_Rank(volume, 10))",ASI,TOP3000,MARKET,0,1,P1Y,0.08,OFF,OFF
FullTest_5077,"Rank(Ts_Rank(volume, 10))",ASI,TOP3000,MARKET,0,1,P1Y,0.01,ON,ON
FullTest_5078,"Rank(Ts_Rank(volume, 10))",ASI,TOP3000,MARKET,0,1,P1Y,0.01,ON,OFF
FullTest_5079,"Rank(Ts_Rank(volume, 10))",ASI,TOP3000,MARKET,0,1,P1Y,0.01,OFF,ON
FullTest_5080,"Rank(Ts_Rank(volume, 10))",ASI,TOP3000,MARKET,0,1,P1Y,0.01,OFF,OFF
FullTest_5081,"Rank(Ts_Rank(volume, 10))",ASI,TOP3000,MARKET,0,1,P2Y,0.08,ON,ON
FullTest_5082,"Rank(Ts_Rank(volume, 10))",ASI,TOP3000,MARKET,0,1,P2Y,0.08,ON,OFF
FullTest_5083,"Rank(Ts_Rank(volume, 10))",ASI,TOP3000,MARKET,0,1,P2Y,0.08,OFF,ON
FullTest_5084,"Rank(Ts_Rank(volume, 10))",ASI,TOP3000,MARKET,0,1,P2Y,0.08,OFF,OFF
FullTest_5085,"Rank(Ts_Rank(volume, 10))",ASI,TOP3000,MARKET,0,1,P2Y,0.01,ON,ON
FullTest_5086,"Rank(Ts_Rank(volume, 10))",ASI,TOP3000,MARKET,0,1,P2Y,0.01,ON,OFF
FullTest_5087,"Rank(Ts_Rank(volume, 10))",ASI,TOP3000,MARKET,0,1,P2Y,0.01,OFF,ON
FullTest_5088,"Rank(Ts_Rank(volume, 10))",ASI,TOP3000,MARKET,0,1,P2Y,0.01,OFF,OFF
FullTest_5089,"Rank(Ts_Rank(volume, 10))",ASI,TOP3000,MARKET,5,0,P1Y,0.08,ON,ON
FullTest_5090,"Rank(Ts_Rank(volume, 10))",ASI,TOP3000,MARKET,5,0,P1Y,0.08,ON,OFF
FullTest_5091,"Rank(Ts_Rank(volume, 10))",ASI,TOP3000,MARKET,5,0,P1Y,0.08,OFF,ON
FullTest_5092,"Rank(Ts_Rank(volume, 10))",ASI,TOP3000,MARKET,5,0,P1Y,0.08,OFF,OFF
FullTest_5093,"Rank(Ts_Rank(volume, 10))",ASI,TOP3000,MARKET,5,0,P1Y,0.01,ON,ON
FullTest_5094,"Rank(Ts_Rank(volume, 10))",ASI,TOP3000,MARKET,5,0,P1Y,0.01,ON,OFF
FullTest_5095,"Rank(Ts_Rank(volume, 10))",ASI,TOP3000,MARKET,5,0,P1Y,0.01,OFF,ON
FullTest_5096,"Rank(Ts_Rank(volume, 10))",ASI,TOP3000,MARKET,5,0,P1Y,0.01,OFF,OFF
FullTest_5097,"Rank(Ts_Rank(volume, 10))",ASI,TOP3000,MARKET,5,0,P2Y,0.08,ON,ON
FullTest_5098,"Rank(Ts_Rank(volume, 10))",ASI,TOP3000,MARKET,5,0,P2Y,0.08,ON,OFF
FullTest_5099,"Rank(Ts_Rank(volume, 10))",ASI,TOP3000,MARKET,5,0,P2Y,0.08,OFF,ON
FullTest_5100,"Rank(Ts_Rank(volume, 10))",ASI,TOP3000,MARKET,5,0,P2Y,0.08,OFF,OFF
FullTest_5101,"Rank(Ts_Rank(volume, 10))",ASI,TOP3000,MARKET,5,0,P2Y,0.01,ON,ON
FullTest_5102,"Rank(Ts_Rank(volume, 10))",ASI,TOP3000,MARKET,5,0,P2Y,0.01,ON,OFF
FullTest_5103,"Rank(Ts_Rank(volume, 10))",ASI,TOP3000,MARKET,5,0,P2Y,0.01,OFF,ON
FullTest_5104,"Rank(Ts_Rank(volume, 10))",ASI,TOP3000,MARKET,5,0,P2Y,0.01,OFF,OFF
FullTest_5105,"Rank(Ts_Rank(volume, 10))",ASI,TOP3000,MARKET,5,1,P1Y,0.08,ON,ON
FullTest_5106,"Rank(Ts_Rank(volume, 10))",ASI,TOP3000,MARKET,5,1,P1Y,0.08,ON,OFF
FullTest_5107,"Rank(Ts_Rank(volume, 10))",ASI,TOP3000,MARKET,5,1,P1Y,0.08,OFF,ON
FullTest_5108,"Rank(Ts_Rank(volume, 10))",ASI,TOP3000,MARKET,5,1,P1Y,0.08,OFF,OFF
FullTest_5109,"Rank(Ts_Rank(volume, 10))",ASI,TOP3000,MARKET,5,1,P1Y,0.01,ON,ON
FullTest_5110,"Rank(Ts_Rank(volume, 10))",ASI,TOP3000,MARKET,5,1,P1Y,0.01,ON,OFF
FullTest_5111,"Rank(Ts_Rank(volume, 10))",ASI,TOP3000,MARKET,5,1,P1Y,0.01,OFF,ON
FullTest_5112,"Rank(Ts_Rank(volume, 10))",ASI,TOP3000,MARKET,5,1,P1Y,0.01,OFF,OFF
FullTest_5113,"Rank(Ts_Rank(volume, 10))",ASI,TOP3000,MARKET,5,1,P2Y,0.08,ON,ON
FullTest_5114,"Rank(Ts_Rank(volume, 10))",ASI,TOP3000,MARKET,5,1,P2Y,0.08,ON,OFF
FullTest_5115,"Rank(Ts_Rank(volume, 10))",ASI,TOP3000,MARKET,5,1,P2Y,0.08,OFF,ON
FullTest_5116,"Rank(Ts_Rank(volume, 10))",ASI,TOP3000,MARKET,5,1,P2Y,0.08,OFF,OFF
FullTest_5117,"Rank(Ts_Rank(volume, 10))",ASI,TOP3000,MARKET,5,1,P2Y,0.01,ON,ON
FullTest_5118,"Rank(Ts_Rank(volume, 10))",ASI,TOP3000,MARKET,5,1,P2Y,0.01,ON,OFF
FullTest_5119,"Rank(Ts_Rank(volume, 10))",ASI,TOP3000,MARKET,5,1,P2Y,0.01,OFF,ON
FullTest_5120,"Rank(Ts_Rank(volume, 10))",ASI,TOP3000,MARKET,5,1,P2Y,0.01,OFF,OFF
FullTest_5121,"Rank(Ts_Rank(volume, 10))",ASI,TOP3000,NONE,0,0,P1Y,0.08,ON,ON
FullTest_5122,"Rank(Ts_Rank(volume, 10))",ASI,TOP3000,NONE,0,0,P1Y,0.08,ON,OFF
FullTest_5123,"Rank(Ts_Rank(volume, 10))",ASI,TOP3000,NONE,0,0,P1Y,0.08,OFF,ON
FullTest_5124,"Rank(Ts_Rank(volume, 10))",ASI,TOP3000,NONE,0,0,P1Y,0.08,OFF,OFF
FullTest_5125,"Rank(Ts_Rank(volume, 10))",ASI,TOP3000,NONE,0,0,P1Y,0.01,ON,ON
FullTest_5126,"Rank(Ts_Rank(volume, 10))",ASI,TOP3000,NONE,0,0,P1Y,0.01,ON,OFF
FullTest_5127,"Rank(Ts_Rank(volume, 10))",ASI,TOP3000,NONE,0,0,P1Y,0.01,OFF,ON
FullTest_5128,"Rank(Ts_Rank(volume, 10))",ASI,TOP3000,NONE,0,0,P1Y,0.01,OFF,OFF
FullTest_5129,"Rank(Ts_Rank(volume, 10))",ASI,TOP3000,NONE,0,0,P2Y,0.08,ON,ON
FullTest_5130,"Rank(Ts_Rank(volume, 10))",ASI,TOP3000,NONE,0,0,P2Y,0.08,ON,OFF
FullTest_5131,"Rank(Ts_Rank(volume, 10))",ASI,TOP3000,NONE,0,0,P2Y,0.08,OFF,ON
FullTest_5132,"Rank(Ts_Rank(volume, 10))",ASI,TOP3000,NONE,0,0,P2Y,0.08,OFF,OFF
FullTest_5133,"Rank(Ts_Rank(volume, 10))",ASI,TOP3000,NONE,0,0,P2Y,0.01,ON,ON
FullTest_5134,"Rank(Ts_Rank(volume, 10))",ASI,TOP3000,NONE,0,0,P2Y,0.01,ON,OFF
FullTest_5135,"Rank(Ts_Rank(volume, 10))",ASI,TOP3000,NONE,0,0,P2Y,0.01,OFF,ON
FullTest_5136,"Rank(Ts_Rank(volume, 10))",ASI,TOP3000,NONE,0,0,P2Y,0.01,OFF,OFF
FullTest_5137,"Rank(Ts_Rank(volume, 10))",ASI,TOP3000,NONE,0,1,P1Y,0.08,ON,ON
FullTest_5138,"Rank(Ts_Rank(volume, 10))",ASI,TOP3000,NONE,0,1,P1Y,0.08,ON,OFF
FullTest_5139,"Rank(Ts_Rank(volume, 10))",ASI,TOP3000,NONE,0,1,P1Y,0.08,OFF,ON
FullTest_5140,"Rank(Ts_Rank(volume, 10))",ASI,TOP3000,NONE,0,1,P1Y,0.08,OFF,OFF
FullTest_5141,"Rank(Ts_Rank(volume, 10))",ASI,TOP3000,NONE,0,1,P1Y,0.01,ON,ON
FullTest_5142,"Rank(Ts_Rank(volume, 10))",ASI,TOP3000,NONE,0,1,P1Y,0.01,ON,OFF
FullTest_5143,"Rank(Ts_Rank(volume, 10))",ASI,TOP3000,NONE,0,1,P1Y,0.01,OFF,ON
FullTest_5144,"Rank(Ts_Rank(volume, 10))",ASI,TOP3000,NONE,0,1,P1Y,0.01,OFF,OFF
FullTest_5145,"Rank(Ts_Rank(volume, 10))",ASI,TOP3000,NONE,0,1,P2Y,0.08,ON,ON
FullTest_5146,"Rank(Ts_Rank(volume, 10))",ASI,TOP3000,NONE,0,1,P2Y,0.08,ON,OFF
FullTest_5147,"Rank(Ts_Rank(volume, 10))",ASI,TOP3000,NONE,0,1,P2Y,0.08,OFF,ON
FullTest_5148,"Rank(Ts_Rank(volume, 10))",ASI,TOP3000,NONE,0,1,P2Y,0.08,OFF,OFF
FullTest_5149,"Rank(Ts_Rank(volume, 10))",ASI,TOP3000,NONE,0,1,P2Y,0.01,ON,ON
FullTest_5150,"Rank(Ts_Rank(volume, 10))",ASI,TOP3000,NONE,0,1,P2Y,0.01,ON,OFF
FullTest_5151,"Rank(Ts_Rank(volume, 10))",ASI,TOP3000,NONE,0,1,P2Y,0.01,OFF,ON
FullTest_5152,"Rank(Ts_Rank(volume, 10))",ASI,TOP3000,NONE,0,1,P2Y,0.01,OFF,OFF
FullTest_5153,"Rank(Ts_Rank(volume, 10))",ASI,TOP3000,NONE,5,0,P1Y,0.08,ON,ON
FullTest_5154,"Rank(Ts_Rank(volume, 10))",ASI,TOP3000,NONE,5,0,P1Y,0.08,ON,OFF
FullTest_5155,"Rank(Ts_Rank(volume, 10))",ASI,TOP3000,NONE,5,0,P1Y,0.08,OFF,ON
FullTest_5156,"Rank(Ts_Rank(volume, 10))",ASI,TOP3000,NONE,5,0,P1Y,0.08,OFF,OFF
FullTest_5157,"Rank(Ts_Rank(volume, 10))",ASI,TOP3000,NONE,5,0,P1Y,0.01,ON,ON
FullTest_5158,"Rank(Ts_Rank(volume, 10))",ASI,TOP3000,NONE,5,0,P1Y,0.01,ON,OFF
FullTest_5159,"Rank(Ts_Rank(volume, 10))",ASI,TOP3000,NONE,5,0,P1Y,0.01,OFF,ON
FullTest_5160,"Rank(Ts_Rank(volume, 10))",ASI,TOP3000,NONE,5,0,P1Y,0.01,OFF,OFF
FullTest_5161,"Rank(Ts_Rank(volume, 10))",ASI,TOP3000,NONE,5,0,P2Y,0.08,ON,ON
FullTest_5162,"Rank(Ts_Rank(volume, 10))",ASI,TOP3000,NONE,5,0,P2Y,0.08,ON,OFF
FullTest_5163,"Rank(Ts_Rank(volume, 10))",ASI,TOP3000,NONE,5,0,P2Y,0.08,OFF,ON
FullTest_5164,"Rank(Ts_Rank(volume, 10))",ASI,TOP3000,NONE,5,0,P2Y,0.08,OFF,OFF
FullTest_5165,"Rank(Ts_Rank(volume, 10))",ASI,TOP3000,NONE,5,0,P2Y,0.01,ON,ON
FullTest_5166,"Rank(Ts_Rank(volume, 10))",ASI,TOP3000,NONE,5,0,P2Y,0.01,ON,OFF
FullTest_5167,"Rank(Ts_Rank(volume, 10))",ASI,TOP3000,NONE,5,0,P2Y,0.01,OFF,ON
FullTest_5168,"Rank(Ts_Rank(volume, 10))",ASI,TOP3000,NONE,5,0,P2Y,0.01,OFF,OFF
FullTest_5169,"Rank(Ts_Rank(volume, 10))",ASI,TOP3000,NONE,5,1,P1Y,0.08,ON,ON
FullTest_5170,"Rank(Ts_Rank(volume, 10))",ASI,TOP3000,NONE,5,1,P1Y,0.08,ON,OFF
FullTest_5171,"Rank(Ts_Rank(volume, 10))",ASI,TOP3000,NONE,5,1,P1Y,0.08,OFF,ON
FullTest_5172,"Rank(Ts_Rank(volume, 10))",ASI,TOP3000,NONE,5,1,P1Y,0.08,OFF,OFF
FullTest_5173,"Rank(Ts_Rank(volume, 10))",ASI,TOP3000,NONE,5,1,P1Y,0.01,ON,ON
FullTest_5174,"Rank(Ts_Rank(volume, 10))",ASI,TOP3000,NONE,5,1,P1Y,0.01,ON,OFF
FullTest_5175,"Rank(Ts_Rank(volume, 10))",ASI,TOP3000,NONE,5,1,P1Y,0.01,OFF,ON
FullTest_5176,"Rank(Ts_Rank(volume, 10))",ASI,TOP3000,NONE,5,1,P1Y,0.01,OFF,OFF
FullTest_5177,"Rank(Ts_Rank(volume, 10))",ASI,TOP3000,NONE,5,1,P2Y,0.08,ON,ON
FullTest_5178,"Rank(Ts_Rank(volume, 10))",ASI,TOP3000,NONE,5,1,P2Y,0.08,ON,OFF
FullTest_5179,"Rank(Ts_Rank(volume, 10))",ASI,TOP3000,NONE,5,1,P2Y,0.08,OFF,ON
FullTest_5180,"Rank(Ts_Rank(volume, 10))",ASI,TOP3000,NONE,5,1,P2Y,0.08,OFF,OFF
FullTest_5181,"Rank(Ts_Rank(volume, 10))",ASI,TOP3000,NONE,5,1,P2Y,0.01,ON,ON
FullTest_5182,"Rank(Ts_Rank(volume, 10))",ASI,TOP3000,NONE,5,1,P2Y,0.01,ON,OFF
FullTest_5183,"Rank(Ts_Rank(volume, 10))",ASI,TOP3000,NONE,5,1,P2Y,0.01,OFF,ON
FullTest_5184,"Rank(Ts_Rank(volume, 10))",ASI,TOP3000,NONE,5,1,P2Y,0.01,OFF,OFF
FullTest_5185,"Rank(Ts_Rank(volume, 10))",ASI,MINVOL3M,INDUSTRY,0,0,P1Y,0.08,ON,ON
FullTest_5186,"Rank(Ts_Rank(volume, 10))",ASI,MINVOL3M,INDUSTRY,0,0,P1Y,0.08,ON,OFF
FullTest_5187,"Rank(Ts_Rank(volume, 10))",ASI,MINVOL3M,INDUSTRY,0,0,P1Y,0.08,OFF,ON
FullTest_5188,"Rank(Ts_Rank(volume, 10))",ASI,MINVOL3M,INDUSTRY,0,0,P1Y,0.08,OFF,OFF
FullTest_5189,"Rank(Ts_Rank(volume, 10))",ASI,MINVOL3M,INDUSTRY,0,0,P1Y,0.01,ON,ON
FullTest_5190,"Rank(Ts_Rank(volume, 10))",ASI,MINVOL3M,INDUSTRY,0,0,P1Y,0.01,ON,OFF
FullTest_5191,"Rank(Ts_Rank(volume, 10))",ASI,MINVOL3M,INDUSTRY,0,0,P1Y,0.01,OFF,ON
FullTest_5192,"Rank(Ts_Rank(volume, 10))",ASI,MINVOL3M,INDUSTRY,0,0,P1Y,0.01,OFF,OFF
FullTest_5193,"Rank(Ts_Rank(volume, 10))",ASI,MINVOL3M,INDUSTRY,0,0,P2Y,0.08,ON,ON
FullTest_5194,"Rank(Ts_Rank(volume, 10))",ASI,MINVOL3M,INDUSTRY,0,0,P2Y,0.08,ON,OFF
FullTest_5195,"Rank(Ts_Rank(volume, 10))",ASI,MINVOL3M,INDUSTRY,0,0,P2Y,0.08,OFF,ON
FullTest_5196,"Rank(Ts_Rank(volume, 10))",ASI,MINVOL3M,INDUSTRY,0,0,P2Y,0.08,OFF,OFF
FullTest_5197,"Rank(Ts_Rank(volume, 10))",ASI,MINVOL3M,INDUSTRY,0,0,P2Y,0.01,ON,ON
FullTest_5198,"Rank(Ts_Rank(volume, 10))",ASI,MINVOL3M,INDUSTRY,0,0,P2Y,0.01,ON,OFF
FullTest_5199,"Rank(Ts_Rank(volume, 10))",ASI,MINVOL3M,INDUSTRY,0,0,P2Y,0.01,OFF,ON
FullTest_5200,"Rank(Ts_Rank(volume, 10))",ASI,MINVOL3M,INDUSTRY,0,0,P2Y,0.01,OFF,OFF
FullTest_5201,"Rank(Ts_Rank(volume, 10))",ASI,MINVOL3M,INDUSTRY,0,1,P1Y,0.08,ON,ON
FullTest_5202,"Rank(Ts_Rank(volume, 10))",ASI,MINVOL3M,INDUSTRY,0,1,P1Y,0.08,ON,OFF
FullTest_5203,"Rank(Ts_Rank(volume, 10))",ASI,MINVOL3M,INDUSTRY,0,1,P1Y,0.08,OFF,ON
FullTest_5204,"Rank(Ts_Rank(volume, 10))",ASI,MINVOL3M,INDUSTRY,0,1,P1Y,0.08,OFF,OFF
FullTest_5205,"Rank(Ts_Rank(volume, 10))",ASI,MINVOL3M,INDUSTRY,0,1,P1Y,0.01,ON,ON
FullTest_5206,"Rank(Ts_Rank(volume, 10))",ASI,MINVOL3M,INDUSTRY,0,1,P1Y,0.01,ON,OFF
FullTest_5207,"Rank(Ts_Rank(volume, 10))",ASI,MINVOL3M,INDUSTRY,0,1,P1Y,0.01,OFF,ON
FullTest_5208,"Rank(Ts_Rank(volume, 10))",ASI,MINVOL3M,INDUSTRY,0,1,P1Y,0.01,OFF,OFF
FullTest_5209,"Rank(Ts_Rank(volume, 10))",ASI,MINVOL3M,INDUSTRY,0,1,P2Y,0.08,ON,ON
FullTest_5210,"Rank(Ts_Rank(volume, 10))",ASI,MINVOL3M,INDUSTRY,0,1,P2Y,0.08,ON,OFF
FullTest_5211,"Rank(Ts_Rank(volume, 10))",ASI,MINVOL3M,INDUSTRY,0,1,P2Y,0.08,OFF,ON
FullTest_5212,"Rank(Ts_Rank(volume, 10))",ASI,MINVOL3M,INDUSTRY,0,1,P2Y,0.08,OFF,OFF
FullTest_5213,"Rank(Ts_Rank(volume, 10))",ASI,MINVOL3M,INDUSTRY,0,1,P2Y,0.01,ON,ON
FullTest_5214,"Rank(Ts_Rank(volume, 10))",ASI,MINVOL3M,INDUSTRY,0,1,P2Y,0.01,ON,OFF
FullTest_5215,"Rank(Ts_Rank(volume, 10))",ASI,MINVOL3M,INDUSTRY,0,1,P2Y,0.01,OFF,ON
FullTest_5216,"Rank(Ts_Rank(volume, 10))",ASI,MINVOL3M,INDUSTRY,0,1,P2Y,0.01,OFF,OFF
FullTest_5217,"Rank(Ts_Rank(volume, 10))",ASI,MINVOL3M,INDUSTRY,5,0,P1Y,0.08,ON,ON
FullTest_5218,"Rank(Ts_Rank(volume, 10))",ASI,MINVOL3M,INDUSTRY,5,0,P1Y,0.08,ON,OFF
FullTest_5219,"Rank(Ts_Rank(volume, 10))",ASI,MINVOL3M,INDUSTRY,5,0,P1Y,0.08,OFF,ON
FullTest_5220,"Rank(Ts_Rank(volume, 10))",ASI,MINVOL3M,INDUSTRY,5,0,P1Y,0.08,OFF,OFF
FullTest_5221,"Rank(Ts_Rank(volume, 10))",ASI,MINVOL3M,INDUSTRY,5,0,P1Y,0.01,ON,ON
FullTest_5222,"Rank(Ts_Rank(volume, 10))",ASI,MINVOL3M,INDUSTRY,5,0,P1Y,0.01,ON,OFF
FullTest_5223,"Rank(Ts_Rank(volume, 10))",ASI,MINVOL3M,INDUSTRY,5,0,P1Y,0.01,OFF,ON
FullTest_5224,"Rank(Ts_Rank(volume, 10))",ASI,MINVOL3M,INDUSTRY,5,0,P1Y,0.01,OFF,OFF
FullTest_5225,"Rank(Ts_Rank(volume, 10))",ASI,MINVOL3M,INDUSTRY,5,0,P2Y,0.08,ON,ON
FullTest_5226,"Rank(Ts_Rank(volume, 10))",ASI,MINVOL3M,INDUSTRY,5,0,P2Y,0.08,ON,OFF
FullTest_5227,"Rank(Ts_Rank(volume, 10))",ASI,MINVOL3M,INDUSTRY,5,0,P2Y,0.08,OFF,ON
FullTest_5228,"Rank(Ts_Rank(volume, 10))",ASI,MINVOL3M,INDUSTRY,5,0,P2Y,0.08,OFF,OFF
FullTest_5229,"Rank(Ts_Rank(volume, 10))",ASI,MINVOL3M,INDUSTRY,5,0,P2Y,0.01,ON,ON
FullTest_5230,"Rank(Ts_Rank(volume, 10))",ASI,MINVOL3M,INDUSTRY,5,0,P2Y,0.01,ON,OFF
FullTest_5231,"Rank(Ts_Rank(volume, 10))",ASI,MINVOL3M,INDUSTRY,5,0,P2Y,0.01,OFF,ON
FullTest_5232,"Rank(Ts_Rank(volume, 10))",ASI,MINVOL3M,INDUSTRY,5,0,P2Y,0.01,OFF,OFF
FullTest_5233,"Rank(Ts_Rank(volume, 10))",ASI,MINVOL3M,INDUSTRY,5,1,P1Y,0.08,ON,ON
FullTest_5234,"Rank(Ts_Rank(volume, 10))",ASI,MINVOL3M,INDUSTRY,5,1,P1Y,0.08,ON,OFF
FullTest_5235,"Rank(Ts_Rank(volume, 10))",ASI,MINVOL3M,INDUSTRY,5,1,P1Y,0.08,OFF,ON
FullTest_5236,"Rank(Ts_Rank(volume, 10))",ASI,MINVOL3M,INDUSTRY,5,1,P1Y,0.08,OFF,OFF
FullTest_5237,"Rank(Ts_Rank(volume, 10))",ASI,MINVOL3M,INDUSTRY,5,1,P1Y,0.01,ON,ON
FullTest_5238,"Rank(Ts_Rank(volume, 10))",ASI,MINVOL3M,INDUSTRY,5,1,P1Y,0.01,ON,OFF
FullTest_5239,"Rank(Ts_Rank(volume, 10))",ASI,MINVOL3M,INDUSTRY,5,1,P1Y,0.01,OFF,ON
FullTest_5240,"Rank(Ts_Rank(volume, 10))",ASI,MINVOL3M,INDUSTRY,5,1,P1Y,0.01,OFF,OFF
FullTest_5241,"Rank(Ts_Rank(volume, 10))",ASI,MINVOL3M,INDUSTRY,5,1,P2Y,0.08,ON,ON
FullTest_5242,"Rank(Ts_Rank(volume, 10))",ASI,MINVOL3M,INDUSTRY,5,1,P2Y,0.08,ON,OFF
FullTest_5243,"Rank(Ts_Rank(volume, 10))",ASI,MINVOL3M,INDUSTRY,5,1,P2Y,0.08,OFF,ON
FullTest_5244,"Rank(Ts_Rank(volume, 10))",ASI,MINVOL3M,INDUSTRY,5,1,P2Y,0.08,OFF,OFF
FullTest_5245,"Rank(Ts_Rank(volume, 10))",ASI,MINVOL3M,INDUSTRY,5,1,P2Y,0.01,ON,ON
FullTest_5246,"Rank(Ts_Rank(volume, 10))",ASI,MINVOL3M,INDUSTRY,5,1,P2Y,0.01,ON,OFF
FullTest_5247,"Rank(Ts_Rank(volume, 10))",ASI,MINVOL3M,INDUSTRY,5,1,P2Y,0.01,OFF,ON
FullTest_5248,"Rank(Ts_Rank(volume, 10))",ASI,MINVOL3M,INDUSTRY,5,1,P2Y,0.01,OFF,OFF
FullTest_5249,"Rank(Ts_Rank(volume, 10))",ASI,MINVOL3M,MARKET,0,0,P1Y,0.08,ON,ON
FullTest_5250,"Rank(Ts_Rank(volume, 10))",ASI,MINVOL3M,MARKET,0,0,P1Y,0.08,ON,OFF
FullTest_5251,"Rank(Ts_Rank(volume, 10))",ASI,MINVOL3M,MARKET,0,0,P1Y,0.08,OFF,ON
FullTest_5252,"Rank(Ts_Rank(volume, 10))",ASI,MINVOL3M,MARKET,0,0,P1Y,0.08,OFF,OFF
FullTest_5253,"Rank(Ts_Rank(volume, 10))",ASI,MINVOL3M,MARKET,0,0,P1Y,0.01,ON,ON
FullTest_5254,"Rank(Ts_Rank(volume, 10))",ASI,MINVOL3M,MARKET,0,0,P1Y,0.01,ON,OFF
FullTest_5255,"Rank(Ts_Rank(volume, 10))",ASI,MINVOL3M,MARKET,0,0,P1Y,0.01,OFF,ON
FullTest_5256,"Rank(Ts_Rank(volume, 10))",ASI,MINVOL3M,MARKET,0,0,P1Y,0.01,OFF,OFF
FullTest_5257,"Rank(Ts_Rank(volume, 10))",ASI,MINVOL3M,MARKET,0,0,P2Y,0.08,ON,ON
FullTest_5258,"Rank(Ts_Rank(volume, 10))",ASI,MINVOL3M,MARKET,0,0,P2Y,0.08,ON,OFF
FullTest_5259,"Rank(Ts_Rank(volume, 10))",ASI,MINVOL3M,MARKET,0,0,P2Y,0.08,OFF,ON
FullTest_5260,"Rank(Ts_Rank(volume, 10))",ASI,MINVOL3M,MARKET,0,0,P2Y,0.08,OFF,OFF
FullTest_5261,"Rank(Ts_Rank(volume, 10))",ASI,MINVOL3M,MARKET,0,0,P2Y,0.01,ON,ON
FullTest_5262,"Rank(Ts_Rank(volume, 10))",ASI,MINVOL3M,MARKET,0,0,P2Y,0.01,ON,OFF
FullTest_5263,"Rank(Ts_Rank(volume, 10))",ASI,MINVOL3M,MARKET,0,0,P2Y,0.01,OFF,ON
FullTest_5264,"Rank(Ts_Rank(volume, 10))",ASI,MINVOL3M,MARKET,0,0,P2Y,0.01,OFF,OFF
FullTest_5265,"Rank(Ts_Rank(volume, 10))",ASI,MINVOL3M,MARKET,0,1,P1Y,0.08,ON,ON
FullTest_5266,"Rank(Ts_Rank(volume, 10))",ASI,MINVOL3M,MARKET,0,1,P1Y,0.08,ON,OFF
FullTest_5267,"Rank(Ts_Rank(volume, 10))",ASI,MINVOL3M,MARKET,0,1,P1Y,0.08,OFF,ON
FullTest_5268,"Rank(Ts_Rank(volume, 10))",ASI,MINVOL3M,MARKET,0,1,P1Y,0.08,OFF,OFF
FullTest_5269,"Rank(Ts_Rank(volume, 10))",ASI,MINVOL3M,MARKET,0,1,P1Y,0.01,ON,ON
FullTest_5270,"Rank(Ts_Rank(volume, 10))",ASI,MINVOL3M,MARKET,0,1,P1Y,0.01,ON,OFF
FullTest_5271,"Rank(Ts_Rank(volume, 10))",ASI,MINVOL3M,MARKET,0,1,P1Y,0.01,OFF,ON
FullTest_5272,"Rank(Ts_Rank(volume, 10))",ASI,MINVOL3M,MARKET,0,1,P1Y,0.01,OFF,OFF
FullTest_5273,"Rank(Ts_Rank(volume, 10))",ASI,MINVOL3M,MARKET,0,1,P2Y,0.08,ON,ON
FullTest_5274,"Rank(Ts_Rank(volume, 10))",ASI,MINVOL3M,MARKET,0,1,P2Y,0.08,ON,OFF
FullTest_5275,"Rank(Ts_Rank(volume, 10))",ASI,MINVOL3M,MARKET,0,1,P2Y,0.08,OFF,ON
FullTest_5276,"Rank(Ts_Rank(volume, 10))",ASI,MINVOL3M,MARKET,0,1,P2Y,0.08,OFF,OFF
FullTest_5277,"Rank(Ts_Rank(volume, 10))",ASI,MINVOL3M,MARKET,0,1,P2Y,0.01,ON,ON
FullTest_5278,"Rank(Ts_Rank(volume, 10))",ASI,MINVOL3M,MARKET,0,1,P2Y,0.01,ON,OFF
FullTest_5279,"Rank(Ts_Rank(volume, 10))",ASI,MINVOL3M,MARKET,0,1,P2Y,0.01,OFF,ON
FullTest_5280,"Rank(Ts_Rank(volume, 10))",ASI,MINVOL3M,MARKET,0,1,P2Y,0.01,OFF,OFF
FullTest_5281,"Rank(Ts_Rank(volume, 10))",ASI,MINVOL3M,MARKET,5,0,P1Y,0.08,ON,ON
FullTest_5282,"Rank(Ts_Rank(volume, 10))",ASI,MINVOL3M,MARKET,5,0,P1Y,0.08,ON,OFF
FullTest_5283,"Rank(Ts_Rank(volume, 10))",ASI,MINVOL3M,MARKET,5,0,P1Y,0.08,OFF,ON
FullTest_5284,"Rank(Ts_Rank(volume, 10))",ASI,MINVOL3M,MARKET,5,0,P1Y,0.08,OFF,OFF
FullTest_5285,"Rank(Ts_Rank(volume, 10))",ASI,MINVOL3M,MARKET,5,0,P1Y,0.01,ON,ON
FullTest_5286,"Rank(Ts_Rank(volume, 10))",ASI,MINVOL3M,MARKET,5,0,P1Y,0.01,ON,OFF
FullTest_5287,"Rank(Ts_Rank(volume, 10))",ASI,MINVOL3M,MARKET,5,0,P1Y,0.01,OFF,ON
FullTest_5288,"Rank(Ts_Rank(volume, 10))",ASI,MINVOL3M,MARKET,5,0,P1Y,0.01,OFF,OFF
FullTest_5289,"Rank(Ts_Rank(volume, 10))",ASI,MINVOL3M,MARKET,5,0,P2Y,0.08,ON,ON
FullTest_5290,"Rank(Ts_Rank(volume, 10))",ASI,MINVOL3M,MARKET,5,0,P2Y,0.08,ON,OFF
FullTest_5291,"Rank(Ts_Rank(volume, 10))",ASI,MINVOL3M,MARKET,5,0,P2Y,0.08,OFF,ON
FullTest_5292,"Rank(Ts_Rank(volume, 10))",ASI,MINVOL3M,MARKET,5,0,P2Y,0.08,OFF,OFF
FullTest_5293,"Rank(Ts_Rank(volume, 10))",ASI,MINVOL3M,MARKET,5,0,P2Y,0.01,ON,ON
FullTest_5294,"Rank(Ts_Rank(volume, 10))",ASI,MINVOL3M,MARKET,5,0,P2Y,0.01,ON,OFF
FullTest_5295,"Rank(Ts_Rank(volume, 10))",ASI,MINVOL3M,MARKET,5,0,P2Y,0.01,OFF,ON
FullTest_5296,"Rank(Ts_Rank(volume, 10))",ASI,MINVOL3M,MARKET,5,0,P2Y,0.01,OFF,OFF
FullTest_5297,"Rank(Ts_Rank(volume, 10))",ASI,MINVOL3M,MARKET,5,1,P1Y,0.08,ON,ON
FullTest_5298,"Rank(Ts_Rank(volume, 10))",ASI,MINVOL3M,MARKET,5,1,P1Y,0.08,ON,OFF
FullTest_5299,"Rank(Ts_Rank(volume, 10))",ASI,MINVOL3M,MARKET,5,1,P1Y,0.08,OFF,ON
FullTest_5300,"Rank(Ts_Rank(volume, 10))",ASI,MINVOL3M,MARKET,5,1,P1Y,0.08,OFF,OFF
FullTest_5301,"Rank(Ts_Rank(volume, 10))",ASI,MINVOL3M,MARKET,5,1,P1Y,0.01,ON,ON
FullTest_5302,"Rank(Ts_Rank(volume, 10))",ASI,MINVOL3M,MARKET,5,1,P1Y,0.01,ON,OFF
FullTest_5303,"Rank(Ts_Rank(volume, 10))",ASI,MINVOL3M,MARKET,5,1,P1Y,0.01,OFF,ON
FullTest_5304,"Rank(Ts_Rank(volume, 10))",ASI,MINVOL3M,MARKET,5,1,P1Y,0.01,OFF,OFF
FullTest_5305,"Rank(Ts_Rank(volume, 10))",ASI,MINVOL3M,MARKET,5,1,P2Y,0.08,ON,ON
FullTest_5306,"Rank(Ts_Rank(volume, 10))",ASI,MINVOL3M,MARKET,5,1,P2Y,0.08,ON,OFF
FullTest_5307,"Rank(Ts_Rank(volume, 10))",ASI,MINVOL3M,MARKET,5,1,P2Y,0.08,OFF,ON
FullTest_5308,"Rank(Ts_Rank(volume, 10))",ASI,MINVOL3M,MARKET,5,1,P2Y,0.08,OFF,OFF
FullTest_5309,"Rank(Ts_Rank(volume, 10))",ASI,MINVOL3M,MARKET,5,1,P2Y,0.01,ON,ON
FullTest_5310,"Rank(Ts_Rank(volume, 10))",ASI,MINVOL3M,MARKET,5,1,P2Y,0.01,ON,OFF
FullTest_5311,"Rank(Ts_Rank(volume, 10))",ASI,MINVOL3M,MARKET,5,1,P2Y,0.01,OFF,ON
FullTest_5312,"Rank(Ts_Rank(volume, 10))",ASI,MINVOL3M,MARKET,5,1,P2Y,0.01,OFF,OFF
FullTest_5313,"Rank(Ts_Rank(volume, 10))",ASI,MINVOL3M,NONE,0,0,P1Y,0.08,ON,ON
FullTest_5314,"Rank(Ts_Rank(volume, 10))",ASI,MINVOL3M,NONE,0,0,P1Y,0.08,ON,OFF
FullTest_5315,"Rank(Ts_Rank(volume, 10))",ASI,MINVOL3M,NONE,0,0,P1Y,0.08,OFF,ON
FullTest_5316,"Rank(Ts_Rank(volume, 10))",ASI,MINVOL3M,NONE,0,0,P1Y,0.08,OFF,OFF
FullTest_5317,"Rank(Ts_Rank(volume, 10))",ASI,MINVOL3M,NONE,0,0,P1Y,0.01,ON,ON
FullTest_5318,"Rank(Ts_Rank(volume, 10))",ASI,MINVOL3M,NONE,0,0,P1Y,0.01,ON,OFF
FullTest_5319,"Rank(Ts_Rank(volume, 10))",ASI,MINVOL3M,NONE,0,0,P1Y,0.01,OFF,ON
FullTest_5320,"Rank(Ts_Rank(volume, 10))",ASI,MINVOL3M,NONE,0,0,P1Y,0.01,OFF,OFF
FullTest_5321,"Rank(Ts_Rank(volume, 10))",ASI,MINVOL3M,NONE,0,0,P2Y,0.08,ON,ON
FullTest_5322,"Rank(Ts_Rank(volume, 10))",ASI,MINVOL3M,NONE,0,0,P2Y,0.08,ON,OFF
FullTest_5323,"Rank(Ts_Rank(volume, 10))",ASI,MINVOL3M,NONE,0,0,P2Y,0.08,OFF,ON
FullTest_5324,"Rank(Ts_Rank(volume, 10))",ASI,MINVOL3M,NONE,0,0,P2Y,0.08,OFF,OFF
FullTest_5325,"Rank(Ts_Rank(volume, 10))",ASI,MINVOL3M,NONE,0,0,P2Y,0.01,ON,ON
FullTest_5326,"Rank(Ts_Rank(volume, 10))",ASI,MINVOL3M,NONE,0,0,P2Y,0.01,ON,OFF
FullTest_5327,"Rank(Ts_Rank(volume, 10))",ASI,MINVOL3M,NONE,0,0,P2Y,0.01,OFF,ON
FullTest_5328,"Rank(Ts_Rank(volume, 10))",ASI,MINVOL3M,NONE,0,0,P2Y,0.01,OFF,OFF
FullTest_5329,"Rank(Ts_Rank(volume, 10))",ASI,MINVOL3M,NONE,0,1,P1Y,0.08,ON,ON
FullTest_5330,"Rank(Ts_Rank(volume, 10))",ASI,MINVOL3M,NONE,0,1,P1Y,0.08,ON,OFF
FullTest_5331,"Rank(Ts_Rank(volume, 10))",ASI,MINVOL3M,NONE,0,1,P1Y,0.08,OFF,ON
FullTest_5332,"Rank(Ts_Rank(volume, 10))",ASI,MINVOL3M,NONE,0,1,P1Y,0.08,OFF,OFF
FullTest_5333,"Rank(Ts_Rank(volume, 10))",ASI,MINVOL3M,NONE,0,1,P1Y,0.01,ON,ON
FullTest_5334,"Rank(Ts_Rank(volume, 10))",ASI,MINVOL3M,NONE,0,1,P1Y,0.01,ON,OFF
FullTest_5335,"Rank(Ts_Rank(volume, 10))",ASI,MINVOL3M,NONE,0,1,P1Y,0.01,OFF,ON
FullTest_5336,"Rank(Ts_Rank(volume, 10))",ASI,MINVOL3M,NONE,0,1,P1Y,0.01,OFF,OFF
FullTest_5337,"Rank(Ts_Rank(volume, 10))",ASI,MINVOL3M,NONE,0,1,P2Y,0.08,ON,ON
FullTest_5338,"Rank(Ts_Rank(volume, 10))",ASI,MINVOL3M,NONE,0,1,P2Y,0.08,ON,OFF
FullTest_5339,"Rank(Ts_Rank(volume, 10))",ASI,MINVOL3M,NONE,0,1,P2Y,0.08,OFF,ON
FullTest_5340,"Rank(Ts_Rank(volume, 10))",ASI,MINVOL3M,NONE,0,1,P2Y,0.08,OFF,OFF
FullTest_5341,"Rank(Ts_Rank(volume, 10))",ASI,MINVOL3M,NONE,0,1,P2Y,0.01,ON,ON
FullTest_5342,"Rank(Ts_Rank(volume, 10))",ASI,MINVOL3M,NONE,0,1,P2Y,0.01,ON,OFF
FullTest_5343,"Rank(Ts_Rank(volume, 10))",ASI,MINVOL3M,NONE,0,1,P2Y,0.01,OFF,ON
FullTest_5344,"Rank(Ts_Rank(volume, 10))",ASI,MINVOL3M,NONE,0,1,P2Y,0.01,OFF,OFF
FullTest_5345,"Rank(Ts_Rank(volume, 10))",ASI,MINVOL3M,NONE,5,0,P1Y,0.08,ON,ON
FullTest_5346,"Rank(Ts_Rank(volume, 10))",ASI,MINVOL3M,NONE,5,0,P1Y,0.08,ON,OFF
FullTest_5347,"Rank(Ts_Rank(volume, 10))",ASI,MINVOL3M,NONE,5,0,P1Y,0.08,OFF,ON
FullTest_5348,"Rank(Ts_Rank(volume, 10))",ASI,MINVOL3M,NONE,5,0,P1Y,0.08,OFF,OFF
FullTest_5349,"Rank(Ts_Rank(volume, 10))",ASI,MINVOL3M,NONE,5,0,P1Y,0.01,ON,ON
FullTest_5350,"Rank(Ts_Rank(volume, 10))",ASI,MINVOL3M,NONE,5,0,P1Y,0.01,ON,OFF
FullTest_5351,"Rank(Ts_Rank(volume, 10))",ASI,MINVOL3M,NONE,5,0,P1Y,0.01,OFF,ON
FullTest_5352,"Rank(Ts_Rank(volume, 10))",ASI,MINVOL3M,NONE,5,0,P1Y,0.01,OFF,OFF
FullTest_5353,"Rank(Ts_Rank(volume, 10))",ASI,MINVOL3M,NONE,5,0,P2Y,0.08,ON,ON
FullTest_5354,"Rank(Ts_Rank(volume, 10))",ASI,MINVOL3M,NONE,5,0,P2Y,0.08,ON,OFF
FullTest_5355,"Rank(Ts_Rank(volume, 10))",ASI,MINVOL3M,NONE,5,0,P2Y,0.08,OFF,ON
FullTest_5356,"Rank(Ts_Rank(volume, 10))",ASI,MINVOL3M,NONE,5,0,P2Y,0.08,OFF,OFF
FullTest_5357,"Rank(Ts_Rank(volume, 10))",ASI,MINVOL3M,NONE,5,0,P2Y,0.01,ON,ON
FullTest_5358,"Rank(Ts_Rank(volume, 10))",ASI,MINVOL3M,NONE,5,0,P2Y,0.01,ON,OFF
FullTest_5359,"Rank(Ts_Rank(volume, 10))",ASI,MINVOL3M,NONE,5,0,P2Y,0.01,OFF,ON
FullTest_5360,"Rank(Ts_Rank(volume, 10))",ASI,MINVOL3M,NONE,5,0,P2Y,0.01,OFF,OFF
FullTest_5361,"Rank(Ts_Rank(volume, 10))",ASI,MINVOL3M,NONE,5,1,P1Y,0.08,ON,ON
FullTest_5362,"Rank(Ts_Rank(volume, 10))",ASI,MINVOL3M,NONE,5,1,P1Y,0.08,ON,OFF
FullTest_5363,"Rank(Ts_Rank(volume, 10))",ASI,MINVOL3M,NONE,5,1,P1Y,0.08,OFF,ON
FullTest_5364,"Rank(Ts_Rank(volume, 10))",ASI,MINVOL3M,NONE,5,1,P1Y,0.08,OFF,OFF
FullTest_5365,"Rank(Ts_Rank(volume, 10))",ASI,MINVOL3M,NONE,5,1,P1Y,0.01,ON,ON
FullTest_5366,"Rank(Ts_Rank(volume, 10))",ASI,MINVOL3M,NONE,5,1,P1Y,0.01,ON,OFF
FullTest_5367,"Rank(Ts_Rank(volume, 10))",ASI,MINVOL3M,NONE,5,1,P1Y,0.01,OFF,ON
FullTest_5368,"Rank(Ts_Rank(volume, 10))",ASI,MINVOL3M,NONE,5,1,P1Y,0.01,OFF,OFF
FullTest_5369,"Rank(Ts_Rank(volume, 10))",ASI,MINVOL3M,NONE,5,1,P2Y,0.08,ON,ON
FullTest_5370,"Rank(Ts_Rank(volume, 10))",ASI,MINVOL3M,NONE,5,1,P2Y,0.08,ON,OFF
FullTest_5371,"Rank(Ts_Rank(volume, 10))",ASI,MINVOL3M,NONE,5,1,P2Y,0.08,OFF,ON
FullTest_5372,"Rank(Ts_Rank(volume, 10))",ASI,MINVOL3M,NONE,5,1,P2Y,0.08,OFF,OFF
FullTest_5373,"Rank(Ts_Rank(volume, 10))",ASI,MINVOL3M,NONE,5,1,P2Y,0.01,ON,ON
FullTest_5374,"Rank(Ts_Rank(volume, 10))",ASI,MINVOL3M,NONE,5,1,P2Y,0.01,ON,OFF
FullTest_5375,"Rank(Ts_Rank(volume, 10))",ASI,MINVOL3M,NONE,5,1,P2Y,0.01,OFF,ON
FullTest_5376,"Rank(Ts_Rank(volume, 10))",ASI,MINVOL3M,NONE,5,1,P2Y,0.01,OFF,OFF
FullTest_5377,"Rank(Ts_Rank(volume, 10))",EUR,TOP3000,INDUSTRY,0,0,P1Y,0.08,ON,ON
FullTest_5378,"Rank(Ts_Rank(volume, 10))",EUR,TOP3000,INDUSTRY,0,0,P1Y,0.08,ON,OFF
FullTest_5379,"Rank(Ts_Rank(volume, 10))",EUR,TOP3000,INDUSTRY,0,0,P1Y,0.08,OFF,ON
FullTest_5380,"Rank(Ts_Rank(volume, 10))",EUR,TOP3000,INDUSTRY,0,0,P1Y,0.08,OFF,OFF
FullTest_5381,"Rank(Ts_Rank(volume, 10))",EUR,TOP3000,INDUSTRY,0,0,P1Y,0.01,ON,ON
FullTest_5382,"Rank(Ts_Rank(volume, 10))",EUR,TOP3000,INDUSTRY,0,0,P1Y,0.01,ON,OFF
FullTest_5383,"Rank(Ts_Rank(volume, 10))",EUR,TOP3000,INDUSTRY,0,0,P1Y,0.01,OFF,ON
FullTest_5384,"Rank(Ts_Rank(volume, 10))",EUR,TOP3000,INDUSTRY,0,0,P1Y,0.01,OFF,OFF
FullTest_5385,"Rank(Ts_Rank(volume, 10))",EUR,TOP3000,INDUSTRY,0,0,P2Y,0.08,ON,ON
FullTest_5386,"Rank(Ts_Rank(volume, 10))",EUR,TOP3000,INDUSTRY,0,0,P2Y,0.08,ON,OFF
FullTest_5387,"Rank(Ts_Rank(volume, 10))",EUR,TOP3000,INDUSTRY,0,0,P2Y,0.08,OFF,ON
FullTest_5388,"Rank(Ts_Rank(volume, 10))",EUR,TOP3000,INDUSTRY,0,0,P2Y,0.08,OFF,OFF
FullTest_5389,"Rank(Ts_Rank(volume, 10))",EUR,TOP3000,INDUSTRY,0,0,P2Y,0.01,ON,ON
FullTest_5390,"Rank(Ts_Rank(volume, 10))",EUR,TOP3000,INDUSTRY,0,0,P2Y,0.01,ON,OFF
FullTest_5391,"Rank(Ts_Rank(volume, 10))",EUR,TOP3000,INDUSTRY,0,0,P2Y,0.01,OFF,ON
FullTest_5392,"Rank(Ts_Rank(volume, 10))",EUR,TOP3000,INDUSTRY,0,0,P2Y,0.01,OFF,OFF
FullTest_5393,"Rank(Ts_Rank(volume, 10))",EUR,TOP3000,INDUSTRY,0,1,P1Y,0.08,ON,ON
FullTest_5394,"Rank(Ts_Rank(volume, 10))",EUR,TOP3000,INDUSTRY,0,1,P1Y,0.08,ON,OFF
FullTest_5395,"Rank(Ts_Rank(volume, 10))",EUR,TOP3000,INDUSTRY,0,1,P1Y,0.08,OFF,ON
FullTest_5396,"Rank(Ts_Rank(volume, 10))",EUR,TOP3000,INDUSTRY,0,1,P1Y,0.08,OFF,OFF
FullTest_5397,"Rank(Ts_Rank(volume, 10))",EUR,TOP3000,INDUSTRY,0,1,P1Y,0.01,ON,ON
FullTest_5398,"Rank(Ts_Rank(volume, 10))",EUR,TOP3000,INDUSTRY,0,1,P1Y,0.01,ON,OFF
FullTest_5399,"Rank(Ts_Rank(volume, 10))",EUR,TOP3000,INDUSTRY,0,1,P1Y,0.01,OFF,ON
FullTest_5400,"Rank(Ts_Rank(volume, 10))",EUR,TOP3000,INDUSTRY,0,1,P1Y,0.01,OFF,OFF
FullTest_5401,"Rank(Ts_Rank(volume, 10))",EUR,TOP3000,INDUSTRY,0,1,P2Y,0.08,ON,ON
FullTest_5402,"Rank(Ts_Rank(volume, 10))",EUR,TOP3000,INDUSTRY,0,1,P2Y,0.08,ON,OFF
FullTest_5403,"Rank(Ts_Rank(volume, 10))",EUR,TOP3000,INDUSTRY,0,1,P2Y,0.08,OFF,ON
FullTest_5404,"Rank(Ts_Rank(volume, 10))",EUR,TOP3000,INDUSTRY,0,1,P2Y,0.08,OFF,OFF
FullTest_5405,"Rank(Ts_Rank(volume, 10))",EUR,TOP3000,INDUSTRY,0,1,P2Y,0.01,ON,ON
FullTest_5406,"Rank(Ts_Rank(volume, 10))",EUR,TOP3000,INDUSTRY,0,1,P2Y,0.01,ON,OFF
FullTest_5407,"Rank(Ts_Rank(volume, 10))",EUR,TOP3000,INDUSTRY,0,1,P2Y,0.01,OFF,ON
FullTest_5408,"Rank(Ts_Rank(volume, 10))",EUR,TOP3000,INDUSTRY,0,1,P2Y,0.01,OFF,OFF
FullTest_5409,"Rank(Ts_Rank(volume, 10))",EUR,TOP3000,INDUSTRY,5,0,P1Y,0.08,ON,ON
FullTest_5410,"Rank(Ts_Rank(volume, 10))",EUR,TOP3000,INDUSTRY,5,0,P1Y,0.08,ON,OFF
FullTest_5411,"Rank(Ts_Rank(volume, 10))",EUR,TOP3000,INDUSTRY,5,0,P1Y,0.08,OFF,ON
FullTest_5412,"Rank(Ts_Rank(volume, 10))",EUR,TOP3000,INDUSTRY,5,0,P1Y,0.08,OFF,OFF
FullTest_5413,"Rank(Ts_Rank(volume, 10))",EUR,TOP3000,INDUSTRY,5,0,P1Y,0.01,ON,ON
FullTest_5414,"Rank(Ts_Rank(volume, 10))",EUR,TOP3000,INDUSTRY,5,0,P1Y,0.01,ON,OFF
FullTest_5415,"Rank(Ts_Rank(volume, 10))",EUR,TOP3000,INDUSTRY,5,0,P1Y,0.01,OFF,ON
FullTest_5416,"Rank(Ts_Rank(volume, 10))",EUR,TOP3000,INDUSTRY,5,0,P1Y,0.01,OFF,OFF
FullTest_5417,"Rank(Ts_Rank(volume, 10))",EUR,TOP3000,INDUSTRY,5,0,P2Y,0.08,ON,ON
FullTest_5418,"Rank(Ts_Rank(volume, 10))",EUR,TOP3000,INDUSTRY,5,0,P2Y,0.08,ON,OFF
FullTest_5419,"Rank(Ts_Rank(volume, 10))",EUR,TOP3000,INDUSTRY,5,0,P2Y,0.08,OFF,ON
FullTest_5420,"Rank(Ts_Rank(volume, 10))",EUR,TOP3000,INDUSTRY,5,0,P2Y,0.08,OFF,OFF
FullTest_5421,"Rank(Ts_Rank(volume, 10))",EUR,TOP3000,INDUSTRY,5,0,P2Y,0.01,ON,ON
FullTest_5422,"Rank(Ts_Rank(volume, 10))",EUR,TOP3000,INDUSTRY,5,0,P2Y,0.01,ON,OFF
FullTest_5423,"Rank(Ts_Rank(volume, 10))",EUR,TOP3000,INDUSTRY,5,0,P2Y,0.01,OFF,ON
FullTest_5424,"Rank(Ts_Rank(volume, 10))",EUR,TOP3000,INDUSTRY,5,0,P2Y,0.01,OFF,OFF
FullTest_5425,"Rank(Ts_Rank(volume, 10))",EUR,TOP3000,INDUSTRY,5,1,P1Y,0.08,ON,ON
FullTest_5426,"Rank(Ts_Rank(volume, 10))",EUR,TOP3000,INDUSTRY,5,1,P1Y,0.08,ON,OFF
FullTest_5427,"Rank(Ts_Rank(volume, 10))",EUR,TOP3000,INDUSTRY,5,1,P1Y,0.08,OFF,ON
FullTest_5428,"Rank(Ts_Rank(volume, 10))",EUR,TOP3000,INDUSTRY,5,1,P1Y,0.08,OFF,OFF
FullTest_5429,"Rank(Ts_Rank(volume, 10))",EUR,TOP3000,INDUSTRY,5,1,P1Y,0.01,ON,ON
FullTest_5430,"Rank(Ts_Rank(volume, 10))",EUR,TOP3000,INDUSTRY,5,1,P1Y,0.01,ON,OFF
FullTest_5431,"Rank(Ts_Rank(volume, 10))",EUR,TOP3000,INDUSTRY,5,1,P1Y,0.01,OFF,ON
FullTest_5432,"Rank(Ts_Rank(volume, 10))",EUR,TOP3000,INDUSTRY,5,1,P1Y,0.01,OFF,OFF
FullTest_5433,"Rank(Ts_Rank(volume, 10))",EUR,TOP3000,INDUSTRY,5,1,P2Y,0.08,ON,ON
FullTest_5434,"Rank(Ts_Rank(volume, 10))",EUR,TOP3000,INDUSTRY,5,1,P2Y,0.08,ON,OFF
FullTest_5435,"Rank(Ts_Rank(volume, 10))",EUR,TOP3000,INDUSTRY,5,1,P2Y,0.08,OFF,ON
FullTest_5436,"Rank(Ts_Rank(volume, 10))",EUR,TOP3000,INDUSTRY,5,1,P2Y,0.08,OFF,OFF
FullTest_5437,"Rank(Ts_Rank(volume, 10))",EUR,TOP3000,INDUSTRY,5,1,P2Y,0.01,ON,ON
FullTest_5438,"Rank(Ts_Rank(volume, 10))",EUR,TOP3000,INDUSTRY,5,1,P2Y,0.01,ON,OFF
FullTest_5439,"Rank(Ts_Rank(volume, 10))",EUR,TOP3000,INDUSTRY,5,1,P2Y,0.01,OFF,ON
FullTest_5440,"Rank(Ts_Rank(volume, 10))",EUR,TOP3000,INDUSTRY,5,1,P2Y,0.01,OFF,OFF
FullTest_5441,"Rank(Ts_Rank(volume, 10))",EUR,TOP3000,MARKET,0,0,P1Y,0.08,ON,ON
FullTest_5442,"Rank(Ts_Rank(volume, 10))",EUR,TOP3000,MARKET,0,0,P1Y,0.08,ON,OFF
FullTest_5443,"Rank(Ts_Rank(volume, 10))",EUR,TOP3000,MARKET,0,0,P1Y,0.08,OFF,ON
FullTest_5444,"Rank(Ts_Rank(volume, 10))",EUR,TOP3000,MARKET,0,0,P1Y,0.08,OFF,OFF
FullTest_5445,"Rank(Ts_Rank(volume, 10))",EUR,TOP3000,MARKET,0,0,P1Y,0.01,ON,ON
FullTest_5446,"Rank(Ts_Rank(volume, 10))",EUR,TOP3000,MARKET,0,0,P1Y,0.01,ON,OFF
FullTest_5447,"Rank(Ts_Rank(volume, 10))",EUR,TOP3000,MARKET,0,0,P1Y,0.01,OFF,ON
FullTest_5448,"Rank(Ts_Rank(volume, 10))",EUR,TOP3000,MARKET,0,0,P1Y,0.01,OFF,OFF
FullTest_5449,"Rank(Ts_Rank(volume, 10))",EUR,TOP3000,MARKET,0,0,P2Y,0.08,ON,ON
FullTest_5450,"Rank(Ts_Rank(volume, 10))",EUR,TOP3000,MARKET,0,0,P2Y,0.08,ON,OFF
FullTest_5451,"Rank(Ts_Rank(volume, 10))",EUR,TOP3000,MARKET,0,0,P2Y,0.08,OFF,ON
FullTest_5452,"Rank(Ts_Rank(volume, 10))",EUR,TOP3000,MARKET,0,0,P2Y,0.08,OFF,OFF
FullTest_5453,"Rank(Ts_Rank(volume, 10))",EUR,TOP3000,MARKET,0,0,P2Y,0.01,ON,ON
FullTest_5454,"Rank(Ts_Rank(volume, 10))",EUR,TOP3000,MARKET,0,0,P2Y,0.01,ON,OFF
FullTest_5455,"Rank(Ts_Rank(volume, 10))",EUR,TOP3000,MARKET,0,0,P2Y,0.01,OFF,ON
FullTest_5456,"Rank(Ts_Rank(volume, 10))",EUR,TOP3000,MARKET,0,0,P2Y,0.01,OFF,OFF
FullTest_5457,"Rank(Ts_Rank(volume, 10))",EUR,TOP3000,MARKET,0,1,P1Y,0.08,ON,ON
FullTest_5458,"Rank(Ts_Rank(volume, 10))",EUR,TOP3000,MARKET,0,1,P1Y,0.08,ON,OFF
FullTest_5459,"Rank(Ts_Rank(volume, 10))",EUR,TOP3000,MARKET,0,1,P1Y,0.08,OFF,ON
FullTest_5460,"Rank(Ts_Rank(volume, 10))",EUR,TOP3000,MARKET,0,1,P1Y,0.08,OFF,OFF
FullTest_5461,"Rank(Ts_Rank(volume, 10))",EUR,TOP3000,MARKET,0,1,P1Y,0.01,ON,ON
FullTest_5462,"Rank(Ts_Rank(volume, 10))",EUR,TOP3000,MARKET,0,1,P1Y,0.01,ON,OFF
FullTest_5463,"Rank(Ts_Rank(volume, 10))",EUR,TOP3000,MARKET,0,1,P1Y,0.01,OFF,ON
FullTest_5464,"Rank(Ts_Rank(volume, 10))",EUR,TOP3000,MARKET,0,1,P1Y,0.01,OFF,OFF
FullTest_5465,"Rank(Ts_Rank(volume, 10))",EUR,TOP3000,MARKET,0,1,P2Y,0.08,ON,ON
FullTest_5466,"Rank(Ts_Rank(volume, 10))",EUR,TOP3000,MARKET,0,1,P2Y,0.08,ON,OFF
FullTest_5467,"Rank(Ts_Rank(volume, 10))",EUR,TOP3000,MARKET,0,1,P2Y,0.08,OFF,ON
FullTest_5468,"Rank(Ts_Rank(volume, 10))",EUR,TOP3000,MARKET,0,1,P2Y,0.08,OFF,OFF
FullTest_5469,"Rank(Ts_Rank(volume, 10))",EUR,TOP3000,MARKET,0,1,P2Y,0.01,ON,ON
FullTest_5470,"Rank(Ts_Rank(volume, 10))",EUR,TOP3000,MARKET,0,1,P2Y,0.01,ON,OFF
FullTest_5471,"Rank(Ts_Rank(volume, 10))",EUR,TOP3000,MARKET,0,1,P2Y,0.01,OFF,ON
FullTest_5472,"Rank(Ts_Rank(volume, 10))",EUR,TOP3000,MARKET,0,1,P2Y,0.01,OFF,OFF
FullTest_5473,"Rank(Ts_Rank(volume, 10))",EUR,TOP3000,MARKET,5,0,P1Y,0.08,ON,ON
FullTest_5474,"Rank(Ts_Rank(volume, 10))",EUR,TOP3000,MARKET,5,0,P1Y,0.08,ON,OFF
FullTest_5475,"Rank(Ts_Rank(volume, 10))",EUR,TOP3000,MARKET,5,0,P1Y,0.08,OFF,ON
FullTest_5476,"Rank(Ts_Rank(volume, 10))",EUR,TOP3000,MARKET,5,0,P1Y,0.08,OFF,OFF
FullTest_5477,"Rank(Ts_Rank(volume, 10))",EUR,TOP3000,MARKET,5,0,P1Y,0.01,ON,ON
FullTest_5478,"Rank(Ts_Rank(volume, 10))",EUR,TOP3000,MARKET,5,0,P1Y,0.01,ON,OFF
FullTest_5479,"Rank(Ts_Rank(volume, 10))",EUR,TOP3000,MARKET,5,0,P1Y,0.01,OFF,ON
FullTest_5480,"Rank(Ts_Rank(volume, 10))",EUR,TOP3000,MARKET,5,0,P1Y,0.01,OFF,OFF
FullTest_5481,"Rank(Ts_Rank(volume, 10))",EUR,TOP3000,MARKET,5,0,P2Y,0.08,ON,ON
FullTest_5482,"Rank(Ts_Rank(volume, 10))",EUR,TOP3000,MARKET,5,0,P2Y,0.08,ON,OFF
FullTest_5483,"Rank(Ts_Rank(volume, 10))",EUR,TOP3000,MARKET,5,0,P2Y,0.08,OFF,ON
FullTest_5484,"Rank(Ts_Rank(volume, 10))",EUR,TOP3000,MARKET,5,0,P2Y,0.08,OFF,OFF
FullTest_5485,"Rank(Ts_Rank(volume, 10))",EUR,TOP3000,MARKET,5,0,P2Y,0.01,ON,ON
FullTest_5486,"Rank(Ts_Rank(volume, 10))",EUR,TOP3000,MARKET,5,0,P2Y,0.01,ON,OFF
FullTest_5487,"Rank(Ts_Rank(volume, 10))",EUR,TOP3000,MARKET,5,0,P2Y,0.01,OFF,ON
FullTest_5488,"Rank(Ts_Rank(volume, 10))",EUR,TOP3000,MARKET,5,0,P2Y,0.01,OFF,OFF
FullTest_5489,"Rank(Ts_Rank(volume, 10))",EUR,TOP3000,MARKET,5,1,P1Y,0.08,ON,ON
FullTest_5490,"Rank(Ts_Rank(volume, 10))",EUR,TOP3000,MARKET,5,1,P1Y,0.08,ON,OFF
FullTest_5491,"Rank(Ts_Rank(volume, 10))",EUR,TOP3000,MARKET,5,1,P1Y,0.08,OFF,ON
FullTest_5492,"Rank(Ts_Rank(volume, 10))",EUR,TOP3000,MARKET,5,1,P1Y,0.08,OFF,OFF
FullTest_5493,"Rank(Ts_Rank(volume, 10))",EUR,TOP3000,MARKET,5,1,P1Y,0.01,ON,ON
FullTest_5494,"Rank(Ts_Rank(volume, 10))",EUR,TOP3000,MARKET,5,1,P1Y,0.01,ON,OFF
FullTest_5495,"Rank(Ts_Rank(volume, 10))",EUR,TOP3000,MARKET,5,1,P1Y,0.01,OFF,ON
FullTest_5496,"Rank(Ts_Rank(volume, 10))",EUR,TOP3000,MARKET,5,1,P1Y,0.01,OFF,OFF
FullTest_5497,"Rank(Ts_Rank(volume, 10))",EUR,TOP3000,MARKET,5,1,P2Y,0.08,ON,ON
FullTest_5498,"Rank(Ts_Rank(volume, 10))",EUR,TOP3000,MARKET,5,1,P2Y,0.08,ON,OFF
FullTest_5499,"Rank(Ts_Rank(volume, 10))",EUR,TOP3000,MARKET,5,1,P2Y,0.08,OFF,ON
FullTest_5500,"Rank(Ts_Rank(volume, 10))",EUR,TOP3000,MARKET,5,1,P2Y,0.08,OFF,OFF
FullTest_5501,"Rank(Ts_Rank(volume, 10))",EUR,TOP3000,MARKET,5,1,P2Y,0.01,ON,ON
FullTest_5502,"Rank(Ts_Rank(volume, 10))",EUR,TOP3000,MARKET,5,1,P2Y,0.01,ON,OFF
FullTest_5503,"Rank(Ts_Rank(volume, 10))",EUR,TOP3000,MARKET,5,1,P2Y,0.01,OFF,ON
FullTest_5504,"Rank(Ts_Rank(volume, 10))",EUR,TOP3000,MARKET,5,1,P2Y,0.01,OFF,OFF
FullTest_5505,"Rank(Ts_Rank(volume, 10))",EUR,TOP3000,NONE,0,0,P1Y,0.08,ON,ON
FullTest_5506,"Rank(Ts_Rank(volume, 10))",EUR,TOP3000,NONE,0,0,P1Y,0.08,ON,OFF
FullTest_5507,"Rank(Ts_Rank(volume, 10))",EUR,TOP3000,NONE,0,0,P1Y,0.08,OFF,ON
FullTest_5508,"Rank(Ts_Rank(volume, 10))",EUR,TOP3000,NONE,0,0,P1Y,0.08,OFF,OFF
FullTest_5509,"Rank(Ts_Rank(volume, 10))",EUR,TOP3000,NONE,0,0,P1Y,0.01,ON,ON
FullTest_5510,"Rank(Ts_Rank(volume, 10))",EUR,TOP3000,NONE,0,0,P1Y,0.01,ON,OFF
FullTest_5511,"Rank(Ts_Rank(volume, 10))",EUR,TOP3000,NONE,0,0,P1Y,0.01,OFF,ON
FullTest_5512,"Rank(Ts_Rank(volume, 10))",EUR,TOP3000,NONE,0,0,P1Y,0.01,OFF,OFF
FullTest_5513,"Rank(Ts_Rank(volume, 10))",EUR,TOP3000,NONE,0,0,P2Y,0.08,ON,ON
FullTest_5514,"Rank(Ts_Rank(volume, 10))",EUR,TOP3000,NONE,0,0,P2Y,0.08,ON,OFF
FullTest_5515,"Rank(Ts_Rank(volume, 10))",EUR,TOP3000,NONE,0,0,P2Y,0.08,OFF,ON
FullTest_5516,"Rank(Ts_Rank(volume, 10))",EUR,TOP3000,NONE,0,0,P2Y,0.08,OFF,OFF
FullTest_5517,"Rank(Ts_Rank(volume, 10))",EUR,TOP3000,NONE,0,0,P2Y,0.01,ON,ON
FullTest_5518,"Rank(Ts_Rank(volume, 10))",EUR,TOP3000,NONE,0,0,P2Y,0.01,ON,OFF
FullTest_5519,"Rank(Ts_Rank(volume, 10))",EUR,TOP3000,NONE,0,0,P2Y,0.01,OFF,ON
FullTest_5520,"Rank(Ts_Rank(volume, 10))",EUR,TOP3000,NONE,0,0,P2Y,0.01,OFF,OFF
FullTest_5521,"Rank(Ts_Rank(volume, 10))",EUR,TOP3000,NONE,0,1,P1Y,0.08,ON,ON
FullTest_5522,"Rank(Ts_Rank(volume, 10))",EUR,TOP3000,NONE,0,1,P1Y,0.08,ON,OFF
FullTest_5523,"Rank(Ts_Rank(volume, 10))",EUR,TOP3000,NONE,0,1,P1Y,0.08,OFF,ON
FullTest_5524,"Rank(Ts_Rank(volume, 10))",EUR,TOP3000,NONE,0,1,P1Y,0.08,OFF,OFF
FullTest_5525,"Rank(Ts_Rank(volume, 10))",EUR,TOP3000,NONE,0,1,P1Y,0.01,ON,ON
FullTest_5526,"Rank(Ts_Rank(volume, 10))",EUR,TOP3000,NONE,0,1,P1Y,0.01,ON,OFF
FullTest_5527,"Rank(Ts_Rank(volume, 10))",EUR,TOP3000,NONE,0,1,P1Y,0.01,OFF,ON
FullTest_5528,"Rank(Ts_Rank(volume, 10))",EUR,TOP3000,NONE,0,1,P1Y,0.01,OFF,OFF
FullTest_5529,"Rank(Ts_Rank(volume, 10))",EUR,TOP3000,NONE,0,1,P2Y,0.08,ON,ON
FullTest_5530,"Rank(Ts_Rank(volume, 10))",EUR,TOP3000,NONE,0,1,P2Y,0.08,ON,OFF
FullTest_5531,"Rank(Ts_Rank(volume, 10))",EUR,TOP3000,NONE,0,1,P2Y,0.08,OFF,ON
FullTest_5532,"Rank(Ts_Rank(volume, 10))",EUR,TOP3000,NONE,0,1,P2Y,0.08,OFF,OFF
FullTest_5533,"Rank(Ts_Rank(volume, 10))",EUR,TOP3000,NONE,0,1,P2Y,0.01,ON,ON
FullTest_5534,"Rank(Ts_Rank(volume, 10))",EUR,TOP3000,NONE,0,1,P2Y,0.01,ON,OFF
FullTest_5535,"Rank(Ts_Rank(volume, 10))",EUR,TOP3000,NONE,0,1,P2Y,0.01,OFF,ON
FullTest_5536,"Rank(Ts_Rank(volume, 10))",EUR,TOP3000,NONE,0,1,P2Y,0.01,OFF,OFF
FullTest_5537,"Rank(Ts_Rank(volume, 10))",EUR,TOP3000,NONE,5,0,P1Y,0.08,ON,ON
FullTest_5538,"Rank(Ts_Rank(volume, 10))",EUR,TOP3000,NONE,5,0,P1Y,0.08,ON,OFF
FullTest_5539,"Rank(Ts_Rank(volume, 10))",EUR,TOP3000,NONE,5,0,P1Y,0.08,OFF,ON
FullTest_5540,"Rank(Ts_Rank(volume, 10))",EUR,TOP3000,NONE,5,0,P1Y,0.08,OFF,OFF
FullTest_5541,"Rank(Ts_Rank(volume, 10))",EUR,TOP3000,NONE,5,0,P1Y,0.01,ON,ON
FullTest_5542,"Rank(Ts_Rank(volume, 10))",EUR,TOP3000,NONE,5,0,P1Y,0.01,ON,OFF
FullTest_5543,"Rank(Ts_Rank(volume, 10))",EUR,TOP3000,NONE,5,0,P1Y,0.01,OFF,ON
FullTest_5544,"Rank(Ts_Rank(volume, 10))",EUR,TOP3000,NONE,5,0,P1Y,0.01,OFF,OFF
FullTest_5545,"Rank(Ts_Rank(volume, 10))",EUR,TOP3000,NONE,5,0,P2Y,0.08,ON,ON
FullTest_5546,"Rank(Ts_Rank(volume, 10))",EUR,TOP3000,NONE,5,0,P2Y,0.08,ON,OFF
FullTest_5547,"Rank(Ts_Rank(volume, 10))",EUR,TOP3000,NONE,5,0,P2Y,0.08,OFF,ON
FullTest_5548,"Rank(Ts_Rank(volume, 10))",EUR,TOP3000,NONE,5,0,P2Y,0.08,OFF,OFF
FullTest_5549,"Rank(Ts_Rank(volume, 10))",EUR,TOP3000,NONE,5,0,P2Y,0.01,ON,ON
FullTest_5550,"Rank(Ts_Rank(volume, 10))",EUR,TOP3000,NONE,5,0,P2Y,0.01,ON,OFF
FullTest_5551,"Rank(Ts_Rank(volume, 10))",EUR,TOP3000,NONE,5,0,P2Y,0.01,OFF,ON
FullTest_5552,"Rank(Ts_Rank(volume, 10))",EUR,TOP3000,NONE,5,0,P2Y,0.01,OFF,OFF
FullTest_5553,"Rank(Ts_Rank(volume, 10))",EUR,TOP3000,NONE,5,1,P1Y,0.08,ON,ON
FullTest_5554,"Rank(Ts_Rank(volume, 10))",EUR,TOP3000,NONE,5,1,P1Y,0.08,ON,OFF
FullTest_5555,"Rank(Ts_Rank(volume, 10))",EUR,TOP3000,NONE,5,1,P1Y,0.08,OFF,ON
FullTest_5556,"Rank(Ts_Rank(volume, 10))",EUR,TOP3000,NONE,5,1,P1Y,0.08,OFF,OFF
FullTest_5557,"Rank(Ts_Rank(volume, 10))",EUR,TOP3000,NONE,5,1,P1Y,0.01,ON,ON
FullTest_5558,"Rank(Ts_Rank(volume, 10))",EUR,TOP3000,NONE,5,1,P1Y,0.01,ON,OFF
FullTest_5559,"Rank(Ts_Rank(volume, 10))",EUR,TOP3000,NONE,5,1,P1Y,0.01,OFF,ON
FullTest_5560,"Rank(Ts_Rank(volume, 10))",EUR,TOP3000,NONE,5,1,P1Y,0.01,OFF,OFF
FullTest_5561,"Rank(Ts_Rank(volume, 10))",EUR,TOP3000,NONE,5,1,P2Y,0.08,ON,ON
FullTest_5562,"Rank(Ts_Rank(volume, 10))",EUR,TOP3000,NONE,5,1,P2Y,0.08,ON,OFF
FullTest_5563,"Rank(Ts_Rank(volume, 10))",EUR,TOP3000,NONE,5,1,P2Y,0.08,OFF,ON
FullTest_5564,"Rank(Ts_Rank(volume, 10))",EUR,TOP3000,NONE,5,1,P2Y,0.08,OFF,OFF
FullTest_5565,"Rank(Ts_Rank(volume, 10))",EUR,TOP3000,NONE,5,1,P2Y,0.01,ON,ON
FullTest_5566,"Rank(Ts_Rank(volume, 10))",EUR,TOP3000,NONE,5,1,P2Y,0.01,ON,OFF
FullTest_5567,"Rank(Ts_Rank(volume, 10))",EUR,TOP3000,NONE,5,1,P2Y,0.01,OFF,ON
FullTest_5568,"Rank(Ts_Rank(volume, 10))",EUR,TOP3000,NONE,5,1,P2Y,0.01,OFF,OFF
FullTest_5569,"Rank(Ts_Rank(volume, 10))",EUR,MINVOL3M,INDUSTRY,0,0,P1Y,0.08,ON,ON
FullTest_5570,"Rank(Ts_Rank(volume, 10))",EUR,MINVOL3M,INDUSTRY,0,0,P1Y,0.08,ON,OFF
FullTest_5571,"Rank(Ts_Rank(volume, 10))",EUR,MINVOL3M,INDUSTRY,0,0,P1Y,0.08,OFF,ON
FullTest_5572,"Rank(Ts_Rank(volume, 10))",EUR,MINVOL3M,INDUSTRY,0,0,P1Y,0.08,OFF,OFF
FullTest_5573,"Rank(Ts_Rank(volume, 10))",EUR,MINVOL3M,INDUSTRY,0,0,P1Y,0.01,ON,ON
FullTest_5574,"Rank(Ts_Rank(volume, 10))",EUR,MINVOL3M,INDUSTRY,0,0,P1Y,0.01,ON,OFF
FullTest_5575,"Rank(Ts_Rank(volume, 10))",EUR,MINVOL3M,INDUSTRY,0,0,P1Y,0.01,OFF,ON
FullTest_5576,"Rank(Ts_Rank(volume, 10))",EUR,MINVOL3M,INDUSTRY,0,0,P1Y,0.01,OFF,OFF
FullTest_5577,"Rank(Ts_Rank(volume, 10))",EUR,MINVOL3M,INDUSTRY,0,0,P2Y,0.08,ON,ON
FullTest_5578,"Rank(Ts_Rank(volume, 10))",EUR,MINVOL3M,INDUSTRY,0,0,P2Y,0.08,ON,OFF
FullTest_5579,"Rank(Ts_Rank(volume, 10))",EUR,MINVOL3M,INDUSTRY,0,0,P2Y,0.08,OFF,ON
FullTest_5580,"Rank(Ts_Rank(volume, 10))",EUR,MINVOL3M,INDUSTRY,0,0,P2Y,0.08,OFF,OFF
FullTest_5581,"Rank(Ts_Rank(volume, 10))",EUR,MINVOL3M,INDUSTRY,0,0,P2Y,0.01,ON,ON
FullTest_5582,"Rank(Ts_Rank(volume, 10))",EUR,MINVOL3M,INDUSTRY,0,0,P2Y,0.01,ON,OFF
FullTest_5583,"Rank(Ts_Rank(volume, 10))",EUR,MINVOL3M,INDUSTRY,0,0,P2Y,0.01,OFF,ON
FullTest_5584,"Rank(Ts_Rank(volume, 10))",EUR,MINVOL3M,INDUSTRY,0,0,P2Y,0.01,OFF,OFF
FullTest_5585,"Rank(Ts_Rank(volume, 10))",EUR,MINVOL3M,INDUSTRY,0,1,P1Y,0.08,ON,ON
FullTest_5586,"Rank(Ts_Rank(volume, 10))",EUR,MINVOL3M,INDUSTRY,0,1,P1Y,0.08,ON,OFF
FullTest_5587,"Rank(Ts_Rank(volume, 10))",EUR,MINVOL3M,INDUSTRY,0,1,P1Y,0.08,OFF,ON
FullTest_5588,"Rank(Ts_Rank(volume, 10))",EUR,MINVOL3M,INDUSTRY,0,1,P1Y,0.08,OFF,OFF
FullTest_5589,"Rank(Ts_Rank(volume, 10))",EUR,MINVOL3M,INDUSTRY,0,1,P1Y,0.01,ON,ON
FullTest_5590,"Rank(Ts_Rank(volume, 10))",EUR,MINVOL3M,INDUSTRY,0,1,P1Y,0.01,ON,OFF
FullTest_5591,"Rank(Ts_Rank(volume, 10))",EUR,MINVOL3M,INDUSTRY,0,1,P1Y,0.01,OFF,ON
FullTest_5592,"Rank(Ts_Rank(volume, 10))",EUR,MINVOL3M,INDUSTRY,0,1,P1Y,0.01,OFF,OFF
FullTest_5593,"Rank(Ts_Rank(volume, 10))",EUR,MINVOL3M,INDUSTRY,0,1,P2Y,0.08,ON,ON
FullTest_5594,"Rank(Ts_Rank(volume, 10))",EUR,MINVOL3M,INDUSTRY,0,1,P2Y,0.08,ON,OFF
FullTest_5595,"Rank(Ts_Rank(volume, 10))",EUR,MINVOL3M,INDUSTRY,0,1,P2Y,0.08,OFF,ON
FullTest_5596,"Rank(Ts_Rank(volume, 10))",EUR,MINVOL3M,INDUSTRY,0,1,P2Y,0.08,OFF,OFF
FullTest_5597,"Rank(Ts_Rank(volume, 10))",EUR,MINVOL3M,INDUSTRY,0,1,P2Y,0.01,ON,ON
FullTest_5598,"Rank(Ts_Rank(volume, 10))",EUR,MINVOL3M,INDUSTRY,0,1,P2Y,0.01,ON,OFF
FullTest_5599,"Rank(Ts_Rank(volume, 10))",EUR,MINVOL3M,INDUSTRY,0,1,P2Y,0.01,OFF,ON
FullTest_5600,"Rank(Ts_Rank(volume, 10))",EUR,MINVOL3M,INDUSTRY,0,1,P2Y,0.01,OFF,OFF
FullTest_5601,"Rank(Ts_Rank(volume, 10))",EUR,MINVOL3M,INDUSTRY,5,0,P1Y,0.08,ON,ON
FullTest_5602,"Rank(Ts_Rank(volume, 10))",EUR,MINVOL3M,INDUSTRY,5,0,P1Y,0.08,ON,OFF
FullTest_5603,"Rank(Ts_Rank(volume, 10))",EUR,MINVOL3M,INDUSTRY,5,0,P1Y,0.08,OFF,ON
FullTest_5604,"Rank(Ts_Rank(volume, 10))",EUR,MINVOL3M,INDUSTRY,5,0,P1Y,0.08,OFF,OFF
FullTest_5605,"Rank(Ts_Rank(volume, 10))",EUR,MINVOL3M,INDUSTRY,5,0,P1Y,0.01,ON,ON
FullTest_5606,"Rank(Ts_Rank(volume, 10))",EUR,MINVOL3M,INDUSTRY,5,0,P1Y,0.01,ON,OFF
FullTest_5607,"Rank(Ts_Rank(volume, 10))",EUR,MINVOL3M,INDUSTRY,5,0,P1Y,0.01,OFF,ON
FullTest_5608,"Rank(Ts_Rank(volume, 10))",EUR,MINVOL3M,INDUSTRY,5,0,P1Y,0.01,OFF,OFF
FullTest_5609,"Rank(Ts_Rank(volume, 10))",EUR,MINVOL3M,INDUSTRY,5,0,P2Y,0.08,ON,ON
FullTest_5610,"Rank(Ts_Rank(volume, 10))",EUR,MINVOL3M,INDUSTRY,5,0,P2Y,0.08,ON,OFF
FullTest_5611,"Rank(Ts_Rank(volume, 10))",EUR,MINVOL3M,INDUSTRY,5,0,P2Y,0.08,OFF,ON
FullTest_5612,"Rank(Ts_Rank(volume, 10))",EUR,MINVOL3M,INDUSTRY,5,0,P2Y,0.08,OFF,OFF
FullTest_5613,"Rank(Ts_Rank(volume, 10))",EUR,MINVOL3M,INDUSTRY,5,0,P2Y,0.01,ON,ON
FullTest_5614,"Rank(Ts_Rank(volume, 10))",EUR,MINVOL3M,INDUSTRY,5,0,P2Y,0.01,ON,OFF
FullTest_5615,"Rank(Ts_Rank(volume, 10))",EUR,MINVOL3M,INDUSTRY,5,0,P2Y,0.01,OFF,ON
FullTest_5616,"Rank(Ts_Rank(volume, 10))",EUR,MINVOL3M,INDUSTRY,5,0,P2Y,0.01,OFF,OFF
FullTest_5617,"Rank(Ts_Rank(volume, 10))",EUR,MINVOL3M,INDUSTRY,5,1,P1Y,0.08,ON,ON
FullTest_5618,"Rank(Ts_Rank(volume, 10))",EUR,MINVOL3M,INDUSTRY,5,1,P1Y,0.08,ON,OFF
FullTest_5619,"Rank(Ts_Rank(volume, 10))",EUR,MINVOL3M,INDUSTRY,5,1,P1Y,0.08,OFF,ON
FullTest_5620,"Rank(Ts_Rank(volume, 10))",EUR,MINVOL3M,INDUSTRY,5,1,P1Y,0.08,OFF,OFF
FullTest_5621,"Rank(Ts_Rank(volume, 10))",EUR,MINVOL3M,INDUSTRY,5,1,P1Y,0.01,ON,ON
FullTest_5622,"Rank(Ts_Rank(volume, 10))",EUR,MINVOL3M,INDUSTRY,5,1,P1Y,0.01,ON,OFF
FullTest_5623,"Rank(Ts_Rank(volume, 10))",EUR,MINVOL3M,INDUSTRY,5,1,P1Y,0.01,OFF,ON
FullTest_5624,"Rank(Ts_Rank(volume, 10))",EUR,MINVOL3M,INDUSTRY,5,1,P1Y,0.01,OFF,OFF
FullTest_5625,"Rank(Ts_Rank(volume, 10))",EUR,MINVOL3M,INDUSTRY,5,1,P2Y,0.08,ON,ON
FullTest_5626,"Rank(Ts_Rank(volume, 10))",EUR,MINVOL3M,INDUSTRY,5,1,P2Y,0.08,ON,OFF
FullTest_5627,"Rank(Ts_Rank(volume, 10))",EUR,MINVOL3M,INDUSTRY,5,1,P2Y,0.08,OFF,ON
FullTest_5628,"Rank(Ts_Rank(volume, 10))",EUR,MINVOL3M,INDUSTRY,5,1,P2Y,0.08,OFF,OFF
FullTest_5629,"Rank(Ts_Rank(volume, 10))",EUR,MINVOL3M,INDUSTRY,5,1,P2Y,0.01,ON,ON
FullTest_5630,"Rank(Ts_Rank(volume, 10))",EUR,MINVOL3M,INDUSTRY,5,1,P2Y,0.01,ON,OFF
FullTest_5631,"Rank(Ts_Rank(volume, 10))",EUR,MINVOL3M,INDUSTRY,5,1,P2Y,0.01,OFF,ON
FullTest_5632,"Rank(Ts_Rank(volume, 10))",EUR,MINVOL3M,INDUSTRY,5,1,P2Y,0.01,OFF,OFF
FullTest_5633,"Rank(Ts_Rank(volume, 10))",EUR,MINVOL3M,MARKET,0,0,P1Y,0.08,ON,ON
FullTest_5634,"Rank(Ts_Rank(volume, 10))",EUR,MINVOL3M,MARKET,0,0,P1Y,0.08,ON,OFF
FullTest_5635,"Rank(Ts_Rank(volume, 10))",EUR,MINVOL3M,MARKET,0,0,P1Y,0.08,OFF,ON
FullTest_5636,"Rank(Ts_Rank(volume, 10))",EUR,MINVOL3M,MARKET,0,0,P1Y,0.08,OFF,OFF
FullTest_5637,"Rank(Ts_Rank(volume, 10))",EUR,MINVOL3M,MARKET,0,0,P1Y,0.01,ON,ON
FullTest_5638,"Rank(Ts_Rank(volume, 10))",EUR,MINVOL3M,MARKET,0,0,P1Y,0.01,ON,OFF
FullTest_5639,"Rank(Ts_Rank(volume, 10))",EUR,MINVOL3M,MARKET,0,0,P1Y,0.01,OFF,ON
FullTest_5640,"Rank(Ts_Rank(volume, 10))",EUR,MINVOL3M,MARKET,0,0,P1Y,0.01,OFF,OFF
FullTest_5641,"Rank(Ts_Rank(volume, 10))",EUR,MINVOL3M,MARKET,0,0,P2Y,0.08,ON,ON
FullTest_5642,"Rank(Ts_Rank(volume, 10))",EUR,MINVOL3M,MARKET,0,0,P2Y,0.08,ON,OFF
FullTest_5643,"Rank(Ts_Rank(volume, 10))",EUR,MINVOL3M,MARKET,0,0,P2Y,0.08,OFF,ON
FullTest_5644,"Rank(Ts_Rank(volume, 10))",EUR,MINVOL3M,MARKET,0,0,P2Y,0.08,OFF,OFF
FullTest_5645,"Rank(Ts_Rank(volume, 10))",EUR,MINVOL3M,MARKET,0,0,P2Y,0.01,ON,ON
FullTest_5646,"Rank(Ts_Rank(volume, 10))",EUR,MINVOL3M,MARKET,0,0,P2Y,0.01,ON,OFF
FullTest_5647,"Rank(Ts_Rank(volume, 10))",EUR,MINVOL3M,MARKET,0,0,P2Y,0.01,OFF,ON
FullTest_5648,"Rank(Ts_Rank(volume, 10))",EUR,MINVOL3M,MARKET,0,0,P2Y,0.01,OFF,OFF
FullTest_5649,"Rank(Ts_Rank(volume, 10))",EUR,MINVOL3M,MARKET,0,1,P1Y,0.08,ON,ON
FullTest_5650,"Rank(Ts_Rank(volume, 10))",EUR,MINVOL3M,MARKET,0,1,P1Y,0.08,ON,OFF
FullTest_5651,"Rank(Ts_Rank(volume, 10))",EUR,MINVOL3M,MARKET,0,1,P1Y,0.08,OFF,ON
FullTest_5652,"Rank(Ts_Rank(volume, 10))",EUR,MINVOL3M,MARKET,0,1,P1Y,0.08,OFF,OFF
FullTest_5653,"Rank(Ts_Rank(volume, 10))",EUR,MINVOL3M,MARKET,0,1,P1Y,0.01,ON,ON
FullTest_5654,"Rank(Ts_Rank(volume, 10))",EUR,MINVOL3M,MARKET,0,1,P1Y,0.01,ON,OFF
FullTest_5655,"Rank(Ts_Rank(volume, 10))",EUR,MINVOL3M,MARKET,0,1,P1Y,0.01,OFF,ON
FullTest_5656,"Rank(Ts_Rank(volume, 10))",EUR,MINVOL3M,MARKET,0,1,P1Y,0.01,OFF,OFF
FullTest_5657,"Rank(Ts_Rank(volume, 10))",EUR,MINVOL3M,MARKET,0,1,P2Y,0.08,ON,ON
FullTest_5658,"Rank(Ts_Rank(volume, 10))",EUR,MINVOL3M,MARKET,0,1,P2Y,0.08,ON,OFF
FullTest_5659,"Rank(Ts_Rank(volume, 10))",EUR,MINVOL3M,MARKET,0,1,P2Y,0.08,OFF,ON
FullTest_5660,"Rank(Ts_Rank(volume, 10))",EUR,MINVOL3M,MARKET,0,1,P2Y,0.08,OFF,OFF
FullTest_5661,"Rank(Ts_Rank(volume, 10))",EUR,MINVOL3M,MARKET,0,1,P2Y,0.01,ON,ON
FullTest_5662,"Rank(Ts_Rank(volume, 10))",EUR,MINVOL3M,MARKET,0,1,P2Y,0.01,ON,OFF
FullTest_5663,"Rank(Ts_Rank(volume, 10))",EUR,MINVOL3M,MARKET,0,1,P2Y,0.01,OFF,ON
FullTest_5664,"Rank(Ts_Rank(volume, 10))",EUR,MINVOL3M,MARKET,0,1,P2Y,0.01,OFF,OFF
FullTest_5665,"Rank(Ts_Rank(volume, 10))",EUR,MINVOL3M,MARKET,5,0,P1Y,0.08,ON,ON
FullTest_5666,"Rank(Ts_Rank(volume, 10))",EUR,MINVOL3M,MARKET,5,0,P1Y,0.08,ON,OFF
FullTest_5667,"Rank(Ts_Rank(volume, 10))",EUR,MINVOL3M,MARKET,5,0,P1Y,0.08,OFF,ON
FullTest_5668,"Rank(Ts_Rank(volume, 10))",EUR,MINVOL3M,MARKET,5,0,P1Y,0.08,OFF,OFF
FullTest_5669,"Rank(Ts_Rank(volume, 10))",EUR,MINVOL3M,MARKET,5,0,P1Y,0.01,ON,ON
FullTest_5670,"Rank(Ts_Rank(volume, 10))",EUR,MINVOL3M,MARKET,5,0,P1Y,0.01,ON,OFF
FullTest_5671,"Rank(Ts_Rank(volume, 10))",EUR,MINVOL3M,MARKET,5,0,P1Y,0.01,OFF,ON
FullTest_5672,"Rank(Ts_Rank(volume, 10))",EUR,MINVOL3M,MARKET,5,0,P1Y,0.01,OFF,OFF
FullTest_5673,"Rank(Ts_Rank(volume, 10))",EUR,MINVOL3M,MARKET,5,0,P2Y,0.08,ON,ON
FullTest_5674,"Rank(Ts_Rank(volume, 10))",EUR,MINVOL3M,MARKET,5,0,P2Y,0.08,ON,OFF
FullTest_5675,"Rank(Ts_Rank(volume, 10))",EUR,MINVOL3M,MARKET,5,0,P2Y,0.08,OFF,ON
FullTest_5676,"Rank(Ts_Rank(volume, 10))",EUR,MINVOL3M,MARKET,5,0,P2Y,0.08,OFF,OFF
FullTest_5677,"Rank(Ts_Rank(volume, 10))",EUR,MINVOL3M,MARKET,5,0,P2Y,0.01,ON,ON
FullTest_5678,"Rank(Ts_Rank(volume, 10))",EUR,MINVOL3M,MARKET,5,0,P2Y,0.01,ON,OFF
FullTest_5679,"Rank(Ts_Rank(volume, 10))",EUR,MINVOL3M,MARKET,5,0,P2Y,0.01,OFF,ON
FullTest_5680,"Rank(Ts_Rank(volume, 10))",EUR,MINVOL3M,MARKET,5,0,P2Y,0.01,OFF,OFF
FullTest_5681,"Rank(Ts_Rank(volume, 10))",EUR,MINVOL3M,MARKET,5,1,P1Y,0.08,ON,ON
FullTest_5682,"Rank(Ts_Rank(volume, 10))",EUR,MINVOL3M,MARKET,5,1,P1Y,0.08,ON,OFF
FullTest_5683,"Rank(Ts_Rank(volume, 10))",EUR,MINVOL3M,MARKET,5,1,P1Y,0.08,OFF,ON
FullTest_5684,"Rank(Ts_Rank(volume, 10))",EUR,MINVOL3M,MARKET,5,1,P1Y,0.08,OFF,OFF
FullTest_5685,"Rank(Ts_Rank(volume, 10))",EUR,MINVOL3M,MARKET,5,1,P1Y,0.01,ON,ON
FullTest_5686,"Rank(Ts_Rank(volume, 10))",EUR,MINVOL3M,MARKET,5,1,P1Y,0.01,ON,OFF
FullTest_5687,"Rank(Ts_Rank(volume, 10))",EUR,MINVOL3M,MARKET,5,1,P1Y,0.01,OFF,ON
FullTest_5688,"Rank(Ts_Rank(volume, 10))",EUR,MINVOL3M,MARKET,5,1,P1Y,0.01,OFF,OFF
FullTest_5689,"Rank(Ts_Rank(volume, 10))",EUR,MINVOL3M,MARKET,5,1,P2Y,0.08,ON,ON
FullTest_5690,"Rank(Ts_Rank(volume, 10))",EUR,MINVOL3M,MARKET,5,1,P2Y,0.08,ON,OFF
FullTest_5691,"Rank(Ts_Rank(volume, 10))",EUR,MINVOL3M,MARKET,5,1,P2Y,0.08,OFF,ON
FullTest_5692,"Rank(Ts_Rank(volume, 10))",EUR,MINVOL3M,MARKET,5,1,P2Y,0.08,OFF,OFF
FullTest_5693,"Rank(Ts_Rank(volume, 10))",EUR,MINVOL3M,MARKET,5,1,P2Y,0.01,ON,ON
FullTest_5694,"Rank(Ts_Rank(volume, 10))",EUR,MINVOL3M,MARKET,5,1,P2Y,0.01,ON,OFF
FullTest_5695,"Rank(Ts_Rank(volume, 10))",EUR,MINVOL3M,MARKET,5,1,P2Y,0.01,OFF,ON
FullTest_5696,"Rank(Ts_Rank(volume, 10))",EUR,MINVOL3M,MARKET,5,1,P2Y,0.01,OFF,OFF
FullTest_5697,"Rank(Ts_Rank(volume, 10))",EUR,MINVOL3M,NONE,0,0,P1Y,0.08,ON,ON
FullTest_5698,"Rank(Ts_Rank(volume, 10))",EUR,MINVOL3M,NONE,0,0,P1Y,0.08,ON,OFF
FullTest_5699,"Rank(Ts_Rank(volume, 10))",EUR,MINVOL3M,NONE,0,0,P1Y,0.08,OFF,ON
FullTest_5700,"Rank(Ts_Rank(volume, 10))",EUR,MINVOL3M,NONE,0,0,P1Y,0.08,OFF,OFF
FullTest_5701,"Rank(Ts_Rank(volume, 10))",EUR,MINVOL3M,NONE,0,0,P1Y,0.01,ON,ON
FullTest_5702,"Rank(Ts_Rank(volume, 10))",EUR,MINVOL3M,NONE,0,0,P1Y,0.01,ON,OFF
FullTest_5703,"Rank(Ts_Rank(volume, 10))",EUR,MINVOL3M,NONE,0,0,P1Y,0.01,OFF,ON
FullTest_5704,"Rank(Ts_Rank(volume, 10))",EUR,MINVOL3M,NONE,0,0,P1Y,0.01,OFF,OFF
FullTest_5705,"Rank(Ts_Rank(volume, 10))",EUR,MINVOL3M,NONE,0,0,P2Y,0.08,ON,ON
FullTest_5706,"Rank(Ts_Rank(volume, 10))",EUR,MINVOL3M,NONE,0,0,P2Y,0.08,ON,OFF
FullTest_5707,"Rank(Ts_Rank(volume, 10))",EUR,MINVOL3M,NONE,0,0,P2Y,0.08,OFF,ON
FullTest_5708,"Rank(Ts_Rank(volume, 10))",EUR,MINVOL3M,NONE,0,0,P2Y,0.08,OFF,OFF
FullTest_5709,"Rank(Ts_Rank(volume, 10))",EUR,MINVOL3M,NONE,0,0,P2Y,0.01,ON,ON
FullTest_5710,"Rank(Ts_Rank(volume, 10))",EUR,MINVOL3M,NONE,0,0,P2Y,0.01,ON,OFF
FullTest_5711,"Rank(Ts_Rank(volume, 10))",EUR,MINVOL3M,NONE,0,0,P2Y,0.01,OFF,ON
FullTest_5712,"Rank(Ts_Rank(volume, 10))",EUR,MINVOL3M,NONE,0,0,P2Y,0.01,OFF,OFF
FullTest_5713,"Rank(Ts_Rank(volume, 10))",EUR,MINVOL3M,NONE,0,1,P1Y,0.08,ON,ON
FullTest_5714,"Rank(Ts_Rank(volume, 10))",EUR,MINVOL3M,NONE,0,1,P1Y,0.08,ON,OFF
FullTest_5715,"Rank(Ts_Rank(volume, 10))",EUR,MINVOL3M,NONE,0,1,P1Y,0.08,OFF,ON
FullTest_5716,"Rank(Ts_Rank(volume, 10))",EUR,MINVOL3M,NONE,0,1,P1Y,0.08,OFF,OFF
FullTest_5717,"Rank(Ts_Rank(volume, 10))",EUR,MINVOL3M,NONE,0,1,P1Y,0.01,ON,ON
FullTest_5718,"Rank(Ts_Rank(volume, 10))",EUR,MINVOL3M,NONE,0,1,P1Y,0.01,ON,OFF
FullTest_5719,"Rank(Ts_Rank(volume, 10))",EUR,MINVOL3M,NONE,0,1,P1Y,0.01,OFF,ON
FullTest_5720,"Rank(Ts_Rank(volume, 10))",EUR,MINVOL3M,NONE,0,1,P1Y,0.01,OFF,OFF
FullTest_5721,"Rank(Ts_Rank(volume, 10))",EUR,MINVOL3M,NONE,0,1,P2Y,0.08,ON,ON
FullTest_5722,"Rank(Ts_Rank(volume, 10))",EUR,MINVOL3M,NONE,0,1,P2Y,0.08,ON,OFF
FullTest_5723,"Rank(Ts_Rank(volume, 10))",EUR,MINVOL3M,NONE,0,1,P2Y,0.08,OFF,ON
FullTest_5724,"Rank(Ts_Rank(volume, 10))",EUR,MINVOL3M,NONE,0,1,P2Y,0.08,OFF,OFF
FullTest_5725,"Rank(Ts_Rank(volume, 10))",EUR,MINVOL3M,NONE,0,1,P2Y,0.01,ON,ON
FullTest_5726,"Rank(Ts_Rank(volume, 10))",EUR,MINVOL3M,NONE,0,1,P2Y,0.01,ON,OFF
FullTest_5727,"Rank(Ts_Rank(volume, 10))",EUR,MINVOL3M,NONE,0,1,P2Y,0.01,OFF,ON
FullTest_5728,"Rank(Ts_Rank(volume, 10))",EUR,MINVOL3M,NONE,0,1,P2Y,0.01,OFF,OFF
FullTest_5729,"Rank(Ts_Rank(volume, 10))",EUR,MINVOL3M,NONE,5,0,P1Y,0.08,ON,ON
FullTest_5730,"Rank(Ts_Rank(volume, 10))",EUR,MINVOL3M,NONE,5,0,P1Y,0.08,ON,OFF
FullTest_5731,"Rank(Ts_Rank(volume, 10))",EUR,MINVOL3M,NONE,5,0,P1Y,0.08,OFF,ON
FullTest_5732,"Rank(Ts_Rank(volume, 10))",EUR,MINVOL3M,NONE,5,0,P1Y,0.08,OFF,OFF
FullTest_5733,"Rank(Ts_Rank(volume, 10))",EUR,MINVOL3M,NONE,5,0,P1Y,0.01,ON,ON
FullTest_5734,"Rank(Ts_Rank(volume, 10))",EUR,MINVOL3M,NONE,5,0,P1Y,0.01,ON,OFF
FullTest_5735,"Rank(Ts_Rank(volume, 10))",EUR,MINVOL3M,NONE,5,0,P1Y,0.01,OFF,ON
FullTest_5736,"Rank(Ts_Rank(volume, 10))",EUR,MINVOL3M,NONE,5,0,P1Y,0.01,OFF,OFF
FullTest_5737,"Rank(Ts_Rank(volume, 10))",EUR,MINVOL3M,NONE,5,0,P2Y,0.08,ON,ON
FullTest_5738,"Rank(Ts_Rank(volume, 10))",EUR,MINVOL3M,NONE,5,0,P2Y,0.08,ON,OFF
FullTest_5739,"Rank(Ts_Rank(volume, 10))",EUR,MINVOL3M,NONE,5,0,P2Y,0.08,OFF,ON
FullTest_5740,"Rank(Ts_Rank(volume, 10))",EUR,MINVOL3M,NONE,5,0,P2Y,0.08,OFF,OFF
FullTest_5741,"Rank(Ts_Rank(volume, 10))",EUR,MINVOL3M,NONE,5,0,P2Y,0.01,ON,ON
FullTest_5742,"Rank(Ts_Rank(volume, 10))",EUR,MINVOL3M,NONE,5,0,P2Y,0.01,ON,OFF
FullTest_5743,"Rank(Ts_Rank(volume, 10))",EUR,MINVOL3M,NONE,5,0,P2Y,0.01,OFF,ON
FullTest_5744,"Rank(Ts_Rank(volume, 10))",EUR,MINVOL3M,NONE,5,0,P2Y,0.01,OFF,OFF
FullTest_5745,"Rank(Ts_Rank(volume, 10))",EUR,MINVOL3M,NONE,5,1,P1Y,0.08,ON,ON
FullTest_5746,"Rank(Ts_Rank(volume, 10))",EUR,MINVOL3M,NONE,5,1,P1Y,0.08,ON,OFF
FullTest_5747,"Rank(Ts_Rank(volume, 10))",EUR,MINVOL3M,NONE,5,1,P1Y,0.08,OFF,ON
FullTest_5748,"Rank(Ts_Rank(volume, 10))",EUR,MINVOL3M,NONE,5,1,P1Y,0.08,OFF,OFF
FullTest_5749,"Rank(Ts_Rank(volume, 10))",EUR,MINVOL3M,NONE,5,1,P1Y,0.01,ON,ON
FullTest_5750,"Rank(Ts_Rank(volume, 10))",EUR,MINVOL3M,NONE,5,1,P1Y,0.01,ON,OFF
FullTest_5751,"Rank(Ts_Rank(volume, 10))",EUR,MINVOL3M,NONE,5,1,P1Y,0.01,OFF,ON
FullTest_5752,"Rank(Ts_Rank(volume, 10))",EUR,MINVOL3M,NONE,5,1,P1Y,0.01,OFF,OFF
FullTest_5753,"Rank(Ts_Rank(volume, 10))",EUR,MINVOL3M,NONE,5,1,P2Y,0.08,ON,ON
FullTest_5754,"Rank(Ts_Rank(volume, 10))",EUR,MINVOL3M,NONE,5,1,P2Y,0.08,ON,OFF
FullTest_5755,"Rank(Ts_Rank(volume, 10))",EUR,MINVOL3M,NONE,5,1,P2Y,0.08,OFF,ON
FullTest_5756,"Rank(Ts_Rank(volume, 10))",EUR,MINVOL3M,NONE,5,1,P2Y,0.08,OFF,OFF
FullTest_5757,"Rank(Ts_Rank(volume, 10))",EUR,MINVOL3M,NONE,5,1,P2Y,0.01,ON,ON
FullTest_5758,"Rank(Ts_Rank(volume, 10))",EUR,MINVOL3M,NONE,5,1,P2Y,0.01,ON,OFF
FullTest_5759,"Rank(Ts_Rank(volume, 10))",EUR,MINVOL3M,NONE,5,1,P2Y,0.01,OFF,ON
FullTest_5760,"Rank(Ts_Rank(volume, 10))",EUR,MINVOL3M,NONE,5,1,P2Y,0.01,OFF,OFF
FullTest_5761,"Rank(Ts_Rank(volume, 20))",USA,TOP3000,INDUSTRY,0,0,P1Y,0.08,ON,ON
FullTest_5762,"Rank(Ts_Rank(volume, 20))",USA,TOP3000,INDUSTRY,0,0,P1Y,0.08,ON,OFF
FullTest_5763,"Rank(Ts_Rank(volume, 20))",USA,TOP3000,INDUSTRY,0,0,P1Y,0.08,OFF,ON
FullTest_5764,"Rank(Ts_Rank(volume, 20))",USA,TOP3000,INDUSTRY,0,0,P1Y,0.08,OFF,OFF
FullTest_5765,"Rank(Ts_Rank(volume, 20))",USA,TOP3000,INDUSTRY,0,0,P1Y,0.01,ON,ON
FullTest_5766,"Rank(Ts_Rank(volume, 20))",USA,TOP3000,INDUSTRY,0,0,P1Y,0.01,ON,OFF
FullTest_5767,"Rank(Ts_Rank(volume, 20))",USA,TOP3000,INDUSTRY,0,0,P1Y,0.01,OFF,ON
FullTest_5768,"Rank(Ts_Rank(volume, 20))",USA,TOP3000,INDUSTRY,0,0,P1Y,0.01,OFF,OFF
FullTest_5769,"Rank(Ts_Rank(volume, 20))",USA,TOP3000,INDUSTRY,0,0,P2Y,0.08,ON,ON
FullTest_5770,"Rank(Ts_Rank(volume, 20))",USA,TOP3000,INDUSTRY,0,0,P2Y,0.08,ON,OFF
FullTest_5771,"Rank(Ts_Rank(volume, 20))",USA,TOP3000,INDUSTRY,0,0,P2Y,0.08,OFF,ON
FullTest_5772,"Rank(Ts_Rank(volume, 20))",USA,TOP3000,INDUSTRY,0,0,P2Y,0.08,OFF,OFF
FullTest_5773,"Rank(Ts_Rank(volume, 20))",USA,TOP3000,INDUSTRY,0,0,P2Y,0.01,ON,ON
FullTest_5774,"Rank(Ts_Rank(volume, 20))",USA,TOP3000,INDUSTRY,0,0,P2Y,0.01,ON,OFF
FullTest_5775,"Rank(Ts_Rank(volume, 20))",USA,TOP3000,INDUSTRY,0,0,P2Y,0.01,OFF,ON
FullTest_5776,"Rank(Ts_Rank(volume, 20))",USA,TOP3000,INDUSTRY,0,0,P2Y,0.01,OFF,OFF
FullTest_5777,"Rank(Ts_Rank(volume, 20))",USA,TOP3000,INDUSTRY,0,1,P1Y,0.08,ON,ON
FullTest_5778,"Rank(Ts_Rank(volume, 20))",USA,TOP3000,INDUSTRY,0,1,P1Y,0.08,ON,OFF
FullTest_5779,"Rank(Ts_Rank(volume, 20))",USA,TOP3000,INDUSTRY,0,1,P1Y,0.08,OFF,ON
FullTest_5780,"Rank(Ts_Rank(volume, 20))",USA,TOP3000,INDUSTRY,0,1,P1Y,0.08,OFF,OFF
FullTest_5781,"Rank(Ts_Rank(volume, 20))",USA,TOP3000,INDUSTRY,0,1,P1Y,0.01,ON,ON
FullTest_5782,"Rank(Ts_Rank(volume, 20))",USA,TOP3000,INDUSTRY,0,1,P1Y,0.01,ON,OFF
FullTest_5783,"Rank(Ts_Rank(volume, 20))",USA,TOP3000,INDUSTRY,0,1,P1Y,0.01,OFF,ON
FullTest_5784,"Rank(Ts_Rank(volume, 20))",USA,TOP3000,INDUSTRY,0,1,P1Y,0.01,OFF,OFF
FullTest_5785,"Rank(Ts_Rank(volume, 20))",USA,TOP3000,INDUSTRY,0,1,P2Y,0.08,ON,ON
FullTest_5786,"Rank(Ts_Rank(volume, 20))",USA,TOP3000,INDUSTRY,0,1,P2Y,0.08,ON,OFF
FullTest_5787,"Rank(Ts_Rank(volume, 20))",USA,TOP3000,INDUSTRY,0,1,P2Y,0.08,OFF,ON
FullTest_5788,"Rank(Ts_Rank(volume, 20))",USA,TOP3000,INDUSTRY,0,1,P2Y,0.08,OFF,OFF
FullTest_5789,"Rank(Ts_Rank(volume, 20))",USA,TOP3000,INDUSTRY,0,1,P2Y,0.01,ON,ON
FullTest_5790,"Rank(Ts_Rank(volume, 20))",USA,TOP3000,INDUSTRY,0,1,P2Y,0.01,ON,OFF
FullTest_5791,"Rank(Ts_Rank(volume, 20))",USA,TOP3000,INDUSTRY,0,1,P2Y,0.01,OFF,ON
FullTest_5792,"Rank(Ts_Rank(volume, 20))",USA,TOP3000,INDUSTRY,0,1,P2Y,0.01,OFF,OFF
FullTest_5793,"Rank(Ts_Rank(volume, 20))",USA,TOP3000,INDUSTRY,5,0,P1Y,0.08,ON,ON
FullTest_5794,"Rank(Ts_Rank(volume, 20))",USA,TOP3000,INDUSTRY,5,0,P1Y,0.08,ON,OFF
FullTest_5795,"Rank(Ts_Rank(volume, 20))",USA,TOP3000,INDUSTRY,5,0,P1Y,0.08,OFF,ON
FullTest_5796,"Rank(Ts_Rank(volume, 20))",USA,TOP3000,INDUSTRY,5,0,P1Y,0.08,OFF,OFF
FullTest_5797,"Rank(Ts_Rank(volume, 20))",USA,TOP3000,INDUSTRY,5,0,P1Y,0.01,ON,ON
FullTest_5798,"Rank(Ts_Rank(volume, 20))",USA,TOP3000,INDUSTRY,5,0,P1Y,0.01,ON,OFF
FullTest_5799,"Rank(Ts_Rank(volume, 20))",USA,TOP3000,INDUSTRY,5,0,P1Y,0.01,OFF,ON
FullTest_5800,"Rank(Ts_Rank(volume, 20))",USA,TOP3000,INDUSTRY,5,0,P1Y,0.01,OFF,OFF
FullTest_5801,"Rank(Ts_Rank(volume, 20))",USA,TOP3000,INDUSTRY,5,0,P2Y,0.08,ON,ON
FullTest_5802,"Rank(Ts_Rank(volume, 20))",USA,TOP3000,INDUSTRY,5,0,P2Y,0.08,ON,OFF
FullTest_5803,"Rank(Ts_Rank(volume, 20))",USA,TOP3000,INDUSTRY,5,0,P2Y,0.08,OFF,ON
FullTest_5804,"Rank(Ts_Rank(volume, 20))",USA,TOP3000,INDUSTRY,5,0,P2Y,0.08,OFF,OFF
FullTest_5805,"Rank(Ts_Rank(volume, 20))",USA,TOP3000,INDUSTRY,5,0,P2Y,0.01,ON,ON
FullTest_5806,"Rank(Ts_Rank(volume, 20))",USA,TOP3000,INDUSTRY,5,0,P2Y,0.01,ON,OFF
FullTest_5807,"Rank(Ts_Rank(volume, 20))",USA,TOP3000,INDUSTRY,5,0,P2Y,0.01,OFF,ON
FullTest_5808,"Rank(Ts_Rank(volume, 20))",USA,TOP3000,INDUSTRY,5,0,P2Y,0.01,OFF,OFF
FullTest_5809,"Rank(Ts_Rank(volume, 20))",USA,TOP3000,INDUSTRY,5,1,P1Y,0.08,ON,ON
FullTest_5810,"Rank(Ts_Rank(volume, 20))",USA,TOP3000,INDUSTRY,5,1,P1Y,0.08,ON,OFF
FullTest_5811,"Rank(Ts_Rank(volume, 20))",USA,TOP3000,INDUSTRY,5,1,P1Y,0.08,OFF,ON
FullTest_5812,"Rank(Ts_Rank(volume, 20))",USA,TOP3000,INDUSTRY,5,1,P1Y,0.08,OFF,OFF
FullTest_5813,"Rank(Ts_Rank(volume, 20))",USA,TOP3000,INDUSTRY,5,1,P1Y,0.01,ON,ON
FullTest_5814,"Rank(Ts_Rank(volume, 20))",USA,TOP3000,INDUSTRY,5,1,P1Y,0.01,ON,OFF
FullTest_5815,"Rank(Ts_Rank(volume, 20))",USA,TOP3000,INDUSTRY,5,1,P1Y,0.01,OFF,ON
FullTest_5816,"Rank(Ts_Rank(volume, 20))",USA,TOP3000,INDUSTRY,5,1,P1Y,0.01,OFF,OFF
FullTest_5817,"Rank(Ts_Rank(volume, 20))",USA,TOP3000,INDUSTRY,5,1,P2Y,0.08,ON,ON
FullTest_5818,"Rank(Ts_Rank(volume, 20))",USA,TOP3000,INDUSTRY,5,1,P2Y,0.08,ON,OFF
FullTest_5819,"Rank(Ts_Rank(volume, 20))",USA,TOP3000,INDUSTRY,5,1,P2Y,0.08,OFF,ON
FullTest_5820,"Rank(Ts_Rank(volume, 20))",USA,TOP3000,INDUSTRY,5,1,P2Y,0.08,OFF,OFF
FullTest_5821,"Rank(Ts_Rank(volume, 20))",USA,TOP3000,INDUSTRY,5,1,P2Y,0.01,ON,ON
FullTest_5822,"Rank(Ts_Rank(volume, 20))",USA,TOP3000,INDUSTRY,5,1,P2Y,0.01,ON,OFF
FullTest_5823,"Rank(Ts_Rank(volume, 20))",USA,TOP3000,INDUSTRY,5,1,P2Y,0.01,OFF,ON
FullTest_5824,"Rank(Ts_Rank(volume, 20))",USA,TOP3000,INDUSTRY,5,1,P2Y,0.01,OFF,OFF
FullTest_5825,"Rank(Ts_Rank(volume, 20))",USA,TOP3000,MARKET,0,0,P1Y,0.08,ON,ON
FullTest_5826,"Rank(Ts_Rank(volume, 20))",USA,TOP3000,MARKET,0,0,P1Y,0.08,ON,OFF
FullTest_5827,"Rank(Ts_Rank(volume, 20))",USA,TOP3000,MARKET,0,0,P1Y,0.08,OFF,ON
FullTest_5828,"Rank(Ts_Rank(volume, 20))",USA,TOP3000,MARKET,0,0,P1Y,0.08,OFF,OFF
FullTest_5829,"Rank(Ts_Rank(volume, 20))",USA,TOP3000,MARKET,0,0,P1Y,0.01,ON,ON
FullTest_5830,"Rank(Ts_Rank(volume, 20))",USA,TOP3000,MARKET,0,0,P1Y,0.01,ON,OFF
FullTest_5831,"Rank(Ts_Rank(volume, 20))",USA,TOP3000,MARKET,0,0,P1Y,0.01,OFF,ON
FullTest_5832,"Rank(Ts_Rank(volume, 20))",USA,TOP3000,MARKET,0,0,P1Y,0.01,OFF,OFF
FullTest_5833,"Rank(Ts_Rank(volume, 20))",USA,TOP3000,MARKET,0,0,P2Y,0.08,ON,ON
FullTest_5834,"Rank(Ts_Rank(volume, 20))",USA,TOP3000,MARKET,0,0,P2Y,0.08,ON,OFF
FullTest_5835,"Rank(Ts_Rank(volume, 20))",USA,TOP3000,MARKET,0,0,P2Y,0.08,OFF,ON
FullTest_5836,"Rank(Ts_Rank(volume, 20))",USA,TOP3000,MARKET,0,0,P2Y,0.08,OFF,OFF
FullTest_5837,"Rank(Ts_Rank(volume, 20))",USA,TOP3000,MARKET,0,0,P2Y,0.01,ON,ON
FullTest_5838,"Rank(Ts_Rank(volume, 20))",USA,TOP3000,MARKET,0,0,P2Y,0.01,ON,OFF
FullTest_5839,"Rank(Ts_Rank(volume, 20))",USA,TOP3000,MARKET,0,0,P2Y,0.01,OFF,ON
FullTest_5840,"Rank(Ts_Rank(volume, 20))",USA,TOP3000,MARKET,0,0,P2Y,0.01,OFF,OFF
FullTest_5841,"Rank(Ts_Rank(volume, 20))",USA,TOP3000,MARKET,0,1,P1Y,0.08,ON,ON
FullTest_5842,"Rank(Ts_Rank(volume, 20))",USA,TOP3000,MARKET,0,1,P1Y,0.08,ON,OFF
FullTest_5843,"Rank(Ts_Rank(volume, 20))",USA,TOP3000,MARKET,0,1,P1Y,0.08,OFF,ON
FullTest_5844,"Rank(Ts_Rank(volume, 20))",USA,TOP3000,MARKET,0,1,P1Y,0.08,OFF,OFF
FullTest_5845,"Rank(Ts_Rank(volume, 20))",USA,TOP3000,MARKET,0,1,P1Y,0.01,ON,ON
FullTest_5846,"Rank(Ts_Rank(volume, 20))",USA,TOP3000,MARKET,0,1,P1Y,0.01,ON,OFF
FullTest_5847,"Rank(Ts_Rank(volume, 20))",USA,TOP3000,MARKET,0,1,P1Y,0.01,OFF,ON
FullTest_5848,"Rank(Ts_Rank(volume, 20))",USA,TOP3000,MARKET,0,1,P1Y,0.01,OFF,OFF
FullTest_5849,"Rank(Ts_Rank(volume, 20))",USA,TOP3000,MARKET,0,1,P2Y,0.08,ON,ON
FullTest_5850,"Rank(Ts_Rank(volume, 20))",USA,TOP3000,MARKET,0,1,P2Y,0.08,ON,OFF
FullTest_5851,"Rank(Ts_Rank(volume, 20))",USA,TOP3000,MARKET,0,1,P2Y,0.08,OFF,ON
FullTest_5852,"Rank(Ts_Rank(volume, 20))",USA,TOP3000,MARKET,0,1,P2Y,0.08,OFF,OFF
FullTest_5853,"Rank(Ts_Rank(volume, 20))",USA,TOP3000,MARKET,0,1,P2Y,0.01,ON,ON
FullTest_5854,"Rank(Ts_Rank(volume, 20))",USA,TOP3000,MARKET,0,1,P2Y,0.01,ON,OFF
FullTest_5855,"Rank(Ts_Rank(volume, 20))",USA,TOP3000,MARKET,0,1,P2Y,0.01,OFF,ON
FullTest_5856,"Rank(Ts_Rank(volume, 20))",USA,TOP3000,MARKET,0,1,P2Y,0.01,OFF,OFF
FullTest_5857,"Rank(Ts_Rank(volume, 20))",USA,TOP3000,MARKET,5,0,P1Y,0.08,ON,ON
FullTest_5858,"Rank(Ts_Rank(volume, 20))",USA,TOP3000,MARKET,5,0,P1Y,0.08,ON,OFF
FullTest_5859,"Rank(Ts_Rank(volume, 20))",USA,TOP3000,MARKET,5,0,P1Y,0.08,OFF,ON
FullTest_5860,"Rank(Ts_Rank(volume, 20))",USA,TOP3000,MARKET,5,0,P1Y,0.08,OFF,OFF
FullTest_5861,"Rank(Ts_Rank(volume, 20))",USA,TOP3000,MARKET,5,0,P1Y,0.01,ON,ON
FullTest_5862,"Rank(Ts_Rank(volume, 20))",USA,TOP3000,MARKET,5,0,P1Y,0.01,ON,OFF
FullTest_5863,"Rank(Ts_Rank(volume, 20))",USA,TOP3000,MARKET,5,0,P1Y,0.01,OFF,ON
FullTest_5864,"Rank(Ts_Rank(volume, 20))",USA,TOP3000,MARKET,5,0,P1Y,0.01,OFF,OFF
FullTest_5865,"Rank(Ts_Rank(volume, 20))",USA,TOP3000,MARKET,5,0,P2Y,0.08,ON,ON
FullTest_5866,"Rank(Ts_Rank(volume, 20))",USA,TOP3000,MARKET,5,0,P2Y,0.08,ON,OFF
FullTest_5867,"Rank(Ts_Rank(volume, 20))",USA,TOP3000,MARKET,5,0,P2Y,0.08,OFF,ON
FullTest_5868,"Rank(Ts_Rank(volume, 20))",USA,TOP3000,MARKET,5,0,P2Y,0.08,OFF,OFF
FullTest_5869,"Rank(Ts_Rank(volume, 20))",USA,TOP3000,MARKET,5,0,P2Y,0.01,ON,ON
FullTest_5870,"Rank(Ts_Rank(volume, 20))",USA,TOP3000,MARKET,5,0,P2Y,0.01,ON,OFF
FullTest_5871,"Rank(Ts_Rank(volume, 20))",USA,TOP3000,MARKET,5,0,P2Y,0.01,OFF,ON
FullTest_5872,"Rank(Ts_Rank(volume, 20))",USA,TOP3000,MARKET,5,0,P2Y,0.01,OFF,OFF
FullTest_5873,"Rank(Ts_Rank(volume, 20))",USA,TOP3000,MARKET,5,1,P1Y,0.08,ON,ON
FullTest_5874,"Rank(Ts_Rank(volume, 20))",USA,TOP3000,MARKET,5,1,P1Y,0.08,ON,OFF
FullTest_5875,"Rank(Ts_Rank(volume, 20))",USA,TOP3000,MARKET,5,1,P1Y,0.08,OFF,ON
FullTest_5876,"Rank(Ts_Rank(volume, 20))",USA,TOP3000,MARKET,5,1,P1Y,0.08,OFF,OFF
FullTest_5877,"Rank(Ts_Rank(volume, 20))",USA,TOP3000,MARKET,5,1,P1Y,0.01,ON,ON
FullTest_5878,"Rank(Ts_Rank(volume, 20))",USA,TOP3000,MARKET,5,1,P1Y,0.01,ON,OFF
FullTest_5879,"Rank(Ts_Rank(volume, 20))",USA,TOP3000,MARKET,5,1,P1Y,0.01,OFF,ON
FullTest_5880,"Rank(Ts_Rank(volume, 20))",USA,TOP3000,MARKET,5,1,P1Y,0.01,OFF,OFF
FullTest_5881,"Rank(Ts_Rank(volume, 20))",USA,TOP3000,MARKET,5,1,P2Y,0.08,ON,ON
FullTest_5882,"Rank(Ts_Rank(volume, 20))",USA,TOP3000,MARKET,5,1,P2Y,0.08,ON,OFF
FullTest_5883,"Rank(Ts_Rank(volume, 20))",USA,TOP3000,MARKET,5,1,P2Y,0.08,OFF,ON
FullTest_5884,"Rank(Ts_Rank(volume, 20))",USA,TOP3000,MARKET,5,1,P2Y,0.08,OFF,OFF
FullTest_5885,"Rank(Ts_Rank(volume, 20))",USA,TOP3000,MARKET,5,1,P2Y,0.01,ON,ON
FullTest_5886,"Rank(Ts_Rank(volume, 20))",USA,TOP3000,MARKET,5,1,P2Y,0.01,ON,OFF
FullTest_5887,"Rank(Ts_Rank(volume, 20))",USA,TOP3000,MARKET,5,1,P2Y,0.01,OFF,ON
FullTest_5888,"Rank(Ts_Rank(volume, 20))",USA,TOP3000,MARKET,5,1,P2Y,0.01,OFF,OFF
FullTest_5889,"Rank(Ts_Rank(volume, 20))",USA,TOP3000,NONE,0,0,P1Y,0.08,ON,ON
FullTest_5890,"Rank(Ts_Rank(volume, 20))",USA,TOP3000,NONE,0,0,P1Y,0.08,ON,OFF
FullTest_5891,"Rank(Ts_Rank(volume, 20))",USA,TOP3000,NONE,0,0,P1Y,0.08,OFF,ON
FullTest_5892,"Rank(Ts_Rank(volume, 20))",USA,TOP3000,NONE,0,0,P1Y,0.08,OFF,OFF
FullTest_5893,"Rank(Ts_Rank(volume, 20))",USA,TOP3000,NONE,0,0,P1Y,0.01,ON,ON
FullTest_5894,"Rank(Ts_Rank(volume, 20))",USA,TOP3000,NONE,0,0,P1Y,0.01,ON,OFF
FullTest_5895,"Rank(Ts_Rank(volume, 20))",USA,TOP3000,NONE,0,0,P1Y,0.01,OFF,ON
FullTest_5896,"Rank(Ts_Rank(volume, 20))",USA,TOP3000,NONE,0,0,P1Y,0.01,OFF,OFF
FullTest_5897,"Rank(Ts_Rank(volume, 20))",USA,TOP3000,NONE,0,0,P2Y,0.08,ON,ON
FullTest_5898,"Rank(Ts_Rank(volume, 20))",USA,TOP3000,NONE,0,0,P2Y,0.08,ON,OFF
FullTest_5899,"Rank(Ts_Rank(volume, 20))",USA,TOP3000,NONE,0,0,P2Y,0.08,OFF,ON
FullTest_5900,"Rank(Ts_Rank(volume, 20))",USA,TOP3000,NONE,0,0,P2Y,0.08,OFF,OFF
FullTest_5901,"Rank(Ts_Rank(volume, 20))",USA,TOP3000,NONE,0,0,P2Y,0.01,ON,ON
FullTest_5902,"Rank(Ts_Rank(volume, 20))",USA,TOP3000,NONE,0,0,P2Y,0.01,ON,OFF
FullTest_5903,"Rank(Ts_Rank(volume, 20))",USA,TOP3000,NONE,0,0,P2Y,0.01,OFF,ON
FullTest_5904,"Rank(Ts_Rank(volume, 20))",USA,TOP3000,NONE,0,0,P2Y,0.01,OFF,OFF
FullTest_5905,"Rank(Ts_Rank(volume, 20))",USA,TOP3000,NONE,0,1,P1Y,0.08,ON,ON
FullTest_5906,"Rank(Ts_Rank(volume, 20))",USA,TOP3000,NONE,0,1,P1Y,0.08,ON,OFF
FullTest_5907,"Rank(Ts_Rank(volume, 20))",USA,TOP3000,NONE,0,1,P1Y,0.08,OFF,ON
FullTest_5908,"Rank(Ts_Rank(volume, 20))",USA,TOP3000,NONE,0,1,P1Y,0.08,OFF,OFF
FullTest_5909,"Rank(Ts_Rank(volume, 20))",USA,TOP3000,NONE,0,1,P1Y,0.01,ON,ON
FullTest_5910,"Rank(Ts_Rank(volume, 20))",USA,TOP3000,NONE,0,1,P1Y,0.01,ON,OFF
FullTest_5911,"Rank(Ts_Rank(volume, 20))",USA,TOP3000,NONE,0,1,P1Y,0.01,OFF,ON
FullTest_5912,"Rank(Ts_Rank(volume, 20))",USA,TOP3000,NONE,0,1,P1Y,0.01,OFF,OFF
FullTest_5913,"Rank(Ts_Rank(volume, 20))",USA,TOP3000,NONE,0,1,P2Y,0.08,ON,ON
FullTest_5914,"Rank(Ts_Rank(volume, 20))",USA,TOP3000,NONE,0,1,P2Y,0.08,ON,OFF
FullTest_5915,"Rank(Ts_Rank(volume, 20))",USA,TOP3000,NONE,0,1,P2Y,0.08,OFF,ON
FullTest_5916,"Rank(Ts_Rank(volume, 20))",USA,TOP3000,NONE,0,1,P2Y,0.08,OFF,OFF
FullTest_5917,"Rank(Ts_Rank(volume, 20))",USA,TOP3000,NONE,0,1,P2Y,0.01,ON,ON
FullTest_5918,"Rank(Ts_Rank(volume, 20))",USA,TOP3000,NONE,0,1,P2Y,0.01,ON,OFF
FullTest_5919,"Rank(Ts_Rank(volume, 20))",USA,TOP3000,NONE,0,1,P2Y,0.01,OFF,ON
FullTest_5920,"Rank(Ts_Rank(volume, 20))",USA,TOP3000,NONE,0,1,P2Y,0.01,OFF,OFF
FullTest_5921,"Rank(Ts_Rank(volume, 20))",USA,TOP3000,NONE,5,0,P1Y,0.08,ON,ON
FullTest_5922,"Rank(Ts_Rank(volume, 20))",USA,TOP3000,NONE,5,0,P1Y,0.08,ON,OFF
FullTest_5923,"Rank(Ts_Rank(volume, 20))",USA,TOP3000,NONE,5,0,P1Y,0.08,OFF,ON
FullTest_5924,"Rank(Ts_Rank(volume, 20))",USA,TOP3000,NONE,5,0,P1Y,0.08,OFF,OFF
FullTest_5925,"Rank(Ts_Rank(volume, 20))",USA,TOP3000,NONE,5,0,P1Y,0.01,ON,ON
FullTest_5926,"Rank(Ts_Rank(volume, 20))",USA,TOP3000,NONE,5,0,P1Y,0.01,ON,OFF
FullTest_5927,"Rank(Ts_Rank(volume, 20))",USA,TOP3000,NONE,5,0,P1Y,0.01,OFF,ON
FullTest_5928,"Rank(Ts_Rank(volume, 20))",USA,TOP3000,NONE,5,0,P1Y,0.01,OFF,OFF
FullTest_5929,"Rank(Ts_Rank(volume, 20))",USA,TOP3000,NONE,5,0,P2Y,0.08,ON,ON
FullTest_5930,"Rank(Ts_Rank(volume, 20))",USA,TOP3000,NONE,5,0,P2Y,0.08,ON,OFF
FullTest_5931,"Rank(Ts_Rank(volume, 20))",USA,TOP3000,NONE,5,0,P2Y,0.08,OFF,ON
FullTest_5932,"Rank(Ts_Rank(volume, 20))",USA,TOP3000,NONE,5,0,P2Y,0.08,OFF,OFF
FullTest_5933,"Rank(Ts_Rank(volume, 20))",USA,TOP3000,NONE,5,0,P2Y,0.01,ON,ON
FullTest_5934,"Rank(Ts_Rank(volume, 20))",USA,TOP3000,NONE,5,0,P2Y,0.01,ON,OFF
FullTest_5935,"Rank(Ts_Rank(volume, 20))",USA,TOP3000,NONE,5,0,P2Y,0.01,OFF,ON
FullTest_5936,"Rank(Ts_Rank(volume, 20))",USA,TOP3000,NONE,5,0,P2Y,0.01,OFF,OFF
FullTest_5937,"Rank(Ts_Rank(volume, 20))",USA,TOP3000,NONE,5,1,P1Y,0.08,ON,ON
FullTest_5938,"Rank(Ts_Rank(volume, 20))",USA,TOP3000,NONE,5,1,P1Y,0.08,ON,OFF
FullTest_5939,"Rank(Ts_Rank(volume, 20))",USA,TOP3000,NONE,5,1,P1Y,0.08,OFF,ON
FullTest_5940,"Rank(Ts_Rank(volume, 20))",USA,TOP3000,NONE,5,1,P1Y,0.08,OFF,OFF
FullTest_5941,"Rank(Ts_Rank(volume, 20))",USA,TOP3000,NONE,5,1,P1Y,0.01,ON,ON
FullTest_5942,"Rank(Ts_Rank(volume, 20))",USA,TOP3000,NONE,5,1,P1Y,0.01,ON,OFF
FullTest_5943,"Rank(Ts_Rank(volume, 20))",USA,TOP3000,NONE,5,1,P1Y,0.01,OFF,ON
FullTest_5944,"Rank(Ts_Rank(volume, 20))",USA,TOP3000,NONE,5,1,P1Y,0.01,OFF,OFF
FullTest_5945,"Rank(Ts_Rank(volume, 20))",USA,TOP3000,NONE,5,1,P2Y,0.08,ON,ON
FullTest_5946,"Rank(Ts_Rank(volume, 20))",USA,TOP3000,NONE,5,1,P2Y,0.08,ON,OFF
FullTest_5947,"Rank(Ts_Rank(volume, 20))",USA,TOP3000,NONE,5,1,P2Y,0.08,OFF,ON
FullTest_5948,"Rank(Ts_Rank(volume, 20))",USA,TOP3000,NONE,5,1,P2Y,0.08,OFF,OFF
FullTest_5949,"Rank(Ts_Rank(volume, 20))",USA,TOP3000,NONE,5,1,P2Y,0.01,ON,ON
FullTest_5950,"Rank(Ts_Rank(volume, 20))",USA,TOP3000,NONE,5,1,P2Y,0.01,ON,OFF
FullTest_5951,"Rank(Ts_Rank(volume, 20))",USA,TOP3000,NONE,5,1,P2Y,0.01,OFF,ON
FullTest_5952,"Rank(Ts_Rank(volume, 20))",USA,TOP3000,NONE,5,1,P2Y,0.01,OFF,OFF
FullTest_5953,"Rank(Ts_Rank(volume, 20))",USA,MINVOL3M,INDUSTRY,0,0,P1Y,0.08,ON,ON
FullTest_5954,"Rank(Ts_Rank(volume, 20))",USA,MINVOL3M,INDUSTRY,0,0,P1Y,0.08,ON,OFF
FullTest_5955,"Rank(Ts_Rank(volume, 20))",USA,MINVOL3M,INDUSTRY,0,0,P1Y,0.08,OFF,ON
FullTest_5956,"Rank(Ts_Rank(volume, 20))",USA,MINVOL3M,INDUSTRY,0,0,P1Y,0.08,OFF,OFF
FullTest_5957,"Rank(Ts_Rank(volume, 20))",USA,MINVOL3M,INDUSTRY,0,0,P1Y,0.01,ON,ON
FullTest_5958,"Rank(Ts_Rank(volume, 20))",USA,MINVOL3M,INDUSTRY,0,0,P1Y,0.01,ON,OFF
FullTest_5959,"Rank(Ts_Rank(volume, 20))",USA,MINVOL3M,INDUSTRY,0,0,P1Y,0.01,OFF,ON
FullTest_5960,"Rank(Ts_Rank(volume, 20))",USA,MINVOL3M,INDUSTRY,0,0,P1Y,0.01,OFF,OFF
FullTest_5961,"Rank(Ts_Rank(volume, 20))",USA,MINVOL3M,INDUSTRY,0,0,P2Y,0.08,ON,ON
FullTest_5962,"Rank(Ts_Rank(volume, 20))",USA,MINVOL3M,INDUSTRY,0,0,P2Y,0.08,ON,OFF
FullTest_5963,"Rank(Ts_Rank(volume, 20))",USA,MINVOL3M,INDUSTRY,0,0,P2Y,0.08,OFF,ON
FullTest_5964,"Rank(Ts_Rank(volume, 20))",USA,MINVOL3M,INDUSTRY,0,0,P2Y,0.08,OFF,OFF
FullTest_5965,"Rank(Ts_Rank(volume, 20))",USA,MINVOL3M,INDUSTRY,0,0,P2Y,0.01,ON,ON
FullTest_5966,"Rank(Ts_Rank(volume, 20))",USA,MINVOL3M,INDUSTRY,0,0,P2Y,0.01,ON,OFF
FullTest_5967,"Rank(Ts_Rank(volume, 20))",USA,MINVOL3M,INDUSTRY,0,0,P2Y,0.01,OFF,ON
FullTest_5968,"Rank(Ts_Rank(volume, 20))",USA,MINVOL3M,INDUSTRY,0,0,P2Y,0.01,OFF,OFF
FullTest_5969,"Rank(Ts_Rank(volume, 20))",USA,MINVOL3M,INDUSTRY,0,1,P1Y,0.08,ON,ON
FullTest_5970,"Rank(Ts_Rank(volume, 20))",USA,MINVOL3M,INDUSTRY,0,1,P1Y,0.08,ON,OFF
FullTest_5971,"Rank(Ts_Rank(volume, 20))",USA,MINVOL3M,INDUSTRY,0,1,P1Y,0.08,OFF,ON
FullTest_5972,"Rank(Ts_Rank(volume, 20))",USA,MINVOL3M,INDUSTRY,0,1,P1Y,0.08,OFF,OFF
FullTest_5973,"Rank(Ts_Rank(volume, 20))",USA,MINVOL3M,INDUSTRY,0,1,P1Y,0.01,ON,ON
FullTest_5974,"Rank(Ts_Rank(volume, 20))",USA,MINVOL3M,INDUSTRY,0,1,P1Y,0.01,ON,OFF
FullTest_5975,"Rank(Ts_Rank(volume, 20))",USA,MINVOL3M,INDUSTRY,0,1,P1Y,0.01,OFF,ON
FullTest_5976,"Rank(Ts_Rank(volume, 20))",USA,MINVOL3M,INDUSTRY,0,1,P1Y,0.01,OFF,OFF
FullTest_5977,"Rank(Ts_Rank(volume, 20))",USA,MINVOL3M,INDUSTRY,0,1,P2Y,0.08,ON,ON
FullTest_5978,"Rank(Ts_Rank(volume, 20))",USA,MINVOL3M,INDUSTRY,0,1,P2Y,0.08,ON,OFF
FullTest_5979,"Rank(Ts_Rank(volume, 20))",USA,MINVOL3M,INDUSTRY,0,1,P2Y,0.08,OFF,ON
FullTest_5980,"Rank(Ts_Rank(volume, 20))",USA,MINVOL3M,INDUSTRY,0,1,P2Y,0.08,OFF,OFF
FullTest_5981,"Rank(Ts_Rank(volume, 20))",USA,MINVOL3M,INDUSTRY,0,1,P2Y,0.01,ON,ON
FullTest_5982,"Rank(Ts_Rank(volume, 20))",USA,MINVOL3M,INDUSTRY,0,1,P2Y,0.01,ON,OFF
FullTest_5983,"Rank(Ts_Rank(volume, 20))",USA,MINVOL3M,INDUSTRY,0,1,P2Y,0.01,OFF,ON
FullTest_5984,"Rank(Ts_Rank(volume, 20))",USA,MINVOL3M,INDUSTRY,0,1,P2Y,0.01,OFF,OFF
FullTest_5985,"Rank(Ts_Rank(volume, 20))",USA,MINVOL3M,INDUSTRY,5,0,P1Y,0.08,ON,ON
FullTest_5986,"Rank(Ts_Rank(volume, 20))",USA,MINVOL3M,INDUSTRY,5,0,P1Y,0.08,ON,OFF
FullTest_5987,"Rank(Ts_Rank(volume, 20))",USA,MINVOL3M,INDUSTRY,5,0,P1Y,0.08,OFF,ON
FullTest_5988,"Rank(Ts_Rank(volume, 20))",USA,MINVOL3M,INDUSTRY,5,0,P1Y,0.08,OFF,OFF
FullTest_5989,"Rank(Ts_Rank(volume, 20))",USA,MINVOL3M,INDUSTRY,5,0,P1Y,0.01,ON,ON
FullTest_5990,"Rank(Ts_Rank(volume, 20))",USA,MINVOL3M,INDUSTRY,5,0,P1Y,0.01,ON,OFF
FullTest_5991,"Rank(Ts_Rank(volume, 20))",USA,MINVOL3M,INDUSTRY,5,0,P1Y,0.01,OFF,ON
FullTest_5992,"Rank(Ts_Rank(volume, 20))",USA,MINVOL3M,INDUSTRY,5,0,P1Y,0.01,OFF,OFF
FullTest_5993,"Rank(Ts_Rank(volume, 20))",USA,MINVOL3M,INDUSTRY,5,0,P2Y,0.08,ON,ON
FullTest_5994,"Rank(Ts_Rank(volume, 20))",USA,MINVOL3M,INDUSTRY,5,0,P2Y,0.08,ON,OFF
FullTest_5995,"Rank(Ts_Rank(volume, 20))",USA,MINVOL3M,INDUSTRY,5,0,P2Y,0.08,OFF,ON
FullTest_5996,"Rank(Ts_Rank(volume, 20))",USA,MINVOL3M,INDUSTRY,5,0,P2Y,0.08,OFF,OFF
FullTest_5997,"Rank(Ts_Rank(volume, 20))",USA,MINVOL3M,INDUSTRY,5,0,P2Y,0.01,ON,ON
FullTest_5998,"Rank(Ts_Rank(volume, 20))",USA,MINVOL3M,INDUSTRY,5,0,P2Y,0.01,ON,OFF
FullTest_5999,"Rank(Ts_Rank(volume, 20))",USA,MINVOL3M,INDUSTRY,5,0,P2Y,0.01,OFF,ON
FullTest_6000,"Rank(Ts_Rank(volume, 20))",USA,MINVOL3M,INDUSTRY,5,0,P2Y,0.01,OFF,OFF
FullTest_6001,"Rank(Ts_Rank(volume, 20))",USA,MINVOL3M,INDUSTRY,5,1,P1Y,0.08,ON,ON
FullTest_6002,"Rank(Ts_Rank(volume, 20))",USA,MINVOL3M,INDUSTRY,5,1,P1Y,0.08,ON,OFF
FullTest_6003,"Rank(Ts_Rank(volume, 20))",USA,MINVOL3M,INDUSTRY,5,1,P1Y,0.08,OFF,ON
FullTest_6004,"Rank(Ts_Rank(volume, 20))",USA,MINVOL3M,INDUSTRY,5,1,P1Y,0.08,OFF,OFF
FullTest_6005,"Rank(Ts_Rank(volume, 20))",USA,MINVOL3M,INDUSTRY,5,1,P1Y,0.01,ON,ON
FullTest_6006,"Rank(Ts_Rank(volume, 20))",USA,MINVOL3M,INDUSTRY,5,1,P1Y,0.01,ON,OFF
FullTest_6007,"Rank(Ts_Rank(volume, 20))",USA,MINVOL3M,INDUSTRY,5,1,P1Y,0.01,OFF,ON
FullTest_6008,"Rank(Ts_Rank(volume, 20))",USA,MINVOL3M,INDUSTRY,5,1,P1Y,0.01,OFF,OFF
FullTest_6009,"Rank(Ts_Rank(volume, 20))",USA,MINVOL3M,INDUSTRY,5,1,P2Y,0.08,ON,ON
FullTest_6010,"Rank(Ts_Rank(volume, 20))",USA,MINVOL3M,INDUSTRY,5,1,P2Y,0.08,ON,OFF
FullTest_6011,"Rank(Ts_Rank(volume, 20))",USA,MINVOL3M,INDUSTRY,5,1,P2Y,0.08,OFF,ON
FullTest_6012,"Rank(Ts_Rank(volume, 20))",USA,MINVOL3M,INDUSTRY,5,1,P2Y,0.08,OFF,OFF
FullTest_6013,"Rank(Ts_Rank(volume, 20))",USA,MINVOL3M,INDUSTRY,5,1,P2Y,0.01,ON,ON
FullTest_6014,"Rank(Ts_Rank(volume, 20))",USA,MINVOL3M,INDUSTRY,5,1,P2Y,0.01,ON,OFF
FullTest_6015,"Rank(Ts_Rank(volume, 20))",USA,MINVOL3M,INDUSTRY,5,1,P2Y,0.01,OFF,ON
FullTest_6016,"Rank(Ts_Rank(volume, 20))",USA,MINVOL3M,INDUSTRY,5,1,P2Y,0.01,OFF,OFF
FullTest_6017,"Rank(Ts_Rank(volume, 20))",USA,MINVOL3M,MARKET,0,0,P1Y,0.08,ON,ON
FullTest_6018,"Rank(Ts_Rank(volume, 20))",USA,MINVOL3M,MARKET,0,0,P1Y,0.08,ON,OFF
FullTest_6019,"Rank(Ts_Rank(volume, 20))",USA,MINVOL3M,MARKET,0,0,P1Y,0.08,OFF,ON
FullTest_6020,"Rank(Ts_Rank(volume, 20))",USA,MINVOL3M,MARKET,0,0,P1Y,0.08,OFF,OFF
FullTest_6021,"Rank(Ts_Rank(volume, 20))",USA,MINVOL3M,MARKET,0,0,P1Y,0.01,ON,ON
FullTest_6022,"Rank(Ts_Rank(volume, 20))",USA,MINVOL3M,MARKET,0,0,P1Y,0.01,ON,OFF
FullTest_6023,"Rank(Ts_Rank(volume, 20))",USA,MINVOL3M,MARKET,0,0,P1Y,0.01,OFF,ON
FullTest_6024,"Rank(Ts_Rank(volume, 20))",USA,MINVOL3M,MARKET,0,0,P1Y,0.01,OFF,OFF
FullTest_6025,"Rank(Ts_Rank(volume, 20))",USA,MINVOL3M,MARKET,0,0,P2Y,0.08,ON,ON
FullTest_6026,"Rank(Ts_Rank(volume, 20))",USA,MINVOL3M,MARKET,0,0,P2Y,0.08,ON,OFF
FullTest_6027,"Rank(Ts_Rank(volume, 20))",USA,MINVOL3M,MARKET,0,0,P2Y,0.08,OFF,ON
FullTest_6028,"Rank(Ts_Rank(volume, 20))",USA,MINVOL3M,MARKET,0,0,P2Y,0.08,OFF,OFF
FullTest_6029,"Rank(Ts_Rank(volume, 20))",USA,MINVOL3M,MARKET,0,0,P2Y,0.01,ON,ON
FullTest_6030,"Rank(Ts_Rank(volume, 20))",USA,MINVOL3M,MARKET,0,0,P2Y,0.01,ON,OFF
FullTest_6031,"Rank(Ts_Rank(volume, 20))",USA,MINVOL3M,MARKET,0,0,P2Y,0.01,OFF,ON
FullTest_6032,"Rank(Ts_Rank(volume, 20))",USA,MINVOL3M,MARKET,0,0,P2Y,0.01,OFF,OFF
FullTest_6033,"Rank(Ts_Rank(volume, 20))",USA,MINVOL3M,MARKET,0,1,P1Y,0.08,ON,ON
FullTest_6034,"Rank(Ts_Rank(volume, 20))",USA,MINVOL3M,MARKET,0,1,P1Y,0.08,ON,OFF
FullTest_6035,"Rank(Ts_Rank(volume, 20))",USA,MINVOL3M,MARKET,0,1,P1Y,0.08,OFF,ON
FullTest_6036,"Rank(Ts_Rank(volume, 20))",USA,MINVOL3M,MARKET,0,1,P1Y,0.08,OFF,OFF
FullTest_6037,"Rank(Ts_Rank(volume, 20))",USA,MINVOL3M,MARKET,0,1,P1Y,0.01,ON,ON
FullTest_6038,"Rank(Ts_Rank(volume, 20))",USA,MINVOL3M,MARKET,0,1,P1Y,0.01,ON,OFF
FullTest_6039,"Rank(Ts_Rank(volume, 20))",USA,MINVOL3M,MARKET,0,1,P1Y,0.01,OFF,ON
FullTest_6040,"Rank(Ts_Rank(volume, 20))",USA,MINVOL3M,MARKET,0,1,P1Y,0.01,OFF,OFF
FullTest_6041,"Rank(Ts_Rank(volume, 20))",USA,MINVOL3M,MARKET,0,1,P2Y,0.08,ON,ON
FullTest_6042,"Rank(Ts_Rank(volume, 20))",USA,MINVOL3M,MARKET,0,1,P2Y,0.08,ON,OFF
FullTest_6043,"Rank(Ts_Rank(volume, 20))",USA,MINVOL3M,MARKET,0,1,P2Y,0.08,OFF,ON
FullTest_6044,"Rank(Ts_Rank(volume, 20))",USA,MINVOL3M,MARKET,0,1,P2Y,0.08,OFF,OFF
FullTest_6045,"Rank(Ts_Rank(volume, 20))",USA,MINVOL3M,MARKET,0,1,P2Y,0.01,ON,ON
FullTest_6046,"Rank(Ts_Rank(volume, 20))",USA,MINVOL3M,MARKET,0,1,P2Y,0.01,ON,OFF
FullTest_6047,"Rank(Ts_Rank(volume, 20))",USA,MINVOL3M,MARKET,0,1,P2Y,0.01,OFF,ON
FullTest_6048,"Rank(Ts_Rank(volume, 20))",USA,MINVOL3M,MARKET,0,1,P2Y,0.01,OFF,OFF
FullTest_6049,"Rank(Ts_Rank(volume, 20))",USA,MINVOL3M,MARKET,5,0,P1Y,0.08,ON,ON
FullTest_6050,"Rank(Ts_Rank(volume, 20))",USA,MINVOL3M,MARKET,5,0,P1Y,0.08,ON,OFF
FullTest_6051,"Rank(Ts_Rank(volume, 20))",USA,MINVOL3M,MARKET,5,0,P1Y,0.08,OFF,ON
FullTest_6052,"Rank(Ts_Rank(volume, 20))",USA,MINVOL3M,MARKET,5,0,P1Y,0.08,OFF,OFF
FullTest_6053,"Rank(Ts_Rank(volume, 20))",USA,MINVOL3M,MARKET,5,0,P1Y,0.01,ON,ON
FullTest_6054,"Rank(Ts_Rank(volume, 20))",USA,MINVOL3M,MARKET,5,0,P1Y,0.01,ON,OFF
FullTest_6055,"Rank(Ts_Rank(volume, 20))",USA,MINVOL3M,MARKET,5,0,P1Y,0.01,OFF,ON
FullTest_6056,"Rank(Ts_Rank(volume, 20))",USA,MINVOL3M,MARKET,5,0,P1Y,0.01,OFF,OFF
FullTest_6057,"Rank(Ts_Rank(volume, 20))",USA,MINVOL3M,MARKET,5,0,P2Y,0.08,ON,ON
FullTest_6058,"Rank(Ts_Rank(volume, 20))",USA,MINVOL3M,MARKET,5,0,P2Y,0.08,ON,OFF
FullTest_6059,"Rank(Ts_Rank(volume, 20))",USA,MINVOL3M,MARKET,5,0,P2Y,0.08,OFF,ON
FullTest_6060,"Rank(Ts_Rank(volume, 20))",USA,MINVOL3M,MARKET,5,0,P2Y,0.08,OFF,OFF
FullTest_6061,"Rank(Ts_Rank(volume, 20))",USA,MINVOL3M,MARKET,5,0,P2Y,0.01,ON,ON
FullTest_6062,"Rank(Ts_Rank(volume, 20))",USA,MINVOL3M,MARKET,5,0,P2Y,0.01,ON,OFF
FullTest_6063,"Rank(Ts_Rank(volume, 20))",USA,MINVOL3M,MARKET,5,0,P2Y,0.01,OFF,ON
FullTest_6064,"Rank(Ts_Rank(volume, 20))",USA,MINVOL3M,MARKET,5,0,P2Y,0.01,OFF,OFF
FullTest_6065,"Rank(Ts_Rank(volume, 20))",USA,MINVOL3M,MARKET,5,1,P1Y,0.08,ON,ON
FullTest_6066,"Rank(Ts_Rank(volume, 20))",USA,MINVOL3M,MARKET,5,1,P1Y,0.08,ON,OFF
FullTest_6067,"Rank(Ts_Rank(volume, 20))",USA,MINVOL3M,MARKET,5,1,P1Y,0.08,OFF,ON
FullTest_6068,"Rank(Ts_Rank(volume, 20))",USA,MINVOL3M,MARKET,5,1,P1Y,0.08,OFF,OFF
FullTest_6069,"Rank(Ts_Rank(volume, 20))",USA,MINVOL3M,MARKET,5,1,P1Y,0.01,ON,ON
FullTest_6070,"Rank(Ts_Rank(volume, 20))",USA,MINVOL3M,MARKET,5,1,P1Y,0.01,ON,OFF
FullTest_6071,"Rank(Ts_Rank(volume, 20))",USA,MINVOL3M,MARKET,5,1,P1Y,0.01,OFF,ON
FullTest_6072,"Rank(Ts_Rank(volume, 20))",USA,MINVOL3M,MARKET,5,1,P1Y,0.01,OFF,OFF
FullTest_6073,"Rank(Ts_Rank(volume, 20))",USA,MINVOL3M,MARKET,5,1,P2Y,0.08,ON,ON
FullTest_6074,"Rank(Ts_Rank(volume, 20))",USA,MINVOL3M,MARKET,5,1,P2Y,0.08,ON,OFF
FullTest_6075,"Rank(Ts_Rank(volume, 20))",USA,MINVOL3M,MARKET,5,1,P2Y,0.08,OFF,ON
FullTest_6076,"Rank(Ts_Rank(volume, 20))",USA,MINVOL3M,MARKET,5,1,P2Y,0.08,OFF,OFF
FullTest_6077,"Rank(Ts_Rank(volume, 20))",USA,MINVOL3M,MARKET,5,1,P2Y,0.01,ON,ON
FullTest_6078,"Rank(Ts_Rank(volume, 20))",USA,MINVOL3M,MARKET,5,1,P2Y,0.01,ON,OFF
FullTest_6079,"Rank(Ts_Rank(volume, 20))",USA,MINVOL3M,MARKET,5,1,P2Y,0.01,OFF,ON
FullTest_6080,"Rank(Ts_Rank(volume, 20))",USA,MINVOL3M,MARKET,5,1,P2Y,0.01,OFF,OFF
FullTest_6081,"Rank(Ts_Rank(volume, 20))",USA,MINVOL3M,NONE,0,0,P1Y,0.08,ON,ON
FullTest_6082,"Rank(Ts_Rank(volume, 20))",USA,MINVOL3M,NONE,0,0,P1Y,0.08,ON,OFF
FullTest_6083,"Rank(Ts_Rank(volume, 20))",USA,MINVOL3M,NONE,0,0,P1Y,0.08,OFF,ON
FullTest_6084,"Rank(Ts_Rank(volume, 20))",USA,MINVOL3M,NONE,0,0,P1Y,0.08,OFF,OFF
FullTest_6085,"Rank(Ts_Rank(volume, 20))",USA,MINVOL3M,NONE,0,0,P1Y,0.01,ON,ON
FullTest_6086,"Rank(Ts_Rank(volume, 20))",USA,MINVOL3M,NONE,0,0,P1Y,0.01,ON,OFF
FullTest_6087,"Rank(Ts_Rank(volume, 20))",USA,MINVOL3M,NONE,0,0,P1Y,0.01,OFF,ON
FullTest_6088,"Rank(Ts_Rank(volume, 20))",USA,MINVOL3M,NONE,0,0,P1Y,0.01,OFF,OFF
FullTest_6089,"Rank(Ts_Rank(volume, 20))",USA,MINVOL3M,NONE,0,0,P2Y,0.08,ON,ON
FullTest_6090,"Rank(Ts_Rank(volume, 20))",USA,MINVOL3M,NONE,0,0,P2Y,0.08,ON,OFF
FullTest_6091,"Rank(Ts_Rank(volume, 20))",USA,MINVOL3M,NONE,0,0,P2Y,0.08,OFF,ON
FullTest_6092,"Rank(Ts_Rank(volume, 20))",USA,MINVOL3M,NONE,0,0,P2Y,0.08,OFF,OFF
FullTest_6093,"Rank(Ts_Rank(volume, 20))",USA,MINVOL3M,NONE,0,0,P2Y,0.01,ON,ON
FullTest_6094,"Rank(Ts_Rank(volume, 20))",USA,MINVOL3M,NONE,0,0,P2Y,0.01,ON,OFF
FullTest_6095,"Rank(Ts_Rank(volume, 20))",USA,MINVOL3M,NONE,0,0,P2Y,0.01,OFF,ON
FullTest_6096,"Rank(Ts_Rank(volume, 20))",USA,MINVOL3M,NONE,0,0,P2Y,0.01,OFF,OFF
FullTest_6097,"Rank(Ts_Rank(volume, 20))",USA,MINVOL3M,NONE,0,1,P1Y,0.08,ON,ON
FullTest_6098,"Rank(Ts_Rank(volume, 20))",USA,MINVOL3M,NONE,0,1,P1Y,0.08,ON,OFF
FullTest_6099,"Rank(Ts_Rank(volume, 20))",USA,MINVOL3M,NONE,0,1,P1Y,0.08,OFF,ON
FullTest_6100,"Rank(Ts_Rank(volume, 20))",USA,MINVOL3M,NONE,0,1,P1Y,0.08,OFF,OFF
FullTest_6101,"Rank(Ts_Rank(volume, 20))",USA,MINVOL3M,NONE,0,1,P1Y,0.01,ON,ON
FullTest_6102,"Rank(Ts_Rank(volume, 20))",USA,MINVOL3M,NONE,0,1,P1Y,0.01,ON,OFF
FullTest_6103,"Rank(Ts_Rank(volume, 20))",USA,MINVOL3M,NONE,0,1,P1Y,0.01,OFF,ON
FullTest_6104,"Rank(Ts_Rank(volume, 20))",USA,MINVOL3M,NONE,0,1,P1Y,0.01,OFF,OFF
FullTest_6105,"Rank(Ts_Rank(volume, 20))",USA,MINVOL3M,NONE,0,1,P2Y,0.08,ON,ON
FullTest_6106,"Rank(Ts_Rank(volume, 20))",USA,MINVOL3M,NONE,0,1,P2Y,0.08,ON,OFF
FullTest_6107,"Rank(Ts_Rank(volume, 20))",USA,MINVOL3M,NONE,0,1,P2Y,0.08,OFF,ON
FullTest_6108,"Rank(Ts_Rank(volume, 20))",USA,MINVOL3M,NONE,0,1,P2Y,0.08,OFF,OFF
FullTest_6109,"Rank(Ts_Rank(volume, 20))",USA,MINVOL3M,NONE,0,1,P2Y,0.01,ON,ON
FullTest_6110,"Rank(Ts_Rank(volume, 20))",USA,MINVOL3M,NONE,0,1,P2Y,0.01,ON,OFF
FullTest_6111,"Rank(Ts_Rank(volume, 20))",USA,MINVOL3M,NONE,0,1,P2Y,0.01,OFF,ON
FullTest_6112,"Rank(Ts_Rank(volume, 20))",USA,MINVOL3M,NONE,0,1,P2Y,0.01,OFF,OFF
FullTest_6113,"Rank(Ts_Rank(volume, 20))",USA,MINVOL3M,NONE,5,0,P1Y,0.08,ON,ON
FullTest_6114,"Rank(Ts_Rank(volume, 20))",USA,MINVOL3M,NONE,5,0,P1Y,0.08,ON,OFF
FullTest_6115,"Rank(Ts_Rank(volume, 20))",USA,MINVOL3M,NONE,5,0,P1Y,0.08,OFF,ON
FullTest_6116,"Rank(Ts_Rank(volume, 20))",USA,MINVOL3M,NONE,5,0,P1Y,0.08,OFF,OFF
FullTest_6117,"Rank(Ts_Rank(volume, 20))",USA,MINVOL3M,NONE,5,0,P1Y,0.01,ON,ON
FullTest_6118,"Rank(Ts_Rank(volume, 20))",USA,MINVOL3M,NONE,5,0,P1Y,0.01,ON,OFF
FullTest_6119,"Rank(Ts_Rank(volume, 20))",USA,MINVOL3M,NONE,5,0,P1Y,0.01,OFF,ON
FullTest_6120,"Rank(Ts_Rank(volume, 20))",USA,MINVOL3M,NONE,5,0,P1Y,0.01,OFF,OFF
FullTest_6121,"Rank(Ts_Rank(volume, 20))",USA,MINVOL3M,NONE,5,0,P2Y,0.08,ON,ON
FullTest_6122,"Rank(Ts_Rank(volume, 20))",USA,MINVOL3M,NONE,5,0,P2Y,0.08,ON,OFF
FullTest_6123,"Rank(Ts_Rank(volume, 20))",USA,MINVOL3M,NONE,5,0,P2Y,0.08,OFF,ON
FullTest_6124,"Rank(Ts_Rank(volume, 20))",USA,MINVOL3M,NONE,5,0,P2Y,0.08,OFF,OFF
FullTest_6125,"Rank(Ts_Rank(volume, 20))",USA,MINVOL3M,NONE,5,0,P2Y,0.01,ON,ON
FullTest_6126,"Rank(Ts_Rank(volume, 20))",USA,MINVOL3M,NONE,5,0,P2Y,0.01,ON,OFF
FullTest_6127,"Rank(Ts_Rank(volume, 20))",USA,MINVOL3M,NONE,5,0,P2Y,0.01,OFF,ON
FullTest_6128,"Rank(Ts_Rank(volume, 20))",USA,MINVOL3M,NONE,5,0,P2Y,0.01,OFF,OFF
FullTest_6129,"Rank(Ts_Rank(volume, 20))",USA,MINVOL3M,NONE,5,1,P1Y,0.08,ON,ON
FullTest_6130,"Rank(Ts_Rank(volume, 20))",USA,MINVOL3M,NONE,5,1,P1Y,0.08,ON,OFF
FullTest_6131,"Rank(Ts_Rank(volume, 20))",USA,MINVOL3M,NONE,5,1,P1Y,0.08,OFF,ON
FullTest_6132,"Rank(Ts_Rank(volume, 20))",USA,MINVOL3M,NONE,5,1,P1Y,0.08,OFF,OFF
FullTest_6133,"Rank(Ts_Rank(volume, 20))",USA,MINVOL3M,NONE,5,1,P1Y,0.01,ON,ON
FullTest_6134,"Rank(Ts_Rank(volume, 20))",USA,MINVOL3M,NONE,5,1,P1Y,0.01,ON,OFF
FullTest_6135,"Rank(Ts_Rank(volume, 20))",USA,MINVOL3M,NONE,5,1,P1Y,0.01,OFF,ON
FullTest_6136,"Rank(Ts_Rank(volume, 20))",USA,MINVOL3M,NONE,5,1,P1Y,0.01,OFF,OFF
FullTest_6137,"Rank(Ts_Rank(volume, 20))",USA,MINVOL3M,NONE,5,1,P2Y,0.08,ON,ON
FullTest_6138,"Rank(Ts_Rank(volume, 20))",USA,MINVOL3M,NONE,5,1,P2Y,0.08,ON,OFF
FullTest_6139,"Rank(Ts_Rank(volume, 20))",USA,MINVOL3M,NONE,5,1,P2Y,0.08,OFF,ON
FullTest_6140,"Rank(Ts_Rank(volume, 20))",USA,MINVOL3M,NONE,5,1,P2Y,0.08,OFF,OFF
FullTest_6141,"Rank(Ts_Rank(volume, 20))",USA,MINVOL3M,NONE,5,1,P2Y,0.01,ON,ON
FullTest_6142,"Rank(Ts_Rank(volume, 20))",USA,MINVOL3M,NONE,5,1,P2Y,0.01,ON,OFF
FullTest_6143,"Rank(Ts_Rank(volume, 20))",USA,MINVOL3M,NONE,5,1,P2Y,0.01,OFF,ON
FullTest_6144,"Rank(Ts_Rank(volume, 20))",USA,MINVOL3M,NONE,5,1,P2Y,0.01,OFF,OFF
FullTest_6145,"Rank(Ts_Rank(volume, 20))",ASI,TOP3000,INDUSTRY,0,0,P1Y,0.08,ON,ON
FullTest_6146,"Rank(Ts_Rank(volume, 20))",ASI,TOP3000,INDUSTRY,0,0,P1Y,0.08,ON,OFF
FullTest_6147,"Rank(Ts_Rank(volume, 20))",ASI,TOP3000,INDUSTRY,0,0,P1Y,0.08,OFF,ON
FullTest_6148,"Rank(Ts_Rank(volume, 20))",ASI,TOP3000,INDUSTRY,0,0,P1Y,0.08,OFF,OFF
FullTest_6149,"Rank(Ts_Rank(volume, 20))",ASI,TOP3000,INDUSTRY,0,0,P1Y,0.01,ON,ON
FullTest_6150,"Rank(Ts_Rank(volume, 20))",ASI,TOP3000,INDUSTRY,0,0,P1Y,0.01,ON,OFF
FullTest_6151,"Rank(Ts_Rank(volume, 20))",ASI,TOP3000,INDUSTRY,0,0,P1Y,0.01,OFF,ON
FullTest_6152,"Rank(Ts_Rank(volume, 20))",ASI,TOP3000,INDUSTRY,0,0,P1Y,0.01,OFF,OFF
FullTest_6153,"Rank(Ts_Rank(volume, 20))",ASI,TOP3000,INDUSTRY,0,0,P2Y,0.08,ON,ON
FullTest_6154,"Rank(Ts_Rank(volume, 20))",ASI,TOP3000,INDUSTRY,0,0,P2Y,0.08,ON,OFF
FullTest_6155,"Rank(Ts_Rank(volume, 20))",ASI,TOP3000,INDUSTRY,0,0,P2Y,0.08,OFF,ON
FullTest_6156,"Rank(Ts_Rank(volume, 20))",ASI,TOP3000,INDUSTRY,0,0,P2Y,0.08,OFF,OFF
FullTest_6157,"Rank(Ts_Rank(volume, 20))",ASI,TOP3000,INDUSTRY,0,0,P2Y,0.01,ON,ON
FullTest_6158,"Rank(Ts_Rank(volume, 20))",ASI,TOP3000,INDUSTRY,0,0,P2Y,0.01,ON,OFF
FullTest_6159,"Rank(Ts_Rank(volume, 20))",ASI,TOP3000,INDUSTRY,0,0,P2Y,0.01,OFF,ON
FullTest_6160,"Rank(Ts_Rank(volume, 20))",ASI,TOP3000,INDUSTRY,0,0,P2Y,0.01,OFF,OFF
FullTest_6161,"Rank(Ts_Rank(volume, 20))",ASI,TOP3000,INDUSTRY,0,1,P1Y,0.08,ON,ON
FullTest_6162,"Rank(Ts_Rank(volume, 20))",ASI,TOP3000,INDUSTRY,0,1,P1Y,0.08,ON,OFF
FullTest_6163,"Rank(Ts_Rank(volume, 20))",ASI,TOP3000,INDUSTRY,0,1,P1Y,0.08,OFF,ON
FullTest_6164,"Rank(Ts_Rank(volume, 20))",ASI,TOP3000,INDUSTRY,0,1,P1Y,0.08,OFF,OFF
FullTest_6165,"Rank(Ts_Rank(volume, 20))",ASI,TOP3000,INDUSTRY,0,1,P1Y,0.01,ON,ON
FullTest_6166,"Rank(Ts_Rank(volume, 20))",ASI,TOP3000,INDUSTRY,0,1,P1Y,0.01,ON,OFF
FullTest_6167,"Rank(Ts_Rank(volume, 20))",ASI,TOP3000,INDUSTRY,0,1,P1Y,0.01,OFF,ON
FullTest_6168,"Rank(Ts_Rank(volume, 20))",ASI,TOP3000,INDUSTRY,0,1,P1Y,0.01,OFF,OFF
FullTest_6169,"Rank(Ts_Rank(volume, 20))",ASI,TOP3000,INDUSTRY,0,1,P2Y,0.08,ON,ON
FullTest_6170,"Rank(Ts_Rank(volume, 20))",ASI,TOP3000,INDUSTRY,0,1,P2Y,0.08,ON,OFF
FullTest_6171,"Rank(Ts_Rank(volume, 20))",ASI,TOP3000,INDUSTRY,0,1,P2Y,0.08,OFF,ON
FullTest_6172,"Rank(Ts_Rank(volume, 20))",ASI,TOP3000,INDUSTRY,0,1,P2Y,0.08,OFF,OFF
FullTest_6173,"Rank(Ts_Rank(volume, 20))",ASI,TOP3000,INDUSTRY,0,1,P2Y,0.01,ON,ON
FullTest_6174,"Rank(Ts_Rank(volume, 20))",ASI,TOP3000,INDUSTRY,0,1,P2Y,0.01,ON,OFF
FullTest_6175,"Rank(Ts_Rank(volume, 20))",ASI,TOP3000,INDUSTRY,0,1,P2Y,0.01,OFF,ON
FullTest_6176,"Rank(Ts_Rank(volume, 20))",ASI,TOP3000,INDUSTRY,0,1,P2Y,0.01,OFF,OFF
FullTest_6177,"Rank(Ts_Rank(volume, 20))",ASI,TOP3000,INDUSTRY,5,0,P1Y,0.08,ON,ON
FullTest_6178,"Rank(Ts_Rank(volume, 20))",ASI,TOP3000,INDUSTRY,5,0,P1Y,0.08,ON,OFF
FullTest_6179,"Rank(Ts_Rank(volume, 20))",ASI,TOP3000,INDUSTRY,5,0,P1Y,0.08,OFF,ON
FullTest_6180,"Rank(Ts_Rank(volume, 20))",ASI,TOP3000,INDUSTRY,5,0,P1Y,0.08,OFF,OFF
FullTest_6181,"Rank(Ts_Rank(volume, 20))",ASI,TOP3000,INDUSTRY,5,0,P1Y,0.01,ON,ON
FullTest_6182,"Rank(Ts_Rank(volume, 20))",ASI,TOP3000,INDUSTRY,5,0,P1Y,0.01,ON,OFF
FullTest_6183,"Rank(Ts_Rank(volume, 20))",ASI,TOP3000,INDUSTRY,5,0,P1Y,0.01,OFF,ON
FullTest_6184,"Rank(Ts_Rank(volume, 20))",ASI,TOP3000,INDUSTRY,5,0,P1Y,0.01,OFF,OFF
FullTest_6185,"Rank(Ts_Rank(volume, 20))",ASI,TOP3000,INDUSTRY,5,0,P2Y,0.08,ON,ON
FullTest_6186,"Rank(Ts_Rank(volume, 20))",ASI,TOP3000,INDUSTRY,5,0,P2Y,0.08,ON,OFF
FullTest_6187,"Rank(Ts_Rank(volume, 20))",ASI,TOP3000,INDUSTRY,5,0,P2Y,0.08,OFF,ON
FullTest_6188,"Rank(Ts_Rank(volume, 20))",ASI,TOP3000,INDUSTRY,5,0,P2Y,0.08,OFF,OFF
FullTest_6189,"Rank(Ts_Rank(volume, 20))",ASI,TOP3000,INDUSTRY,5,0,P2Y,0.01,ON,ON
FullTest_6190,"Rank(Ts_Rank(volume, 20))",ASI,TOP3000,INDUSTRY,5,0,P2Y,0.01,ON,OFF
FullTest_6191,"Rank(Ts_Rank(volume, 20))",ASI,TOP3000,INDUSTRY,5,0,P2Y,0.01,OFF,ON
FullTest_6192,"Rank(Ts_Rank(volume, 20))",ASI,TOP3000,INDUSTRY,5,0,P2Y,0.01,OFF,OFF
FullTest_6193,"Rank(Ts_Rank(volume, 20))",ASI,TOP3000,INDUSTRY,5,1,P1Y,0.08,ON,ON
FullTest_6194,"Rank(Ts_Rank(volume, 20))",ASI,TOP3000,INDUSTRY,5,1,P1Y,0.08,ON,OFF
FullTest_6195,"Rank(Ts_Rank(volume, 20))",ASI,TOP3000,INDUSTRY,5,1,P1Y,0.08,OFF,ON
FullTest_6196,"Rank(Ts_Rank(volume, 20))",ASI,TOP3000,INDUSTRY,5,1,P1Y,0.08,OFF,OFF
FullTest_6197,"Rank(Ts_Rank(volume, 20))",ASI,TOP3000,INDUSTRY,5,1,P1Y,0.01,ON,ON
FullTest_6198,"Rank(Ts_Rank(volume, 20))",ASI,TOP3000,INDUSTRY,5,1,P1Y,0.01,ON,OFF
FullTest_6199,"Rank(Ts_Rank(volume, 20))",ASI,TOP3000,INDUSTRY,5,1,P1Y,0.01,OFF,ON
FullTest_6200,"Rank(Ts_Rank(volume, 20))",ASI,TOP3000,INDUSTRY,5,1,P1Y,0.01,OFF,OFF
FullTest_6201,"Rank(Ts_Rank(volume, 20))",ASI,TOP3000,INDUSTRY,5,1,P2Y,0.08,ON,ON
FullTest_6202,"Rank(Ts_Rank(volume, 20))",ASI,TOP3000,INDUSTRY,5,1,P2Y,0.08,ON,OFF
FullTest_6203,"Rank(Ts_Rank(volume, 20))",ASI,TOP3000,INDUSTRY,5,1,P2Y,0.08,OFF,ON
FullTest_6204,"Rank(Ts_Rank(volume, 20))",ASI,TOP3000,INDUSTRY,5,1,P2Y,0.08,OFF,OFF
FullTest_6205,"Rank(Ts_Rank(volume, 20))",ASI,TOP3000,INDUSTRY,5,1,P2Y,0.01,ON,ON
FullTest_6206,"Rank(Ts_Rank(volume, 20))",ASI,TOP3000,INDUSTRY,5,1,P2Y,0.01,ON,OFF
FullTest_6207,"Rank(Ts_Rank(volume, 20))",ASI,TOP3000,INDUSTRY,5,1,P2Y,0.01,OFF,ON
FullTest_6208,"Rank(Ts_Rank(volume, 20))",ASI,TOP3000,INDUSTRY,5,1,P2Y,0.01,OFF,OFF
FullTest_6209,"Rank(Ts_Rank(volume, 20))",ASI,TOP3000,MARKET,0,0,P1Y,0.08,ON,ON
FullTest_6210,"Rank(Ts_Rank(volume, 20))",ASI,TOP3000,MARKET,0,0,P1Y,0.08,ON,OFF
FullTest_6211,"Rank(Ts_Rank(volume, 20))",ASI,TOP3000,MARKET,0,0,P1Y,0.08,OFF,ON
FullTest_6212,"Rank(Ts_Rank(volume, 20))",ASI,TOP3000,MARKET,0,0,P1Y,0.08,OFF,OFF
FullTest_6213,"Rank(Ts_Rank(volume, 20))",ASI,TOP3000,MARKET,0,0,P1Y,0.01,ON,ON
FullTest_6214,"Rank(Ts_Rank(volume, 20))",ASI,TOP3000,MARKET,0,0,P1Y,0.01,ON,OFF
FullTest_6215,"Rank(Ts_Rank(volume, 20))",ASI,TOP3000,MARKET,0,0,P1Y,0.01,OFF,ON
FullTest_6216,"Rank(Ts_Rank(volume, 20))",ASI,TOP3000,MARKET,0,0,P1Y,0.01,OFF,OFF
FullTest_6217,"Rank(Ts_Rank(volume, 20))",ASI,TOP3000,MARKET,0,0,P2Y,0.08,ON,ON
FullTest_6218,"Rank(Ts_Rank(volume, 20))",ASI,TOP3000,MARKET,0,0,P2Y,0.08,ON,OFF
FullTest_6219,"Rank(Ts_Rank(volume, 20))",ASI,TOP3000,MARKET,0,0,P2Y,0.08,OFF,ON
FullTest_6220,"Rank(Ts_Rank(volume, 20))",ASI,TOP3000,MARKET,0,0,P2Y,0.08,OFF,OFF
FullTest_6221,"Rank(Ts_Rank(volume, 20))",ASI,TOP3000,MARKET,0,0,P2Y,0.01,ON,ON
FullTest_6222,"Rank(Ts_Rank(volume, 20))",ASI,TOP3000,MARKET,0,0,P2Y,0.01,ON,OFF
FullTest_6223,"Rank(Ts_Rank(volume, 20))",ASI,TOP3000,MARKET,0,0,P2Y,0.01,OFF,ON
FullTest_6224,"Rank(Ts_Rank(volume, 20))",ASI,TOP3000,MARKET,0,0,P2Y,0.01,OFF,OFF
FullTest_6225,"Rank(Ts_Rank(volume, 20))",ASI,TOP3000,MARKET,0,1,P1Y,0.08,ON,ON
FullTest_6226,"Rank(Ts_Rank(volume, 20))",ASI,TOP3000,MARKET,0,1,P1Y,0.08,ON,OFF
FullTest_6227,"Rank(Ts_Rank(volume, 20))",ASI,TOP3000,MARKET,0,1,P1Y,0.08,OFF,ON
FullTest_6228,"Rank(Ts_Rank(volume, 20))",ASI,TOP3000,MARKET,0,1,P1Y,0.08,OFF,OFF
FullTest_6229,"Rank(Ts_Rank(volume, 20))",ASI,TOP3000,MARKET,0,1,P1Y,0.01,ON,ON
FullTest_6230,"Rank(Ts_Rank(volume, 20))",ASI,TOP3000,MARKET,0,1,P1Y,0.01,ON,OFF
FullTest_6231,"Rank(Ts_Rank(volume, 20))",ASI,TOP3000,MARKET,0,1,P1Y,0.01,OFF,ON
FullTest_6232,"Rank(Ts_Rank(volume, 20))",ASI,TOP3000,MARKET,0,1,P1Y,0.01,OFF,OFF
FullTest_6233,"Rank(Ts_Rank(volume, 20))",ASI,TOP3000,MARKET,0,1,P2Y,0.08,ON,ON
FullTest_6234,"Rank(Ts_Rank(volume, 20))",ASI,TOP3000,MARKET,0,1,P2Y,0.08,ON,OFF
FullTest_6235,"Rank(Ts_Rank(volume, 20))",ASI,TOP3000,MARKET,0,1,P2Y,0.08,OFF,ON
FullTest_6236,"Rank(Ts_Rank(volume, 20))",ASI,TOP3000,MARKET,0,1,P2Y,0.08,OFF,OFF
FullTest_6237,"Rank(Ts_Rank(volume, 20))",ASI,TOP3000,MARKET,0,1,P2Y,0.01,ON,ON
FullTest_6238,"Rank(Ts_Rank(volume, 20))",ASI,TOP3000,MARKET,0,1,P2Y,0.01,ON,OFF
FullTest_6239,"Rank(Ts_Rank(volume, 20))",ASI,TOP3000,MARKET,0,1,P2Y,0.01,OFF,ON
FullTest_6240,"Rank(Ts_Rank(volume, 20))",ASI,TOP3000,MARKET,0,1,P2Y,0.01,OFF,OFF
FullTest_6241,"Rank(Ts_Rank(volume, 20))",ASI,TOP3000,MARKET,5,0,P1Y,0.08,ON,ON
FullTest_6242,"Rank(Ts_Rank(volume, 20))",ASI,TOP3000,MARKET,5,0,P1Y,0.08,ON,OFF
FullTest_6243,"Rank(Ts_Rank(volume, 20))",ASI,TOP3000,MARKET,5,0,P1Y,0.08,OFF,ON
FullTest_6244,"Rank(Ts_Rank(volume, 20))",ASI,TOP3000,MARKET,5,0,P1Y,0.08,OFF,OFF
FullTest_6245,"Rank(Ts_Rank(volume, 20))",ASI,TOP3000,MARKET,5,0,P1Y,0.01,ON,ON
FullTest_6246,"Rank(Ts_Rank(volume, 20))",ASI,TOP3000,MARKET,5,0,P1Y,0.01,ON,OFF
FullTest_6247,"Rank(Ts_Rank(volume, 20))",ASI,TOP3000,MARKET,5,0,P1Y,0.01,OFF,ON
FullTest_6248,"Rank(Ts_Rank(volume, 20))",ASI,TOP3000,MARKET,5,0,P1Y,0.01,OFF,OFF
FullTest_6249,"Rank(Ts_Rank(volume, 20))",ASI,TOP3000,MARKET,5,0,P2Y,0.08,ON,ON
FullTest_6250,"Rank(Ts_Rank(volume, 20))",ASI,TOP3000,MARKET,5,0,P2Y,0.08,ON,OFF
FullTest_6251,"Rank(Ts_Rank(volume, 20))",ASI,TOP3000,MARKET,5,0,P2Y,0.08,OFF,ON
FullTest_6252,"Rank(Ts_Rank(volume, 20))",ASI,TOP3000,MARKET,5,0,P2Y,0.08,OFF,OFF
FullTest_6253,"Rank(Ts_Rank(volume, 20))",ASI,TOP3000,MARKET,5,0,P2Y,0.01,ON,ON
FullTest_6254,"Rank(Ts_Rank(volume, 20))",ASI,TOP3000,MARKET,5,0,P2Y,0.01,ON,OFF
FullTest_6255,"Rank(Ts_Rank(volume, 20))",ASI,TOP3000,MARKET,5,0,P2Y,0.01,OFF,ON
FullTest_6256,"Rank(Ts_Rank(volume, 20))",ASI,TOP3000,MARKET,5,0,P2Y,0.01,OFF,OFF
FullTest_6257,"Rank(Ts_Rank(volume, 20))",ASI,TOP3000,MARKET,5,1,P1Y,0.08,ON,ON
FullTest_6258,"Rank(Ts_Rank(volume, 20))",ASI,TOP3000,MARKET,5,1,P1Y,0.08,ON,OFF
FullTest_6259,"Rank(Ts_Rank(volume, 20))",ASI,TOP3000,MARKET,5,1,P1Y,0.08,OFF,ON
FullTest_6260,"Rank(Ts_Rank(volume, 20))",ASI,TOP3000,MARKET,5,1,P1Y,0.08,OFF,OFF
FullTest_6261,"Rank(Ts_Rank(volume, 20))",ASI,TOP3000,MARKET,5,1,P1Y,0.01,ON,ON
FullTest_6262,"Rank(Ts_Rank(volume, 20))",ASI,TOP3000,MARKET,5,1,P1Y,0.01,ON,OFF
FullTest_6263,"Rank(Ts_Rank(volume, 20))",ASI,TOP3000,MARKET,5,1,P1Y,0.01,OFF,ON
FullTest_6264,"Rank(Ts_Rank(volume, 20))",ASI,TOP3000,MARKET,5,1,P1Y,0.01,OFF,OFF
FullTest_6265,"Rank(Ts_Rank(volume, 20))",ASI,TOP3000,MARKET,5,1,P2Y,0.08,ON,ON
FullTest_6266,"Rank(Ts_Rank(volume, 20))",ASI,TOP3000,MARKET,5,1,P2Y,0.08,ON,OFF
FullTest_6267,"Rank(Ts_Rank(volume, 20))",ASI,TOP3000,MARKET,5,1,P2Y,0.08,OFF,ON
FullTest_6268,"Rank(Ts_Rank(volume, 20))",ASI,TOP3000,MARKET,5,1,P2Y,0.08,OFF,OFF
FullTest_6269,"Rank(Ts_Rank(volume, 20))",ASI,TOP3000,MARKET,5,1,P2Y,0.01,ON,ON
FullTest_6270,"Rank(Ts_Rank(volume, 20))",ASI,TOP3000,MARKET,5,1,P2Y,0.01,ON,OFF
FullTest_6271,"Rank(Ts_Rank(volume, 20))",ASI,TOP3000,MARKET,5,1,P2Y,0.01,OFF,ON
FullTest_6272,"Rank(Ts_Rank(volume, 20))",ASI,TOP3000,MARKET,5,1,P2Y,0.01,OFF,OFF
FullTest_6273,"Rank(Ts_Rank(volume, 20))",ASI,TOP3000,NONE,0,0,P1Y,0.08,ON,ON
FullTest_6274,"Rank(Ts_Rank(volume, 20))",ASI,TOP3000,NONE,0,0,P1Y,0.08,ON,OFF
FullTest_6275,"Rank(Ts_Rank(volume, 20))",ASI,TOP3000,NONE,0,0,P1Y,0.08,OFF,ON
FullTest_6276,"Rank(Ts_Rank(volume, 20))",ASI,TOP3000,NONE,0,0,P1Y,0.08,OFF,OFF
FullTest_6277,"Rank(Ts_Rank(volume, 20))",ASI,TOP3000,NONE,0,0,P1Y,0.01,ON,ON
FullTest_6278,"Rank(Ts_Rank(volume, 20))",ASI,TOP3000,NONE,0,0,P1Y,0.01,ON,OFF
FullTest_6279,"Rank(Ts_Rank(volume, 20))",ASI,TOP3000,NONE,0,0,P1Y,0.01,OFF,ON
FullTest_6280,"Rank(Ts_Rank(volume, 20))",ASI,TOP3000,NONE,0,0,P1Y,0.01,OFF,OFF
FullTest_6281,"Rank(Ts_Rank(volume, 20))",ASI,TOP3000,NONE,0,0,P2Y,0.08,ON,ON
FullTest_6282,"Rank(Ts_Rank(volume, 20))",ASI,TOP3000,NONE,0,0,P2Y,0.08,ON,OFF
FullTest_6283,"Rank(Ts_Rank(volume, 20))",ASI,TOP3000,NONE,0,0,P2Y,0.08,OFF,ON
FullTest_6284,"Rank(Ts_Rank(volume, 20))",ASI,TOP3000,NONE,0,0,P2Y,0.08,OFF,OFF
FullTest_6285,"Rank(Ts_Rank(volume, 20))",ASI,TOP3000,NONE,0,0,P2Y,0.01,ON,ON
FullTest_6286,"Rank(Ts_Rank(volume, 20))",ASI,TOP3000,NONE,0,0,P2Y,0.01,ON,OFF
FullTest_6287,"Rank(Ts_Rank(volume, 20))",ASI,TOP3000,NONE,0,0,P2Y,0.01,OFF,ON
FullTest_6288,"Rank(Ts_Rank(volume, 20))",ASI,TOP3000,NONE,0,0,P2Y,0.01,OFF,OFF
FullTest_6289,"Rank(Ts_Rank(volume, 20))",ASI,TOP3000,NONE,0,1,P1Y,0.08,ON,ON
FullTest_6290,"Rank(Ts_Rank(volume, 20))",ASI,TOP3000,NONE,0,1,P1Y,0.08,ON,OFF
FullTest_6291,"Rank(Ts_Rank(volume, 20))",ASI,TOP3000,NONE,0,1,P1Y,0.08,OFF,ON
FullTest_6292,"Rank(Ts_Rank(volume, 20))",ASI,TOP3000,NONE,0,1,P1Y,0.08,OFF,OFF
FullTest_6293,"Rank(Ts_Rank(volume, 20))",ASI,TOP3000,NONE,0,1,P1Y,0.01,ON,ON
FullTest_6294,"Rank(Ts_Rank(volume, 20))",ASI,TOP3000,NONE,0,1,P1Y,0.01,ON,OFF
FullTest_6295,"Rank(Ts_Rank(volume, 20))",ASI,TOP3000,NONE,0,1,P1Y,0.01,OFF,ON
FullTest_6296,"Rank(Ts_Rank(volume, 20))",ASI,TOP3000,NONE,0,1,P1Y,0.01,OFF,OFF
FullTest_6297,"Rank(Ts_Rank(volume, 20))",ASI,TOP3000,NONE,0,1,P2Y,0.08,ON,ON
FullTest_6298,"Rank(Ts_Rank(volume, 20))",ASI,TOP3000,NONE,0,1,P2Y,0.08,ON,OFF
FullTest_6299,"Rank(Ts_Rank(volume, 20))",ASI,TOP3000,NONE,0,1,P2Y,0.08,OFF,ON
FullTest_6300,"Rank(Ts_Rank(volume, 20))",ASI,TOP3000,NONE,0,1,P2Y,0.08,OFF,OFF
FullTest_6301,"Rank(Ts_Rank(volume, 20))",ASI,TOP3000,NONE,0,1,P2Y,0.01,ON,ON
FullTest_6302,"Rank(Ts_Rank(volume, 20))",ASI,TOP3000,NONE,0,1,P2Y,0.01,ON,OFF
FullTest_6303,"Rank(Ts_Rank(volume, 20))",ASI,TOP3000,NONE,0,1,P2Y,0.01,OFF,ON
FullTest_6304,"Rank(Ts_Rank(volume, 20))",ASI,TOP3000,NONE,0,1,P2Y,0.01,OFF,OFF
FullTest_6305,"Rank(Ts_Rank(volume, 20))",ASI,TOP3000,NONE,5,0,P1Y,0.08,ON,ON
FullTest_6306,"Rank(Ts_Rank(volume, 20))",ASI,TOP3000,NONE,5,0,P1Y,0.08,ON,OFF
FullTest_6307,"Rank(Ts_Rank(volume, 20))",ASI,TOP3000,NONE,5,0,P1Y,0.08,OFF,ON
FullTest_6308,"Rank(Ts_Rank(volume, 20))",ASI,TOP3000,NONE,5,0,P1Y,0.08,OFF,OFF
FullTest_6309,"Rank(Ts_Rank(volume, 20))",ASI,TOP3000,NONE,5,0,P1Y,0.01,ON,ON
FullTest_6310,"Rank(Ts_Rank(volume, 20))",ASI,TOP3000,NONE,5,0,P1Y,0.01,ON,OFF
FullTest_6311,"Rank(Ts_Rank(volume, 20))",ASI,TOP3000,NONE,5,0,P1Y,0.01,OFF,ON
FullTest_6312,"Rank(Ts_Rank(volume, 20))",ASI,TOP3000,NONE,5,0,P1Y,0.01,OFF,OFF
FullTest_6313,"Rank(Ts_Rank(volume, 20))",ASI,TOP3000,NONE,5,0,P2Y,0.08,ON,ON
FullTest_6314,"Rank(Ts_Rank(volume, 20))",ASI,TOP3000,NONE,5,0,P2Y,0.08,ON,OFF
FullTest_6315,"Rank(Ts_Rank(volume, 20))",ASI,TOP3000,NONE,5,0,P2Y,0.08,OFF,ON
FullTest_6316,"Rank(Ts_Rank(volume, 20))",ASI,TOP3000,NONE,5,0,P2Y,0.08,OFF,OFF
FullTest_6317,"Rank(Ts_Rank(volume, 20))",ASI,TOP3000,NONE,5,0,P2Y,0.01,ON,ON
FullTest_6318,"Rank(Ts_Rank(volume, 20))",ASI,TOP3000,NONE,5,0,P2Y,0.01,ON,OFF
FullTest_6319,"Rank(Ts_Rank(volume, 20))",ASI,TOP3000,NONE,5,0,P2Y,0.01,OFF,ON
FullTest_6320,"Rank(Ts_Rank(volume, 20))",ASI,TOP3000,NONE,5,0,P2Y,0.01,OFF,OFF
FullTest_6321,"Rank(Ts_Rank(volume, 20))",ASI,TOP3000,NONE,5,1,P1Y,0.08,ON,ON
FullTest_6322,"Rank(Ts_Rank(volume, 20))",ASI,TOP3000,NONE,5,1,P1Y,0.08,ON,OFF
FullTest_6323,"Rank(Ts_Rank(volume, 20))",ASI,TOP3000,NONE,5,1,P1Y,0.08,OFF,ON
FullTest_6324,"Rank(Ts_Rank(volume, 20))",ASI,TOP3000,NONE,5,1,P1Y,0.08,OFF,OFF
FullTest_6325,"Rank(Ts_Rank(volume, 20))",ASI,TOP3000,NONE,5,1,P1Y,0.01,ON,ON
FullTest_6326,"Rank(Ts_Rank(volume, 20))",ASI,TOP3000,NONE,5,1,P1Y,0.01,ON,OFF
FullTest_6327,"Rank(Ts_Rank(volume, 20))",ASI,TOP3000,NONE,5,1,P1Y,0.01,OFF,ON
FullTest_6328,"Rank(Ts_Rank(volume, 20))",ASI,TOP3000,NONE,5,1,P1Y,0.01,OFF,OFF
FullTest_6329,"Rank(Ts_Rank(volume, 20))",ASI,TOP3000,NONE,5,1,P2Y,0.08,ON,ON
FullTest_6330,"Rank(Ts_Rank(volume, 20))",ASI,TOP3000,NONE,5,1,P2Y,0.08,ON,OFF
FullTest_6331,"Rank(Ts_Rank(volume, 20))",ASI,TOP3000,NONE,5,1,P2Y,0.08,OFF,ON
FullTest_6332,"Rank(Ts_Rank(volume, 20))",ASI,TOP3000,NONE,5,1,P2Y,0.08,OFF,OFF
FullTest_6333,"Rank(Ts_Rank(volume, 20))",ASI,TOP3000,NONE,5,1,P2Y,0.01,ON,ON
FullTest_6334,"Rank(Ts_Rank(volume, 20))",ASI,TOP3000,NONE,5,1,P2Y,0.01,ON,OFF
FullTest_6335,"Rank(Ts_Rank(volume, 20))",ASI,TOP3000,NONE,5,1,P2Y,0.01,OFF,ON
FullTest_6336,"Rank(Ts_Rank(volume, 20))",ASI,TOP3000,NONE,5,1,P2Y,0.01,OFF,OFF
FullTest_6337,"Rank(Ts_Rank(volume, 20))",ASI,MINVOL3M,INDUSTRY,0,0,P1Y,0.08,ON,ON
FullTest_6338,"Rank(Ts_Rank(volume, 20))",ASI,MINVOL3M,INDUSTRY,0,0,P1Y,0.08,ON,OFF
FullTest_6339,"Rank(Ts_Rank(volume, 20))",ASI,MINVOL3M,INDUSTRY,0,0,P1Y,0.08,OFF,ON
FullTest_6340,"Rank(Ts_Rank(volume, 20))",ASI,MINVOL3M,INDUSTRY,0,0,P1Y,0.08,OFF,OFF
FullTest_6341,"Rank(Ts_Rank(volume, 20))",ASI,MINVOL3M,INDUSTRY,0,0,P1Y,0.01,ON,ON
FullTest_6342,"Rank(Ts_Rank(volume, 20))",ASI,MINVOL3M,INDUSTRY,0,0,P1Y,0.01,ON,OFF
FullTest_6343,"Rank(Ts_Rank(volume, 20))",ASI,MINVOL3M,INDUSTRY,0,0,P1Y,0.01,OFF,ON
FullTest_6344,"Rank(Ts_Rank(volume, 20))",ASI,MINVOL3M,INDUSTRY,0,0,P1Y,0.01,OFF,OFF
FullTest_6345,"Rank(Ts_Rank(volume, 20))",ASI,MINVOL3M,INDUSTRY,0,0,P2Y,0.08,ON,ON
FullTest_6346,"Rank(Ts_Rank(volume, 20))",ASI,MINVOL3M,INDUSTRY,0,0,P2Y,0.08,ON,OFF
FullTest_6347,"Rank(Ts_Rank(volume, 20))",ASI,MINVOL3M,INDUSTRY,0,0,P2Y,0.08,OFF,ON
FullTest_6348,"Rank(Ts_Rank(volume, 20))",ASI,MINVOL3M,INDUSTRY,0,0,P2Y,0.08,OFF,OFF
FullTest_6349,"Rank(Ts_Rank(volume, 20))",ASI,MINVOL3M,INDUSTRY,0,0,P2Y,0.01,ON,ON
FullTest_6350,"Rank(Ts_Rank(volume, 20))",ASI,MINVOL3M,INDUSTRY,0,0,P2Y,0.01,ON,OFF
FullTest_6351,"Rank(Ts_Rank(volume, 20))",ASI,MINVOL3M,INDUSTRY,0,0,P2Y,0.01,OFF,ON
FullTest_6352,"Rank(Ts_Rank(volume, 20))",ASI,MINVOL3M,INDUSTRY,0,0,P2Y,0.01,OFF,OFF
FullTest_6353,"Rank(Ts_Rank(volume, 20))",ASI,MINVOL3M,INDUSTRY,0,1,P1Y,0.08,ON,ON
FullTest_6354,"Rank(Ts_Rank(volume, 20))",ASI,MINVOL3M,INDUSTRY,0,1,P1Y,0.08,ON,OFF
FullTest_6355,"Rank(Ts_Rank(volume, 20))",ASI,MINVOL3M,INDUSTRY,0,1,P1Y,0.08,OFF,ON
FullTest_6356,"Rank(Ts_Rank(volume, 20))",ASI,MINVOL3M,INDUSTRY,0,1,P1Y,0.08,OFF,OFF
FullTest_6357,"Rank(Ts_Rank(volume, 20))",ASI,MINVOL3M,INDUSTRY,0,1,P1Y,0.01,ON,ON
FullTest_6358,"Rank(Ts_Rank(volume, 20))",ASI,MINVOL3M,INDUSTRY,0,1,P1Y,0.01,ON,OFF
FullTest_6359,"Rank(Ts_Rank(volume, 20))",ASI,MINVOL3M,INDUSTRY,0,1,P1Y,0.01,OFF,ON
FullTest_6360,"Rank(Ts_Rank(volume, 20))",ASI,MINVOL3M,INDUSTRY,0,1,P1Y,0.01,OFF,OFF
FullTest_6361,"Rank(Ts_Rank(volume, 20))",ASI,MINVOL3M,INDUSTRY,0,1,P2Y,0.08,ON,ON
FullTest_6362,"Rank(Ts_Rank(volume, 20))",ASI,MINVOL3M,INDUSTRY,0,1,P2Y,0.08,ON,OFF
FullTest_6363,"Rank(Ts_Rank(volume, 20))",ASI,MINVOL3M,INDUSTRY,0,1,P2Y,0.08,OFF,ON
FullTest_6364,"Rank(Ts_Rank(volume, 20))",ASI,MINVOL3M,INDUSTRY,0,1,P2Y,0.08,OFF,OFF
FullTest_6365,"Rank(Ts_Rank(volume, 20))",ASI,MINVOL3M,INDUSTRY,0,1,P2Y,0.01,ON,ON
FullTest_6366,"Rank(Ts_Rank(volume, 20))",ASI,MINVOL3M,INDUSTRY,0,1,P2Y,0.01,ON,OFF
FullTest_6367,"Rank(Ts_Rank(volume, 20))",ASI,MINVOL3M,INDUSTRY,0,1,P2Y,0.01,OFF,ON
FullTest_6368,"Rank(Ts_Rank(volume, 20))",ASI,MINVOL3M,INDUSTRY,0,1,P2Y,0.01,OFF,OFF
FullTest_6369,"Rank(Ts_Rank(volume, 20))",ASI,MINVOL3M,INDUSTRY,5,0,P1Y,0.08,ON,ON
FullTest_6370,"Rank(Ts_Rank(volume, 20))",ASI,MINVOL3M,INDUSTRY,5,0,P1Y,0.08,ON,OFF
FullTest_6371,"Rank(Ts_Rank(volume, 20))",ASI,MINVOL3M,INDUSTRY,5,0,P1Y,0.08,OFF,ON
FullTest_6372,"Rank(Ts_Rank(volume, 20))",ASI,MINVOL3M,INDUSTRY,5,0,P1Y,0.08,OFF,OFF
FullTest_6373,"Rank(Ts_Rank(volume, 20))",ASI,MINVOL3M,INDUSTRY,5,0,P1Y,0.01,ON,ON
FullTest_6374,"Rank(Ts_Rank(volume, 20))",ASI,MINVOL3M,INDUSTRY,5,0,P1Y,0.01,ON,OFF
FullTest_6375,"Rank(Ts_Rank(volume, 20))",ASI,MINVOL3M,INDUSTRY,5,0,P1Y,0.01,OFF,ON
FullTest_6376,"Rank(Ts_Rank(volume, 20))",ASI,MINVOL3M,INDUSTRY,5,0,P1Y,0.01,OFF,OFF
FullTest_6377,"Rank(Ts_Rank(volume, 20))",ASI,MINVOL3M,INDUSTRY,5,0,P2Y,0.08,ON,ON
FullTest_6378,"Rank(Ts_Rank(volume, 20))",ASI,MINVOL3M,INDUSTRY,5,0,P2Y,0.08,ON,OFF
FullTest_6379,"Rank(Ts_Rank(volume, 20))",ASI,MINVOL3M,INDUSTRY,5,0,P2Y,0.08,OFF,ON
FullTest_6380,"Rank(Ts_Rank(volume, 20))",ASI,MINVOL3M,INDUSTRY,5,0,P2Y,0.08,OFF,OFF
FullTest_6381,"Rank(Ts_Rank(volume, 20))",ASI,MINVOL3M,INDUSTRY,5,0,P2Y,0.01,ON,ON
FullTest_6382,"Rank(Ts_Rank(volume, 20))",ASI,MINVOL3M,INDUSTRY,5,0,P2Y,0.01,ON,OFF
FullTest_6383,"Rank(Ts_Rank(volume, 20))",ASI,MINVOL3M,INDUSTRY,5,0,P2Y,0.01,OFF,ON
FullTest_6384,"Rank(Ts_Rank(volume, 20))",ASI,MINVOL3M,INDUSTRY,5,0,P2Y,0.01,OFF,OFF
FullTest_6385,"Rank(Ts_Rank(volume, 20))",ASI,MINVOL3M,INDUSTRY,5,1,P1Y,0.08,ON,ON
FullTest_6386,"Rank(Ts_Rank(volume, 20))",ASI,MINVOL3M,INDUSTRY,5,1,P1Y,0.08,ON,OFF
FullTest_6387,"Rank(Ts_Rank(volume, 20))",ASI,MINVOL3M,INDUSTRY,5,1,P1Y,0.08,OFF,ON
FullTest_6388,"Rank(Ts_Rank(volume, 20))",ASI,MINVOL3M,INDUSTRY,5,1,P1Y,0.08,OFF,OFF
FullTest_6389,"Rank(Ts_Rank(volume, 20))",ASI,MINVOL3M,INDUSTRY,5,1,P1Y,0.01,ON,ON
FullTest_6390,"Rank(Ts_Rank(volume, 20))",ASI,MINVOL3M,INDUSTRY,5,1,P1Y,0.01,ON,OFF
FullTest_6391,"Rank(Ts_Rank(volume, 20))",ASI,MINVOL3M,INDUSTRY,5,1,P1Y,0.01,OFF,ON
FullTest_6392,"Rank(Ts_Rank(volume, 20))",ASI,MINVOL3M,INDUSTRY,5,1,P1Y,0.01,OFF,OFF
FullTest_6393,"Rank(Ts_Rank(volume, 20))",ASI,MINVOL3M,INDUSTRY,5,1,P2Y,0.08,ON,ON
FullTest_6394,"Rank(Ts_Rank(volume, 20))",ASI,MINVOL3M,INDUSTRY,5,1,P2Y,0.08,ON,OFF
FullTest_6395,"Rank(Ts_Rank(volume, 20))",ASI,MINVOL3M,INDUSTRY,5,1,P2Y,0.08,OFF,ON
FullTest_6396,"Rank(Ts_Rank(volume, 20))",ASI,MINVOL3M,INDUSTRY,5,1,P2Y,0.08,OFF,OFF
FullTest_6397,"Rank(Ts_Rank(volume, 20))",ASI,MINVOL3M,INDUSTRY,5,1,P2Y,0.01,ON,ON
FullTest_6398,"Rank(Ts_Rank(volume, 20))",ASI,MINVOL3M,INDUSTRY,5,1,P2Y,0.01,ON,OFF
FullTest_6399,"Rank(Ts_Rank(volume, 20))",ASI,MINVOL3M,INDUSTRY,5,1,P2Y,0.01,OFF,ON
FullTest_6400,"Rank(Ts_Rank(volume, 20))",ASI,MINVOL3M,INDUSTRY,5,1,P2Y,0.01,OFF,OFF
FullTest_6401,"Rank(Ts_Rank(volume, 20))",ASI,MINVOL3M,MARKET,0,0,P1Y,0.08,ON,ON
FullTest_6402,"Rank(Ts_Rank(volume, 20))",ASI,MINVOL3M,MARKET,0,0,P1Y,0.08,ON,OFF
FullTest_6403,"Rank(Ts_Rank(volume, 20))",ASI,MINVOL3M,MARKET,0,0,P1Y,0.08,OFF,ON
FullTest_6404,"Rank(Ts_Rank(volume, 20))",ASI,MINVOL3M,MARKET,0,0,P1Y,0.08,OFF,OFF
FullTest_6405,"Rank(Ts_Rank(volume, 20))",ASI,MINVOL3M,MARKET,0,0,P1Y,0.01,ON,ON
FullTest_6406,"Rank(Ts_Rank(volume, 20))",ASI,MINVOL3M,MARKET,0,0,P1Y,0.01,ON,OFF
FullTest_6407,"Rank(Ts_Rank(volume, 20))",ASI,MINVOL3M,MARKET,0,0,P1Y,0.01,OFF,ON
FullTest_6408,"Rank(Ts_Rank(volume, 20))",ASI,MINVOL3M,MARKET,0,0,P1Y,0.01,OFF,OFF
FullTest_6409,"Rank(Ts_Rank(volume, 20))",ASI,MINVOL3M,MARKET,0,0,P2Y,0.08,ON,ON
FullTest_6410,"Rank(Ts_Rank(volume, 20))",ASI,MINVOL3M,MARKET,0,0,P2Y,0.08,ON,OFF
FullTest_6411,"Rank(Ts_Rank(volume, 20))",ASI,MINVOL3M,MARKET,0,0,P2Y,0.08,OFF,ON
FullTest_6412,"Rank(Ts_Rank(volume, 20))",ASI,MINVOL3M,MARKET,0,0,P2Y,0.08,OFF,OFF
FullTest_6413,"Rank(Ts_Rank(volume, 20))",ASI,MINVOL3M,MARKET,0,0,P2Y,0.01,ON,ON
FullTest_6414,"Rank(Ts_Rank(volume, 20))",ASI,MINVOL3M,MARKET,0,0,P2Y,0.01,ON,OFF
FullTest_6415,"Rank(Ts_Rank(volume, 20))",ASI,MINVOL3M,MARKET,0,0,P2Y,0.01,OFF,ON
FullTest_6416,"Rank(Ts_Rank(volume, 20))",ASI,MINVOL3M,MARKET,0,0,P2Y,0.01,OFF,OFF
FullTest_6417,"Rank(Ts_Rank(volume, 20))",ASI,MINVOL3M,MARKET,0,1,P1Y,0.08,ON,ON
FullTest_6418,"Rank(Ts_Rank(volume, 20))",ASI,MINVOL3M,MARKET,0,1,P1Y,0.08,ON,OFF
FullTest_6419,"Rank(Ts_Rank(volume, 20))",ASI,MINVOL3M,MARKET,0,1,P1Y,0.08,OFF,ON
FullTest_6420,"Rank(Ts_Rank(volume, 20))",ASI,MINVOL3M,MARKET,0,1,P1Y,0.08,OFF,OFF
FullTest_6421,"Rank(Ts_Rank(volume, 20))",ASI,MINVOL3M,MARKET,0,1,P1Y,0.01,ON,ON
FullTest_6422,"Rank(Ts_Rank(volume, 20))",ASI,MINVOL3M,MARKET,0,1,P1Y,0.01,ON,OFF
FullTest_6423,"Rank(Ts_Rank(volume, 20))",ASI,MINVOL3M,MARKET,0,1,P1Y,0.01,OFF,ON
FullTest_6424,"Rank(Ts_Rank(volume, 20))",ASI,MINVOL3M,MARKET,0,1,P1Y,0.01,OFF,OFF
FullTest_6425,"Rank(Ts_Rank(volume, 20))",ASI,MINVOL3M,MARKET,0,1,P2Y,0.08,ON,ON
FullTest_6426,"Rank(Ts_Rank(volume, 20))",ASI,MINVOL3M,MARKET,0,1,P2Y,0.08,ON,OFF
FullTest_6427,"Rank(Ts_Rank(volume, 20))",ASI,MINVOL3M,MARKET,0,1,P2Y,0.08,OFF,ON
FullTest_6428,"Rank(Ts_Rank(volume, 20))",ASI,MINVOL3M,MARKET,0,1,P2Y,0.08,OFF,OFF
FullTest_6429,"Rank(Ts_Rank(volume, 20))",ASI,MINVOL3M,MARKET,0,1,P2Y,0.01,ON,ON
FullTest_6430,"Rank(Ts_Rank(volume, 20))",ASI,MINVOL3M,MARKET,0,1,P2Y,0.01,ON,OFF
FullTest_6431,"Rank(Ts_Rank(volume, 20))",ASI,MINVOL3M,MARKET,0,1,P2Y,0.01,OFF,ON
FullTest_6432,"Rank(Ts_Rank(volume, 20))",ASI,MINVOL3M,MARKET,0,1,P2Y,0.01,OFF,OFF
FullTest_6433,"Rank(Ts_Rank(volume, 20))",ASI,MINVOL3M,MARKET,5,0,P1Y,0.08,ON,ON
FullTest_6434,"Rank(Ts_Rank(volume, 20))",ASI,MINVOL3M,MARKET,5,0,P1Y,0.08,ON,OFF
FullTest_6435,"Rank(Ts_Rank(volume, 20))",ASI,MINVOL3M,MARKET,5,0,P1Y,0.08,OFF,ON
FullTest_6436,"Rank(Ts_Rank(volume, 20))",ASI,MINVOL3M,MARKET,5,0,P1Y,0.08,OFF,OFF
FullTest_6437,"Rank(Ts_Rank(volume, 20))",ASI,MINVOL3M,MARKET,5,0,P1Y,0.01,ON,ON
FullTest_6438,"Rank(Ts_Rank(volume, 20))",ASI,MINVOL3M,MARKET,5,0,P1Y,0.01,ON,OFF
FullTest_6439,"Rank(Ts_Rank(volume, 20))",ASI,MINVOL3M,MARKET,5,0,P1Y,0.01,OFF,ON
FullTest_6440,"Rank(Ts_Rank(volume, 20))",ASI,MINVOL3M,MARKET,5,0,P1Y,0.01,OFF,OFF
FullTest_6441,"Rank(Ts_Rank(volume, 20))",ASI,MINVOL3M,MARKET,5,0,P2Y,0.08,ON,ON
FullTest_6442,"Rank(Ts_Rank(volume, 20))",ASI,MINVOL3M,MARKET,5,0,P2Y,0.08,ON,OFF
FullTest_6443,"Rank(Ts_Rank(volume, 20))",ASI,MINVOL3M,MARKET,5,0,P2Y,0.08,OFF,ON
FullTest_6444,"Rank(Ts_Rank(volume, 20))",ASI,MINVOL3M,MARKET,5,0,P2Y,0.08,OFF,OFF
FullTest_6445,"Rank(Ts_Rank(volume, 20))",ASI,MINVOL3M,MARKET,5,0,P2Y,0.01,ON,ON
FullTest_6446,"Rank(Ts_Rank(volume, 20))",ASI,MINVOL3M,MARKET,5,0,P2Y,0.01,ON,OFF
FullTest_6447,"Rank(Ts_Rank(volume, 20))",ASI,MINVOL3M,MARKET,5,0,P2Y,0.01,OFF,ON
FullTest_6448,"Rank(Ts_Rank(volume, 20))",ASI,MINVOL3M,MARKET,5,0,P2Y,0.01,OFF,OFF
FullTest_6449,"Rank(Ts_Rank(volume, 20))",ASI,MINVOL3M,MARKET,5,1,P1Y,0.08,ON,ON
FullTest_6450,"Rank(Ts_Rank(volume, 20))",ASI,MINVOL3M,MARKET,5,1,P1Y,0.08,ON,OFF
FullTest_6451,"Rank(Ts_Rank(volume, 20))",ASI,MINVOL3M,MARKET,5,1,P1Y,0.08,OFF,ON
FullTest_6452,"Rank(Ts_Rank(volume, 20))",ASI,MINVOL3M,MARKET,5,1,P1Y,0.08,OFF,OFF
FullTest_6453,"Rank(Ts_Rank(volume, 20))",ASI,MINVOL3M,MARKET,5,1,P1Y,0.01,ON,ON
FullTest_6454,"Rank(Ts_Rank(volume, 20))",ASI,MINVOL3M,MARKET,5,1,P1Y,0.01,ON,OFF
FullTest_6455,"Rank(Ts_Rank(volume, 20))",ASI,MINVOL3M,MARKET,5,1,P1Y,0.01,OFF,ON
FullTest_6456,"Rank(Ts_Rank(volume, 20))",ASI,MINVOL3M,MARKET,5,1,P1Y,0.01,OFF,OFF
FullTest_6457,"Rank(Ts_Rank(volume, 20))",ASI,MINVOL3M,MARKET,5,1,P2Y,0.08,ON,ON
FullTest_6458,"Rank(Ts_Rank(volume, 20))",ASI,MINVOL3M,MARKET,5,1,P2Y,0.08,ON,OFF
FullTest_6459,"Rank(Ts_Rank(volume, 20))",ASI,MINVOL3M,MARKET,5,1,P2Y,0.08,OFF,ON
FullTest_6460,"Rank(Ts_Rank(volume, 20))",ASI,MINVOL3M,MARKET,5,1,P2Y,0.08,OFF,OFF
FullTest_6461,"Rank(Ts_Rank(volume, 20))",ASI,MINVOL3M,MARKET,5,1,P2Y,0.01,ON,ON
FullTest_6462,"Rank(Ts_Rank(volume, 20))",ASI,MINVOL3M,MARKET,5,1,P2Y,0.01,ON,OFF
FullTest_6463,"Rank(Ts_Rank(volume, 20))",ASI,MINVOL3M,MARKET,5,1,P2Y,0.01,OFF,ON
FullTest_6464,"Rank(Ts_Rank(volume, 20))",ASI,MINVOL3M,MARKET,5,1,P2Y,0.01,OFF,OFF
FullTest_6465,"Rank(Ts_Rank(volume, 20))",ASI,MINVOL3M,NONE,0,0,P1Y,0.08,ON,ON
FullTest_6466,"Rank(Ts_Rank(volume, 20))",ASI,MINVOL3M,NONE,0,0,P1Y,0.08,ON,OFF
FullTest_6467,"Rank(Ts_Rank(volume, 20))",ASI,MINVOL3M,NONE,0,0,P1Y,0.08,OFF,ON
FullTest_6468,"Rank(Ts_Rank(volume, 20))",ASI,MINVOL3M,NONE,0,0,P1Y,0.08,OFF,OFF
FullTest_6469,"Rank(Ts_Rank(volume, 20))",ASI,MINVOL3M,NONE,0,0,P1Y,0.01,ON,ON
FullTest_6470,"Rank(Ts_Rank(volume, 20))",ASI,MINVOL3M,NONE,0,0,P1Y,0.01,ON,OFF
FullTest_6471,"Rank(Ts_Rank(volume, 20))",ASI,MINVOL3M,NONE,0,0,P1Y,0.01,OFF,ON
FullTest_6472,"Rank(Ts_Rank(volume, 20))",ASI,MINVOL3M,NONE,0,0,P1Y,0.01,OFF,OFF
FullTest_6473,"Rank(Ts_Rank(volume, 20))",ASI,MINVOL3M,NONE,0,0,P2Y,0.08,ON,ON
FullTest_6474,"Rank(Ts_Rank(volume, 20))",ASI,MINVOL3M,NONE,0,0,P2Y,0.08,ON,OFF
FullTest_6475,"Rank(Ts_Rank(volume, 20))",ASI,MINVOL3M,NONE,0,0,P2Y,0.08,OFF,ON
FullTest_6476,"Rank(Ts_Rank(volume, 20))",ASI,MINVOL3M,NONE,0,0,P2Y,0.08,OFF,OFF
FullTest_6477,"Rank(Ts_Rank(volume, 20))",ASI,MINVOL3M,NONE,0,0,P2Y,0.01,ON,ON
FullTest_6478,"Rank(Ts_Rank(volume, 20))",ASI,MINVOL3M,NONE,0,0,P2Y,0.01,ON,OFF
FullTest_6479,"Rank(Ts_Rank(volume, 20))",ASI,MINVOL3M,NONE,0,0,P2Y,0.01,OFF,ON
FullTest_6480,"Rank(Ts_Rank(volume, 20))",ASI,MINVOL3M,NONE,0,0,P2Y,0.01,OFF,OFF
FullTest_6481,"Rank(Ts_Rank(volume, 20))",ASI,MINVOL3M,NONE,0,1,P1Y,0.08,ON,ON
FullTest_6482,"Rank(Ts_Rank(volume, 20))",ASI,MINVOL3M,NONE,0,1,P1Y,0.08,ON,OFF
FullTest_6483,"Rank(Ts_Rank(volume, 20))",ASI,MINVOL3M,NONE,0,1,P1Y,0.08,OFF,ON
FullTest_6484,"Rank(Ts_Rank(volume, 20))",ASI,MINVOL3M,NONE,0,1,P1Y,0.08,OFF,OFF
FullTest_6485,"Rank(Ts_Rank(volume, 20))",ASI,MINVOL3M,NONE,0,1,P1Y,0.01,ON,ON
FullTest_6486,"Rank(Ts_Rank(volume, 20))",ASI,MINVOL3M,NONE,0,1,P1Y,0.01,ON,OFF
FullTest_6487,"Rank(Ts_Rank(volume, 20))",ASI,MINVOL3M,NONE,0,1,P1Y,0.01,OFF,ON
FullTest_6488,"Rank(Ts_Rank(volume, 20))",ASI,MINVOL3M,NONE,0,1,P1Y,0.01,OFF,OFF
FullTest_6489,"Rank(Ts_Rank(volume, 20))",ASI,MINVOL3M,NONE,0,1,P2Y,0.08,ON,ON
FullTest_6490,"Rank(Ts_Rank(volume, 20))",ASI,MINVOL3M,NONE,0,1,P2Y,0.08,ON,OFF
FullTest_6491,"Rank(Ts_Rank(volume, 20))",ASI,MINVOL3M,NONE,0,1,P2Y,0.08,OFF,ON
FullTest_6492,"Rank(Ts_Rank(volume, 20))",ASI,MINVOL3M,NONE,0,1,P2Y,0.08,OFF,OFF
FullTest_6493,"Rank(Ts_Rank(volume, 20))",ASI,MINVOL3M,NONE,0,1,P2Y,0.01,ON,ON
FullTest_6494,"Rank(Ts_Rank(volume, 20))",ASI,MINVOL3M,NONE,0,1,P2Y,0.01,ON,OFF
FullTest_6495,"Rank(Ts_Rank(volume, 20))",ASI,MINVOL3M,NONE,0,1,P2Y,0.01,OFF,ON
FullTest_6496,"Rank(Ts_Rank(volume, 20))",ASI,MINVOL3M,NONE,0,1,P2Y,0.01,OFF,OFF
FullTest_6497,"Rank(Ts_Rank(volume, 20))",ASI,MINVOL3M,NONE,5,0,P1Y,0.08,ON,ON
FullTest_6498,"Rank(Ts_Rank(volume, 20))",ASI,MINVOL3M,NONE,5,0,P1Y,0.08,ON,OFF
FullTest_6499,"Rank(Ts_Rank(volume, 20))",ASI,MINVOL3M,NONE,5,0,P1Y,0.08,OFF,ON
FullTest_6500,"Rank(Ts_Rank(volume, 20))",ASI,MINVOL3M,NONE,5,0,P1Y,0.08,OFF,OFF
FullTest_6501,"Rank(Ts_Rank(volume, 20))",ASI,MINVOL3M,NONE,5,0,P1Y,0.01,ON,ON
FullTest_6502,"Rank(Ts_Rank(volume, 20))",ASI,MINVOL3M,NONE,5,0,P1Y,0.01,ON,OFF
FullTest_6503,"Rank(Ts_Rank(volume, 20))",ASI,MINVOL3M,NONE,5,0,P1Y,0.01,OFF,ON
FullTest_6504,"Rank(Ts_Rank(volume, 20))",ASI,MINVOL3M,NONE,5,0,P1Y,0.01,OFF,OFF
FullTest_6505,"Rank(Ts_Rank(volume, 20))",ASI,MINVOL3M,NONE,5,0,P2Y,0.08,ON,ON
FullTest_6506,"Rank(Ts_Rank(volume, 20))",ASI,MINVOL3M,NONE,5,0,P2Y,0.08,ON,OFF
FullTest_6507,"Rank(Ts_Rank(volume, 20))",ASI,MINVOL3M,NONE,5,0,P2Y,0.08,OFF,ON
FullTest_6508,"Rank(Ts_Rank(volume, 20))",ASI,MINVOL3M,NONE,5,0,P2Y,0.08,OFF,OFF
FullTest_6509,"Rank(Ts_Rank(volume, 20))",ASI,MINVOL3M,NONE,5,0,P2Y,0.01,ON,ON
FullTest_6510,"Rank(Ts_Rank(volume, 20))",ASI,MINVOL3M,NONE,5,0,P2Y,0.01,ON,OFF
FullTest_6511,"Rank(Ts_Rank(volume, 20))",ASI,MINVOL3M,NONE,5,0,P2Y,0.01,OFF,ON
FullTest_6512,"Rank(Ts_Rank(volume, 20))",ASI,MINVOL3M,NONE,5,0,P2Y,0.01,OFF,OFF
FullTest_6513,"Rank(Ts_Rank(volume, 20))",ASI,MINVOL3M,NONE,5,1,P1Y,0.08,ON,ON
FullTest_6514,"Rank(Ts_Rank(volume, 20))",ASI,MINVOL3M,NONE,5,1,P1Y,0.08,ON,OFF
FullTest_6515,"Rank(Ts_Rank(volume, 20))",ASI,MINVOL3M,NONE,5,1,P1Y,0.08,OFF,ON
FullTest_6516,"Rank(Ts_Rank(volume, 20))",ASI,MINVOL3M,NONE,5,1,P1Y,0.08,OFF,OFF
FullTest_6517,"Rank(Ts_Rank(volume, 20))",ASI,MINVOL3M,NONE,5,1,P1Y,0.01,ON,ON
FullTest_6518,"Rank(Ts_Rank(volume, 20))",ASI,MINVOL3M,NONE,5,1,P1Y,0.01,ON,OFF
FullTest_6519,"Rank(Ts_Rank(volume, 20))",ASI,MINVOL3M,NONE,5,1,P1Y,0.01,OFF,ON
FullTest_6520,"Rank(Ts_Rank(volume, 20))",ASI,MINVOL3M,NONE,5,1,P1Y,0.01,OFF,OFF
FullTest_6521,"Rank(Ts_Rank(volume, 20))",ASI,MINVOL3M,NONE,5,1,P2Y,0.08,ON,ON
FullTest_6522,"Rank(Ts_Rank(volume, 20))",ASI,MINVOL3M,NONE,5,1,P2Y,0.08,ON,OFF
FullTest_6523,"Rank(Ts_Rank(volume, 20))",ASI,MINVOL3M,NONE,5,1,P2Y,0.08,OFF,ON
FullTest_6524,"Rank(Ts_Rank(volume, 20))",ASI,MINVOL3M,NONE,5,1,P2Y,0.08,OFF,OFF
FullTest_6525,"Rank(Ts_Rank(volume, 20))",ASI,MINVOL3M,NONE,5,1,P2Y,0.01,ON,ON
FullTest_6526,"Rank(Ts_Rank(volume, 20))",ASI,MINVOL3M,NONE,5,1,P2Y,0.01,ON,OFF
FullTest_6527,"Rank(Ts_Rank(volume, 20))",ASI,MINVOL3M,NONE,5,1,P2Y,0.01,OFF,ON
FullTest_6528,"Rank(Ts_Rank(volume, 20))",ASI,MINVOL3M,NONE,5,1,P2Y,0.01,OFF,OFF
FullTest_6529,"Rank(Ts_Rank(volume, 20))",EUR,TOP3000,INDUSTRY,0,0,P1Y,0.08,ON,ON
FullTest_6530,"Rank(Ts_Rank(volume, 20))",EUR,TOP3000,INDUSTRY,0,0,P1Y,0.08,ON,OFF
FullTest_6531,"Rank(Ts_Rank(volume, 20))",EUR,TOP3000,INDUSTRY,0,0,P1Y,0.08,OFF,ON
FullTest_6532,"Rank(Ts_Rank(volume, 20))",EUR,TOP3000,INDUSTRY,0,0,P1Y,0.08,OFF,OFF
FullTest_6533,"Rank(Ts_Rank(volume, 20))",EUR,TOP3000,INDUSTRY,0,0,P1Y,0.01,ON,ON
FullTest_6534,"Rank(Ts_Rank(volume, 20))",EUR,TOP3000,INDUSTRY,0,0,P1Y,0.01,ON,OFF
FullTest_6535,"Rank(Ts_Rank(volume, 20))",EUR,TOP3000,INDUSTRY,0,0,P1Y,0.01,OFF,ON
FullTest_6536,"Rank(Ts_Rank(volume, 20))",EUR,TOP3000,INDUSTRY,0,0,P1Y,0.01,OFF,OFF
FullTest_6537,"Rank(Ts_Rank(volume, 20))",EUR,TOP3000,INDUSTRY,0,0,P2Y,0.08,ON,ON
FullTest_6538,"Rank(Ts_Rank(volume, 20))",EUR,TOP3000,INDUSTRY,0,0,P2Y,0.08,ON,OFF
FullTest_6539,"Rank(Ts_Rank(volume, 20))",EUR,TOP3000,INDUSTRY,0,0,P2Y,0.08,OFF,ON
FullTest_6540,"Rank(Ts_Rank(volume, 20))",EUR,TOP3000,INDUSTRY,0,0,P2Y,0.08,OFF,OFF
FullTest_6541,"Rank(Ts_Rank(volume, 20))",EUR,TOP3000,INDUSTRY,0,0,P2Y,0.01,ON,ON
FullTest_6542,"Rank(Ts_Rank(volume, 20))",EUR,TOP3000,INDUSTRY,0,0,P2Y,0.01,ON,OFF
FullTest_6543,"Rank(Ts_Rank(volume, 20))",EUR,TOP3000,INDUSTRY,0,0,P2Y,0.01,OFF,ON
FullTest_6544,"Rank(Ts_Rank(volume, 20))",EUR,TOP3000,INDUSTRY,0,0,P2Y,0.01,OFF,OFF
FullTest_6545,"Rank(Ts_Rank(volume, 20))",EUR,TOP3000,INDUSTRY,0,1,P1Y,0.08,ON,ON
FullTest_6546,"Rank(Ts_Rank(volume, 20))",EUR,TOP3000,INDUSTRY,0,1,P1Y,0.08,ON,OFF
FullTest_6547,"Rank(Ts_Rank(volume, 20))",EUR,TOP3000,INDUSTRY,0,1,P1Y,0.08,OFF,ON
FullTest_6548,"Rank(Ts_Rank(volume, 20))",EUR,TOP3000,INDUSTRY,0,1,P1Y,0.08,OFF,OFF
FullTest_6549,"Rank(Ts_Rank(volume, 20))",EUR,TOP3000,INDUSTRY,0,1,P1Y,0.01,ON,ON
FullTest_6550,"Rank(Ts_Rank(volume, 20))",EUR,TOP3000,INDUSTRY,0,1,P1Y,0.01,ON,OFF
FullTest_6551,"Rank(Ts_Rank(volume, 20))",EUR,TOP3000,INDUSTRY,0,1,P1Y,0.01,OFF,ON
FullTest_6552,"Rank(Ts_Rank(volume, 20))",EUR,TOP3000,INDUSTRY,0,1,P1Y,0.01,OFF,OFF
FullTest_6553,"Rank(Ts_Rank(volume, 20))",EUR,TOP3000,INDUSTRY,0,1,P2Y,0.08,ON,ON
FullTest_6554,"Rank(Ts_Rank(volume, 20))",EUR,TOP3000,INDUSTRY,0,1,P2Y,0.08,ON,OFF
FullTest_6555,"Rank(Ts_Rank(volume, 20))",EUR,TOP3000,INDUSTRY,0,1,P2Y,0.08,OFF,ON
FullTest_6556,"Rank(Ts_Rank(volume, 20))",EUR,TOP3000,INDUSTRY,0,1,P2Y,0.08,OFF,OFF
FullTest_6557,"Rank(Ts_Rank(volume, 20))",EUR,TOP3000,INDUSTRY,0,1,P2Y,0.01,ON,ON
FullTest_6558,"Rank(Ts_Rank(volume, 20))",EUR,TOP3000,INDUSTRY,0,1,P2Y,0.01,ON,OFF
FullTest_6559,"Rank(Ts_Rank(volume, 20))",EUR,TOP3000,INDUSTRY,0,1,P2Y,0.01,OFF,ON
FullTest_6560,"Rank(Ts_Rank(volume, 20))",EUR,TOP3000,INDUSTRY,0,1,P2Y,0.01,OFF,OFF
FullTest_6561,"Rank(Ts_Rank(volume, 20))",EUR,TOP3000,INDUSTRY,5,0,P1Y,0.08,ON,ON
FullTest_6562,"Rank(Ts_Rank(volume, 20))",EUR,TOP3000,INDUSTRY,5,0,P1Y,0.08,ON,OFF
FullTest_6563,"Rank(Ts_Rank(volume, 20))",EUR,TOP3000,INDUSTRY,5,0,P1Y,0.08,OFF,ON
FullTest_6564,"Rank(Ts_Rank(volume, 20))",EUR,TOP3000,INDUSTRY,5,0,P1Y,0.08,OFF,OFF
FullTest_6565,"Rank(Ts_Rank(volume, 20))",EUR,TOP3000,INDUSTRY,5,0,P1Y,0.01,ON,ON
FullTest_6566,"Rank(Ts_Rank(volume, 20))",EUR,TOP3000,INDUSTRY,5,0,P1Y,0.01,ON,OFF
FullTest_6567,"Rank(Ts_Rank(volume, 20))",EUR,TOP3000,INDUSTRY,5,0,P1Y,0.01,OFF,ON
FullTest_6568,"Rank(Ts_Rank(volume, 20))",EUR,TOP3000,INDUSTRY,5,0,P1Y,0.01,OFF,OFF
FullTest_6569,"Rank(Ts_Rank(volume, 20))",EUR,TOP3000,INDUSTRY,5,0,P2Y,0.08,ON,ON
FullTest_6570,"Rank(Ts_Rank(volume, 20))",EUR,TOP3000,INDUSTRY,5,0,P2Y,0.08,ON,OFF
FullTest_6571,"Rank(Ts_Rank(volume, 20))",EUR,TOP3000,INDUSTRY,5,0,P2Y,0.08,OFF,ON
FullTest_6572,"Rank(Ts_Rank(volume, 20))",EUR,TOP3000,INDUSTRY,5,0,P2Y,0.08,OFF,OFF
FullTest_6573,"Rank(Ts_Rank(volume, 20))",EUR,TOP3000,INDUSTRY,5,0,P2Y,0.01,ON,ON
FullTest_6574,"Rank(Ts_Rank(volume, 20))",EUR,TOP3000,INDUSTRY,5,0,P2Y,0.01,ON,OFF
FullTest_6575,"Rank(Ts_Rank(volume, 20))",EUR,TOP3000,INDUSTRY,5,0,P2Y,0.01,OFF,ON
FullTest_6576,"Rank(Ts_Rank(volume, 20))",EUR,TOP3000,INDUSTRY,5,0,P2Y,0.01,OFF,OFF
FullTest_6577,"Rank(Ts_Rank(volume, 20))",EUR,TOP3000,INDUSTRY,5,1,P1Y,0.08,ON,ON
FullTest_6578,"Rank(Ts_Rank(volume, 20))",EUR,TOP3000,INDUSTRY,5,1,P1Y,0.08,ON,OFF
FullTest_6579,"Rank(Ts_Rank(volume, 20))",EUR,TOP3000,INDUSTRY,5,1,P1Y,0.08,OFF,ON
FullTest_6580,"Rank(Ts_Rank(volume, 20))",EUR,TOP3000,INDUSTRY,5,1,P1Y,0.08,OFF,OFF
FullTest_6581,"Rank(Ts_Rank(volume, 20))",EUR,TOP3000,INDUSTRY,5,1,P1Y,0.01,ON,ON
FullTest_6582,"Rank(Ts_Rank(volume, 20))",EUR,TOP3000,INDUSTRY,5,1,P1Y,0.01,ON,OFF
FullTest_6583,"Rank(Ts_Rank(volume, 20))",EUR,TOP3000,INDUSTRY,5,1,P1Y,0.01,OFF,ON
FullTest_6584,"Rank(Ts_Rank(volume, 20))",EUR,TOP3000,INDUSTRY,5,1,P1Y,0.01,OFF,OFF
FullTest_6585,"Rank(Ts_Rank(volume, 20))",EUR,TOP3000,INDUSTRY,5,1,P2Y,0.08,ON,ON
FullTest_6586,"Rank(Ts_Rank(volume, 20))",EUR,TOP3000,INDUSTRY,5,1,P2Y,0.08,ON,OFF
FullTest_6587,"Rank(Ts_Rank(volume, 20))",EUR,TOP3000,INDUSTRY,5,1,P2Y,0.08,OFF,ON
FullTest_6588,"Rank(Ts_Rank(volume, 20))",EUR,TOP3000,INDUSTRY,5,1,P2Y,0.08,OFF,OFF
FullTest_6589,"Rank(Ts_Rank(volume, 20))",EUR,TOP3000,INDUSTRY,5,1,P2Y,0.01,ON,ON
FullTest_6590,"Rank(Ts_Rank(volume, 20))",EUR,TOP3000,INDUSTRY,5,1,P2Y,0.01,ON,OFF
FullTest_6591,"Rank(Ts_Rank(volume, 20))",EUR,TOP3000,INDUSTRY,5,1,P2Y,0.01,OFF,ON
FullTest_6592,"Rank(Ts_Rank(volume, 20))",EUR,TOP3000,INDUSTRY,5,1,P2Y,0.01,OFF,OFF
FullTest_6593,"Rank(Ts_Rank(volume, 20))",EUR,TOP3000,MARKET,0,0,P1Y,0.08,ON,ON
FullTest_6594,"Rank(Ts_Rank(volume, 20))",EUR,TOP3000,MARKET,0,0,P1Y,0.08,ON,OFF
FullTest_6595,"Rank(Ts_Rank(volume, 20))",EUR,TOP3000,MARKET,0,0,P1Y,0.08,OFF,ON
FullTest_6596,"Rank(Ts_Rank(volume, 20))",EUR,TOP3000,MARKET,0,0,P1Y,0.08,OFF,OFF
FullTest_6597,"Rank(Ts_Rank(volume, 20))",EUR,TOP3000,MARKET,0,0,P1Y,0.01,ON,ON
FullTest_6598,"Rank(Ts_Rank(volume, 20))",EUR,TOP3000,MARKET,0,0,P1Y,0.01,ON,OFF
FullTest_6599,"Rank(Ts_Rank(volume, 20))",EUR,TOP3000,MARKET,0,0,P1Y,0.01,OFF,ON
FullTest_6600,"Rank(Ts_Rank(volume, 20))",EUR,TOP3000,MARKET,0,0,P1Y,0.01,OFF,OFF
FullTest_6601,"Rank(Ts_Rank(volume, 20))",EUR,TOP3000,MARKET,0,0,P2Y,0.08,ON,ON
FullTest_6602,"Rank(Ts_Rank(volume, 20))",EUR,TOP3000,MARKET,0,0,P2Y,0.08,ON,OFF
FullTest_6603,"Rank(Ts_Rank(volume, 20))",EUR,TOP3000,MARKET,0,0,P2Y,0.08,OFF,ON
FullTest_6604,"Rank(Ts_Rank(volume, 20))",EUR,TOP3000,MARKET,0,0,P2Y,0.08,OFF,OFF
FullTest_6605,"Rank(Ts_Rank(volume, 20))",EUR,TOP3000,MARKET,0,0,P2Y,0.01,ON,ON
FullTest_6606,"Rank(Ts_Rank(volume, 20))",EUR,TOP3000,MARKET,0,0,P2Y,0.01,ON,OFF
FullTest_6607,"Rank(Ts_Rank(volume, 20))",EUR,TOP3000,MARKET,0,0,P2Y,0.01,OFF,ON
FullTest_6608,"Rank(Ts_Rank(volume, 20))",EUR,TOP3000,MARKET,0,0,P2Y,0.01,OFF,OFF
FullTest_6609,"Rank(Ts_Rank(volume, 20))",EUR,TOP3000,MARKET,0,1,P1Y,0.08,ON,ON
FullTest_6610,"Rank(Ts_Rank(volume, 20))",EUR,TOP3000,MARKET,0,1,P1Y,0.08,ON,OFF
FullTest_6611,"Rank(Ts_Rank(volume, 20))",EUR,TOP3000,MARKET,0,1,P1Y,0.08,OFF,ON
FullTest_6612,"Rank(Ts_Rank(volume, 20))",EUR,TOP3000,MARKET,0,1,P1Y,0.08,OFF,OFF
FullTest_6613,"Rank(Ts_Rank(volume, 20))",EUR,TOP3000,MARKET,0,1,P1Y,0.01,ON,ON
FullTest_6614,"Rank(Ts_Rank(volume, 20))",EUR,TOP3000,MARKET,0,1,P1Y,0.01,ON,OFF
FullTest_6615,"Rank(Ts_Rank(volume, 20))",EUR,TOP3000,MARKET,0,1,P1Y,0.01,OFF,ON
FullTest_6616,"Rank(Ts_Rank(volume, 20))",EUR,TOP3000,MARKET,0,1,P1Y,0.01,OFF,OFF
FullTest_6617,"Rank(Ts_Rank(volume, 20))",EUR,TOP3000,MARKET,0,1,P2Y,0.08,ON,ON
FullTest_6618,"Rank(Ts_Rank(volume, 20))",EUR,TOP3000,MARKET,0,1,P2Y,0.08,ON,OFF
FullTest_6619,"Rank(Ts_Rank(volume, 20))",EUR,TOP3000,MARKET,0,1,P2Y,0.08,OFF,ON
FullTest_6620,"Rank(Ts_Rank(volume, 20))",EUR,TOP3000,MARKET,0,1,P2Y,0.08,OFF,OFF
FullTest_6621,"Rank(Ts_Rank(volume, 20))",EUR,TOP3000,MARKET,0,1,P2Y,0.01,ON,ON
FullTest_6622,"Rank(Ts_Rank(volume, 20))",EUR,TOP3000,MARKET,0,1,P2Y,0.01,ON,OFF
FullTest_6623,"Rank(Ts_Rank(volume, 20))",EUR,TOP3000,MARKET,0,1,P2Y,0.01,OFF,ON
FullTest_6624,"Rank(Ts_Rank(volume, 20))",EUR,TOP3000,MARKET,0,1,P2Y,0.01,OFF,OFF
FullTest_6625,"Rank(Ts_Rank(volume, 20))",EUR,TOP3000,MARKET,5,0,P1Y,0.08,ON,ON
FullTest_6626,"Rank(Ts_Rank(volume, 20))",EUR,TOP3000,MARKET,5,0,P1Y,0.08,ON,OFF
FullTest_6627,"Rank(Ts_Rank(volume, 20))",EUR,TOP3000,MARKET,5,0,P1Y,0.08,OFF,ON
FullTest_6628,"Rank(Ts_Rank(volume, 20))",EUR,TOP3000,MARKET,5,0,P1Y,0.08,OFF,OFF
FullTest_6629,"Rank(Ts_Rank(volume, 20))",EUR,TOP3000,MARKET,5,0,P1Y,0.01,ON,ON
FullTest_6630,"Rank(Ts_Rank(volume, 20))",EUR,TOP3000,MARKET,5,0,P1Y,0.01,ON,OFF
FullTest_6631,"Rank(Ts_Rank(volume, 20))",EUR,TOP3000,MARKET,5,0,P1Y,0.01,OFF,ON
FullTest_6632,"Rank(Ts_Rank(volume, 20))",EUR,TOP3000,MARKET,5,0,P1Y,0.01,OFF,OFF
FullTest_6633,"Rank(Ts_Rank(volume, 20))",EUR,TOP3000,MARKET,5,0,P2Y,0.08,ON,ON
FullTest_6634,"Rank(Ts_Rank(volume, 20))",EUR,TOP3000,MARKET,5,0,P2Y,0.08,ON,OFF
FullTest_6635,"Rank(Ts_Rank(volume, 20))",EUR,TOP3000,MARKET,5,0,P2Y,0.08,OFF,ON
FullTest_6636,"Rank(Ts_Rank(volume, 20))",EUR,TOP3000,MARKET,5,0,P2Y,0.08,OFF,OFF
FullTest_6637,"Rank(Ts_Rank(volume, 20))",EUR,TOP3000,MARKET,5,0,P2Y,0.01,ON,ON
FullTest_6638,"Rank(Ts_Rank(volume, 20))",EUR,TOP3000,MARKET,5,0,P2Y,0.01,ON,OFF
FullTest_6639,"Rank(Ts_Rank(volume, 20))",EUR,TOP3000,MARKET,5,0,P2Y,0.01,OFF,ON
FullTest_6640,"Rank(Ts_Rank(volume, 20))",EUR,TOP3000,MARKET,5,0,P2Y,0.01,OFF,OFF
FullTest_6641,"Rank(Ts_Rank(volume, 20))",EUR,TOP3000,MARKET,5,1,P1Y,0.08,ON,ON
FullTest_6642,"Rank(Ts_Rank(volume, 20))",EUR,TOP3000,MARKET,5,1,P1Y,0.08,ON,OFF
FullTest_6643,"Rank(Ts_Rank(volume, 20))",EUR,TOP3000,MARKET,5,1,P1Y,0.08,OFF,ON
FullTest_6644,"Rank(Ts_Rank(volume, 20))",EUR,TOP3000,MARKET,5,1,P1Y,0.08,OFF,OFF
FullTest_6645,"Rank(Ts_Rank(volume, 20))",EUR,TOP3000,MARKET,5,1,P1Y,0.01,ON,ON
FullTest_6646,"Rank(Ts_Rank(volume, 20))",EUR,TOP3000,MARKET,5,1,P1Y,0.01,ON,OFF
FullTest_6647,"Rank(Ts_Rank(volume, 20))",EUR,TOP3000,MARKET,5,1,P1Y,0.01,OFF,ON
FullTest_6648,"Rank(Ts_Rank(volume, 20))",EUR,TOP3000,MARKET,5,1,P1Y,0.01,OFF,OFF
FullTest_6649,"Rank(Ts_Rank(volume, 20))",EUR,TOP3000,MARKET,5,1,P2Y,0.08,ON,ON
FullTest_6650,"Rank(Ts_Rank(volume, 20))",EUR,TOP3000,MARKET,5,1,P2Y,0.08,ON,OFF
FullTest_6651,"Rank(Ts_Rank(volume, 20))",EUR,TOP3000,MARKET,5,1,P2Y,0.08,OFF,ON
FullTest_6652,"Rank(Ts_Rank(volume, 20))",EUR,TOP3000,MARKET,5,1,P2Y,0.08,OFF,OFF
FullTest_6653,"Rank(Ts_Rank(volume, 20))",EUR,TOP3000,MARKET,5,1,P2Y,0.01,ON,ON
FullTest_6654,"Rank(Ts_Rank(volume, 20))",EUR,TOP3000,MARKET,5,1,P2Y,0.01,ON,OFF
FullTest_6655,"Rank(Ts_Rank(volume, 20))",EUR,TOP3000,MARKET,5,1,P2Y,0.01,OFF,ON
FullTest_6656,"Rank(Ts_Rank(volume, 20))",EUR,TOP3000,MARKET,5,1,P2Y,0.01,OFF,OFF
FullTest_6657,"Rank(Ts_Rank(volume, 20))",EUR,TOP3000,NONE,0,0,P1Y,0.08,ON,ON
FullTest_6658,"Rank(Ts_Rank(volume, 20))",EUR,TOP3000,NONE,0,0,P1Y,0.08,ON,OFF
FullTest_6659,"Rank(Ts_Rank(volume, 20))",EUR,TOP3000,NONE,0,0,P1Y,0.08,OFF,ON
FullTest_6660,"Rank(Ts_Rank(volume, 20))",EUR,TOP3000,NONE,0,0,P1Y,0.08,OFF,OFF
FullTest_6661,"Rank(Ts_Rank(volume, 20))",EUR,TOP3000,NONE,0,0,P1Y,0.01,ON,ON
FullTest_6662,"Rank(Ts_Rank(volume, 20))",EUR,TOP3000,NONE,0,0,P1Y,0.01,ON,OFF
FullTest_6663,"Rank(Ts_Rank(volume, 20))",EUR,TOP3000,NONE,0,0,P1Y,0.01,OFF,ON
FullTest_6664,"Rank(Ts_Rank(volume, 20))",EUR,TOP3000,NONE,0,0,P1Y,0.01,OFF,OFF
FullTest_6665,"Rank(Ts_Rank(volume, 20))",EUR,TOP3000,NONE,0,0,P2Y,0.08,ON,ON
FullTest_6666,"Rank(Ts_Rank(volume, 20))",EUR,TOP3000,NONE,0,0,P2Y,0.08,ON,OFF
FullTest_6667,"Rank(Ts_Rank(volume, 20))",EUR,TOP3000,NONE,0,0,P2Y,0.08,OFF,ON
FullTest_6668,"Rank(Ts_Rank(volume, 20))",EUR,TOP3000,NONE,0,0,P2Y,0.08,OFF,OFF
FullTest_6669,"Rank(Ts_Rank(volume, 20))",EUR,TOP3000,NONE,0,0,P2Y,0.01,ON,ON
FullTest_6670,"Rank(Ts_Rank(volume, 20))",EUR,TOP3000,NONE,0,0,P2Y,0.01,ON,OFF
FullTest_6671,"Rank(Ts_Rank(volume, 20))",EUR,TOP3000,NONE,0,0,P2Y,0.01,OFF,ON
FullTest_6672,"Rank(Ts_Rank(volume, 20))",EUR,TOP3000,NONE,0,0,P2Y,0.01,OFF,OFF
FullTest_6673,"Rank(Ts_Rank(volume, 20))",EUR,TOP3000,NONE,0,1,P1Y,0.08,ON,ON
FullTest_6674,"Rank(Ts_Rank(volume, 20))",EUR,TOP3000,NONE,0,1,P1Y,0.08,ON,OFF
FullTest_6675,"Rank(Ts_Rank(volume, 20))",EUR,TOP3000,NONE,0,1,P1Y,0.08,OFF,ON
FullTest_6676,"Rank(Ts_Rank(volume, 20))",EUR,TOP3000,NONE,0,1,P1Y,0.08,OFF,OFF
FullTest_6677,"Rank(Ts_Rank(volume, 20))",EUR,TOP3000,NONE,0,1,P1Y,0.01,ON,ON
FullTest_6678,"Rank(Ts_Rank(volume, 20))",EUR,TOP3000,NONE,0,1,P1Y,0.01,ON,OFF
FullTest_6679,"Rank(Ts_Rank(volume, 20))",EUR,TOP3000,NONE,0,1,P1Y,0.01,OFF,ON
FullTest_6680,"Rank(Ts_Rank(volume, 20))",EUR,TOP3000,NONE,0,1,P1Y,0.01,OFF,OFF
FullTest_6681,"Rank(Ts_Rank(volume, 20))",EUR,TOP3000,NONE,0,1,P2Y,0.08,ON,ON
FullTest_6682,"Rank(Ts_Rank(volume, 20))",EUR,TOP3000,NONE,0,1,P2Y,0.08,ON,OFF
FullTest_6683,"Rank(Ts_Rank(volume, 20))",EUR,TOP3000,NONE,0,1,P2Y,0.08,OFF,ON
FullTest_6684,"Rank(Ts_Rank(volume, 20))",EUR,TOP3000,NONE,0,1,P2Y,0.08,OFF,OFF
FullTest_6685,"Rank(Ts_Rank(volume, 20))",EUR,TOP3000,NONE,0,1,P2Y,0.01,ON,ON
FullTest_6686,"Rank(Ts_Rank(volume, 20))",EUR,TOP3000,NONE,0,1,P2Y,0.01,ON,OFF
FullTest_6687,"Rank(Ts_Rank(volume, 20))",EUR,TOP3000,NONE,0,1,P2Y,0.01,OFF,ON
FullTest_6688,"Rank(Ts_Rank(volume, 20))",EUR,TOP3000,NONE,0,1,P2Y,0.01,OFF,OFF
FullTest_6689,"Rank(Ts_Rank(volume, 20))",EUR,TOP3000,NONE,5,0,P1Y,0.08,ON,ON
FullTest_6690,"Rank(Ts_Rank(volume, 20))",EUR,TOP3000,NONE,5,0,P1Y,0.08,ON,OFF
FullTest_6691,"Rank(Ts_Rank(volume, 20))",EUR,TOP3000,NONE,5,0,P1Y,0.08,OFF,ON
FullTest_6692,"Rank(Ts_Rank(volume, 20))",EUR,TOP3000,NONE,5,0,P1Y,0.08,OFF,OFF
FullTest_6693,"Rank(Ts_Rank(volume, 20))",EUR,TOP3000,NONE,5,0,P1Y,0.01,ON,ON
FullTest_6694,"Rank(Ts_Rank(volume, 20))",EUR,TOP3000,NONE,5,0,P1Y,0.01,ON,OFF
FullTest_6695,"Rank(Ts_Rank(volume, 20))",EUR,TOP3000,NONE,5,0,P1Y,0.01,OFF,ON
FullTest_6696,"Rank(Ts_Rank(volume, 20))",EUR,TOP3000,NONE,5,0,P1Y,0.01,OFF,OFF
FullTest_6697,"Rank(Ts_Rank(volume, 20))",EUR,TOP3000,NONE,5,0,P2Y,0.08,ON,ON
FullTest_6698,"Rank(Ts_Rank(volume, 20))",EUR,TOP3000,NONE,5,0,P2Y,0.08,ON,OFF
FullTest_6699,"Rank(Ts_Rank(volume, 20))",EUR,TOP3000,NONE,5,0,P2Y,0.08,OFF,ON
FullTest_6700,"Rank(Ts_Rank(volume, 20))",EUR,TOP3000,NONE,5,0,P2Y,0.08,OFF,OFF
FullTest_6701,"Rank(Ts_Rank(volume, 20))",EUR,TOP3000,NONE,5,0,P2Y,0.01,ON,ON
FullTest_6702,"Rank(Ts_Rank(volume, 20))",EUR,TOP3000,NONE,5,0,P2Y,0.01,ON,OFF
FullTest_6703,"Rank(Ts_Rank(volume, 20))",EUR,TOP3000,NONE,5,0,P2Y,0.01,OFF,ON
FullTest_6704,"Rank(Ts_Rank(volume, 20))",EUR,TOP3000,NONE,5,0,P2Y,0.01,OFF,OFF
FullTest_6705,"Rank(Ts_Rank(volume, 20))",EUR,TOP3000,NONE,5,1,P1Y,0.08,ON,ON
FullTest_6706,"Rank(Ts_Rank(volume, 20))",EUR,TOP3000,NONE,5,1,P1Y,0.08,ON,OFF
FullTest_6707,"Rank(Ts_Rank(volume, 20))",EUR,TOP3000,NONE,5,1,P1Y,0.08,OFF,ON
FullTest_6708,"Rank(Ts_Rank(volume, 20))",EUR,TOP3000,NONE,5,1,P1Y,0.08,OFF,OFF
FullTest_6709,"Rank(Ts_Rank(volume, 20))",EUR,TOP3000,NONE,5,1,P1Y,0.01,ON,ON
FullTest_6710,"Rank(Ts_Rank(volume, 20))",EUR,TOP3000,NONE,5,1,P1Y,0.01,ON,OFF
FullTest_6711,"Rank(Ts_Rank(volume, 20))",EUR,TOP3000,NONE,5,1,P1Y,0.01,OFF,ON
FullTest_6712,"Rank(Ts_Rank(volume, 20))",EUR,TOP3000,NONE,5,1,P1Y,0.01,OFF,OFF
FullTest_6713,"Rank(Ts_Rank(volume, 20))",EUR,TOP3000,NONE,5,1,P2Y,0.08,ON,ON
FullTest_6714,"Rank(Ts_Rank(volume, 20))",EUR,TOP3000,NONE,5,1,P2Y,0.08,ON,OFF
FullTest_6715,"Rank(Ts_Rank(volume, 20))",EUR,TOP3000,NONE,5,1,P2Y,0.08,OFF,ON
FullTest_6716,"Rank(Ts_Rank(volume, 20))",EUR,TOP3000,NONE,5,1,P2Y,0.08,OFF,OFF
FullTest_6717,"Rank(Ts_Rank(volume, 20))",EUR,TOP3000,NONE,5,1,P2Y,0.01,ON,ON
FullTest_6718,"Rank(Ts_Rank(volume, 20))",EUR,TOP3000,NONE,5,1,P2Y,0.01,ON,OFF
FullTest_6719,"Rank(Ts_Rank(volume, 20))",EUR,TOP3000,NONE,5,1,P2Y,0.01,OFF,ON
FullTest_6720,"Rank(Ts_Rank(volume, 20))",EUR,TOP3000,NONE,5,1,P2Y,0.01,OFF,OFF
FullTest_6721,"Rank(Ts_Rank(volume, 20))",EUR,MINVOL3M,INDUSTRY,0,0,P1Y,0.08,ON,ON
FullTest_6722,"Rank(Ts_Rank(volume, 20))",EUR,MINVOL3M,INDUSTRY,0,0,P1Y,0.08,ON,OFF
FullTest_6723,"Rank(Ts_Rank(volume, 20))",EUR,MINVOL3M,INDUSTRY,0,0,P1Y,0.08,OFF,ON
FullTest_6724,"Rank(Ts_Rank(volume, 20))",EUR,MINVOL3M,INDUSTRY,0,0,P1Y,0.08,OFF,OFF
FullTest_6725,"Rank(Ts_Rank(volume, 20))",EUR,MINVOL3M,INDUSTRY,0,0,P1Y,0.01,ON,ON
FullTest_6726,"Rank(Ts_Rank(volume, 20))",EUR,MINVOL3M,INDUSTRY,0,0,P1Y,0.01,ON,OFF
FullTest_6727,"Rank(Ts_Rank(volume, 20))",EUR,MINVOL3M,INDUSTRY,0,0,P1Y,0.01,OFF,ON
FullTest_6728,"Rank(Ts_Rank(volume, 20))",EUR,MINVOL3M,INDUSTRY,0,0,P1Y,0.01,OFF,OFF
FullTest_6729,"Rank(Ts_Rank(volume, 20))",EUR,MINVOL3M,INDUSTRY,0,0,P2Y,0.08,ON,ON
FullTest_6730,"Rank(Ts_Rank(volume, 20))",EUR,MINVOL3M,INDUSTRY,0,0,P2Y,0.08,ON,OFF
FullTest_6731,"Rank(Ts_Rank(volume, 20))",EUR,MINVOL3M,INDUSTRY,0,0,P2Y,0.08,OFF,ON
FullTest_6732,"Rank(Ts_Rank(volume, 20))",EUR,MINVOL3M,INDUSTRY,0,0,P2Y,0.08,OFF,OFF
FullTest_6733,"Rank(Ts_Rank(volume, 20))",EUR,MINVOL3M,INDUSTRY,0,0,P2Y,0.01,ON,ON
FullTest_6734,"Rank(Ts_Rank(volume, 20))",EUR,MINVOL3M,INDUSTRY,0,0,P2Y,0.01,ON,OFF
FullTest_6735,"Rank(Ts_Rank(volume, 20))",EUR,MINVOL3M,INDUSTRY,0,0,P2Y,0.01,OFF,ON
FullTest_6736,"Rank(Ts_Rank(volume, 20))",EUR,MINVOL3M,INDUSTRY,0,0,P2Y,0.01,OFF,OFF
FullTest_6737,"Rank(Ts_Rank(volume, 20))",EUR,MINVOL3M,INDUSTRY,0,1,P1Y,0.08,ON,ON
FullTest_6738,"Rank(Ts_Rank(volume, 20))",EUR,MINVOL3M,INDUSTRY,0,1,P1Y,0.08,ON,OFF
FullTest_6739,"Rank(Ts_Rank(volume, 20))",EUR,MINVOL3M,INDUSTRY,0,1,P1Y,0.08,OFF,ON
FullTest_6740,"Rank(Ts_Rank(volume, 20))",EUR,MINVOL3M,INDUSTRY,0,1,P1Y,0.08,OFF,OFF
FullTest_6741,"Rank(Ts_Rank(volume, 20))",EUR,MINVOL3M,INDUSTRY,0,1,P1Y,0.01,ON,ON
FullTest_6742,"Rank(Ts_Rank(volume, 20))",EUR,MINVOL3M,INDUSTRY,0,1,P1Y,0.01,ON,OFF
FullTest_6743,"Rank(Ts_Rank(volume, 20))",EUR,MINVOL3M,INDUSTRY,0,1,P1Y,0.01,OFF,ON
FullTest_6744,"Rank(Ts_Rank(volume, 20))",EUR,MINVOL3M,INDUSTRY,0,1,P1Y,0.01,OFF,OFF
FullTest_6745,"Rank(Ts_Rank(volume, 20))",EUR,MINVOL3M,INDUSTRY,0,1,P2Y,0.08,ON,ON
FullTest_6746,"Rank(Ts_Rank(volume, 20))",EUR,MINVOL3M,INDUSTRY,0,1,P2Y,0.08,ON,OFF
FullTest_6747,"Rank(Ts_Rank(volume, 20))",EUR,MINVOL3M,INDUSTRY,0,1,P2Y,0.08,OFF,ON
FullTest_6748,"Rank(Ts_Rank(volume, 20))",EUR,MINVOL3M,INDUSTRY,0,1,P2Y,0.08,OFF,OFF
FullTest_6749,"Rank(Ts_Rank(volume, 20))",EUR,MINVOL3M,INDUSTRY,0,1,P2Y,0.01,ON,ON
FullTest_6750,"Rank(Ts_Rank(volume, 20))",EUR,MINVOL3M,INDUSTRY,0,1,P2Y,0.01,ON,OFF
FullTest_6751,"Rank(Ts_Rank(volume, 20))",EUR,MINVOL3M,INDUSTRY,0,1,P2Y,0.01,OFF,ON
FullTest_6752,"Rank(Ts_Rank(volume, 20))",EUR,MINVOL3M,INDUSTRY,0,1,P2Y,0.01,OFF,OFF
FullTest_6753,"Rank(Ts_Rank(volume, 20))",EUR,MINVOL3M,INDUSTRY,5,0,P1Y,0.08,ON,ON
FullTest_6754,"Rank(Ts_Rank(volume, 20))",EUR,MINVOL3M,INDUSTRY,5,0,P1Y,0.08,ON,OFF
FullTest_6755,"Rank(Ts_Rank(volume, 20))",EUR,MINVOL3M,INDUSTRY,5,0,P1Y,0.08,OFF,ON
FullTest_6756,"Rank(Ts_Rank(volume, 20))",EUR,MINVOL3M,INDUSTRY,5,0,P1Y,0.08,OFF,OFF
FullTest_6757,"Rank(Ts_Rank(volume, 20))",EUR,MINVOL3M,INDUSTRY,5,0,P1Y,0.01,ON,ON
FullTest_6758,"Rank(Ts_Rank(volume, 20))",EUR,MINVOL3M,INDUSTRY,5,0,P1Y,0.01,ON,OFF
FullTest_6759,"Rank(Ts_Rank(volume, 20))",EUR,MINVOL3M,INDUSTRY,5,0,P1Y,0.01,OFF,ON
FullTest_6760,"Rank(Ts_Rank(volume, 20))",EUR,MINVOL3M,INDUSTRY,5,0,P1Y,0.01,OFF,OFF
FullTest_6761,"Rank(Ts_Rank(volume, 20))",EUR,MINVOL3M,INDUSTRY,5,0,P2Y,0.08,ON,ON
FullTest_6762,"Rank(Ts_Rank(volume, 20))",EUR,MINVOL3M,INDUSTRY,5,0,P2Y,0.08,ON,OFF
FullTest_6763,"Rank(Ts_Rank(volume, 20))",EUR,MINVOL3M,INDUSTRY,5,0,P2Y,0.08,OFF,ON
FullTest_6764,"Rank(Ts_Rank(volume, 20))",EUR,MINVOL3M,INDUSTRY,5,0,P2Y,0.08,OFF,OFF
FullTest_6765,"Rank(Ts_Rank(volume, 20))",EUR,MINVOL3M,INDUSTRY,5,0,P2Y,0.01,ON,ON
FullTest_6766,"Rank(Ts_Rank(volume, 20))",EUR,MINVOL3M,INDUSTRY,5,0,P2Y,0.01,ON,OFF
FullTest_6767,"Rank(Ts_Rank(volume, 20))",EUR,MINVOL3M,INDUSTRY,5,0,P2Y,0.01,OFF,ON
FullTest_6768,"Rank(Ts_Rank(volume, 20))",EUR,MINVOL3M,INDUSTRY,5,0,P2Y,0.01,OFF,OFF
FullTest_6769,"Rank(Ts_Rank(volume, 20))",EUR,MINVOL3M,INDUSTRY,5,1,P1Y,0.08,ON,ON
FullTest_6770,"Rank(Ts_Rank(volume, 20))",EUR,MINVOL3M,INDUSTRY,5,1,P1Y,0.08,ON,OFF
FullTest_6771,"Rank(Ts_Rank(volume, 20))",EUR,MINVOL3M,INDUSTRY,5,1,P1Y,0.08,OFF,ON
FullTest_6772,"Rank(Ts_Rank(volume, 20))",EUR,MINVOL3M,INDUSTRY,5,1,P1Y,0.08,OFF,OFF
FullTest_6773,"Rank(Ts_Rank(volume, 20))",EUR,MINVOL3M,INDUSTRY,5,1,P1Y,0.01,ON,ON
FullTest_6774,"Rank(Ts_Rank(volume, 20))",EUR,MINVOL3M,INDUSTRY,5,1,P1Y,0.01,ON,OFF
FullTest_6775,"Rank(Ts_Rank(volume, 20))",EUR,MINVOL3M,INDUSTRY,5,1,P1Y,0.01,OFF,ON
FullTest_6776,"Rank(Ts_Rank(volume, 20))",EUR,MINVOL3M,INDUSTRY,5,1,P1Y,0.01,OFF,OFF
FullTest_6777,"Rank(Ts_Rank(volume, 20))",EUR,MINVOL3M,INDUSTRY,5,1,P2Y,0.08,ON,ON
FullTest_6778,"Rank(Ts_Rank(volume, 20))",EUR,MINVOL3M,INDUSTRY,5,1,P2Y,0.08,ON,OFF
FullTest_6779,"Rank(Ts_Rank(volume, 20))",EUR,MINVOL3M,INDUSTRY,5,1,P2Y,0.08,OFF,ON
FullTest_6780,"Rank(Ts_Rank(volume, 20))",EUR,MINVOL3M,INDUSTRY,5,1,P2Y,0.08,OFF,OFF
FullTest_6781,"Rank(Ts_Rank(volume, 20))",EUR,MINVOL3M,INDUSTRY,5,1,P2Y,0.01,ON,ON
FullTest_6782,"Rank(Ts_Rank(volume, 20))",EUR,MINVOL3M,INDUSTRY,5,1,P2Y,0.01,ON,OFF
FullTest_6783,"Rank(Ts_Rank(volume, 20))",EUR,MINVOL3M,INDUSTRY,5,1,P2Y,0.01,OFF,ON
FullTest_6784,"Rank(Ts_Rank(volume, 20))",EUR,MINVOL3M,INDUSTRY,5,1,P2Y,0.01,OFF,OFF
FullTest_6785,"Rank(Ts_Rank(volume, 20))",EUR,MINVOL3M,MARKET,0,0,P1Y,0.08,ON,ON
FullTest_6786,"Rank(Ts_Rank(volume, 20))",EUR,MINVOL3M,MARKET,0,0,P1Y,0.08,ON,OFF
FullTest_6787,"Rank(Ts_Rank(volume, 20))",EUR,MINVOL3M,MARKET,0,0,P1Y,0.08,OFF,ON
FullTest_6788,"Rank(Ts_Rank(volume, 20))",EUR,MINVOL3M,MARKET,0,0,P1Y,0.08,OFF,OFF
FullTest_6789,"Rank(Ts_Rank(volume, 20))",EUR,MINVOL3M,MARKET,0,0,P1Y,0.01,ON,ON
FullTest_6790,"Rank(Ts_Rank(volume, 20))",EUR,MINVOL3M,MARKET,0,0,P1Y,0.01,ON,OFF
FullTest_6791,"Rank(Ts_Rank(volume, 20))",EUR,MINVOL3M,MARKET,0,0,P1Y,0.01,OFF,ON
FullTest_6792,"Rank(Ts_Rank(volume, 20))",EUR,MINVOL3M,MARKET,0,0,P1Y,0.01,OFF,OFF
FullTest_6793,"Rank(Ts_Rank(volume, 20))",EUR,MINVOL3M,MARKET,0,0,P2Y,0.08,ON,ON
FullTest_6794,"Rank(Ts_Rank(volume, 20))",EUR,MINVOL3M,MARKET,0,0,P2Y,0.08,ON,OFF
FullTest_6795,"Rank(Ts_Rank(volume, 20))",EUR,MINVOL3M,MARKET,0,0,P2Y,0.08,OFF,ON
FullTest_6796,"Rank(Ts_Rank(volume, 20))",EUR,MINVOL3M,MARKET,0,0,P2Y,0.08,OFF,OFF
FullTest_6797,"Rank(Ts_Rank(volume, 20))",EUR,MINVOL3M,MARKET,0,0,P2Y,0.01,ON,ON
FullTest_6798,"Rank(Ts_Rank(volume, 20))",EUR,MINVOL3M,MARKET,0,0,P2Y,0.01,ON,OFF
FullTest_6799,"Rank(Ts_Rank(volume, 20))",EUR,MINVOL3M,MARKET,0,0,P2Y,0.01,OFF,ON
FullTest_6800,"Rank(Ts_Rank(volume, 20))",EUR,MINVOL3M,MARKET,0,0,P2Y,0.01,OFF,OFF
FullTest_6801,"Rank(Ts_Rank(volume, 20))",EUR,MINVOL3M,MARKET,0,1,P1Y,0.08,ON,ON
FullTest_6802,"Rank(Ts_Rank(volume, 20))",EUR,MINVOL3M,MARKET,0,1,P1Y,0.08,ON,OFF
FullTest_6803,"Rank(Ts_Rank(volume, 20))",EUR,MINVOL3M,MARKET,0,1,P1Y,0.08,OFF,ON
FullTest_6804,"Rank(Ts_Rank(volume, 20))",EUR,MINVOL3M,MARKET,0,1,P1Y,0.08,OFF,OFF
FullTest_6805,"Rank(Ts_Rank(volume, 20))",EUR,MINVOL3M,MARKET,0,1,P1Y,0.01,ON,ON
FullTest_6806,"Rank(Ts_Rank(volume, 20))",EUR,MINVOL3M,MARKET,0,1,P1Y,0.01,ON,OFF
FullTest_6807,"Rank(Ts_Rank(volume, 20))",EUR,MINVOL3M,MARKET,0,1,P1Y,0.01,OFF,ON
FullTest_6808,"Rank(Ts_Rank(volume, 20))",EUR,MINVOL3M,MARKET,0,1,P1Y,0.01,OFF,OFF
FullTest_6809,"Rank(Ts_Rank(volume, 20))",EUR,MINVOL3M,MARKET,0,1,P2Y,0.08,ON,ON
FullTest_6810,"Rank(Ts_Rank(volume, 20))",EUR,MINVOL3M,MARKET,0,1,P2Y,0.08,ON,OFF
FullTest_6811,"Rank(Ts_Rank(volume, 20))",EUR,MINVOL3M,MARKET,0,1,P2Y,0.08,OFF,ON
FullTest_6812,"Rank(Ts_Rank(volume, 20))",EUR,MINVOL3M,MARKET,0,1,P2Y,0.08,OFF,OFF
FullTest_6813,"Rank(Ts_Rank(volume, 20))",EUR,MINVOL3M,MARKET,0,1,P2Y,0.01,ON,ON
FullTest_6814,"Rank(Ts_Rank(volume, 20))",EUR,MINVOL3M,MARKET,0,1,P2Y,0.01,ON,OFF
FullTest_6815,"Rank(Ts_Rank(volume, 20))",EUR,MINVOL3M,MARKET,0,1,P2Y,0.01,OFF,ON
FullTest_6816,"Rank(Ts_Rank(volume, 20))",EUR,MINVOL3M,MARKET,0,1,P2Y,0.01,OFF,OFF
FullTest_6817,"Rank(Ts_Rank(volume, 20))",EUR,MINVOL3M,MARKET,5,0,P1Y,0.08,ON,ON
FullTest_6818,"Rank(Ts_Rank(volume, 20))",EUR,MINVOL3M,MARKET,5,0,P1Y,0.08,ON,OFF
FullTest_6819,"Rank(Ts_Rank(volume, 20))",EUR,MINVOL3M,MARKET,5,0,P1Y,0.08,OFF,ON
FullTest_6820,"Rank(Ts_Rank(volume, 20))",EUR,MINVOL3M,MARKET,5,0,P1Y,0.08,OFF,OFF
FullTest_6821,"Rank(Ts_Rank(volume, 20))",EUR,MINVOL3M,MARKET,5,0,P1Y,0.01,ON,ON
FullTest_6822,"Rank(Ts_Rank(volume, 20))",EUR,MINVOL3M,MARKET,5,0,P1Y,0.01,ON,OFF
FullTest_6823,"Rank(Ts_Rank(volume, 20))",EUR,MINVOL3M,MARKET,5,0,P1Y,0.01,OFF,ON
FullTest_6824,"Rank(Ts_Rank(volume, 20))",EUR,MINVOL3M,MARKET,5,0,P1Y,0.01,OFF,OFF
FullTest_6825,"Rank(Ts_Rank(volume, 20))",EUR,MINVOL3M,MARKET,5,0,P2Y,0.08,ON,ON
FullTest_6826,"Rank(Ts_Rank(volume, 20))",EUR,MINVOL3M,MARKET,5,0,P2Y,0.08,ON,OFF
FullTest_6827,"Rank(Ts_Rank(volume, 20))",EUR,MINVOL3M,MARKET,5,0,P2Y,0.08,OFF,ON
FullTest_6828,"Rank(Ts_Rank(volume, 20))",EUR,MINVOL3M,MARKET,5,0,P2Y,0.08,OFF,OFF
FullTest_6829,"Rank(Ts_Rank(volume, 20))",EUR,MINVOL3M,MARKET,5,0,P2Y,0.01,ON,ON
FullTest_6830,"Rank(Ts_Rank(volume, 20))",EUR,MINVOL3M,MARKET,5,0,P2Y,0.01,ON,OFF
FullTest_6831,"Rank(Ts_Rank(volume, 20))",EUR,MINVOL3M,MARKET,5,0,P2Y,0.01,OFF,ON
FullTest_6832,"Rank(Ts_Rank(volume, 20))",EUR,MINVOL3M,MARKET,5,0,P2Y,0.01,OFF,OFF
FullTest_6833,"Rank(Ts_Rank(volume, 20))",EUR,MINVOL3M,MARKET,5,1,P1Y,0.08,ON,ON
FullTest_6834,"Rank(Ts_Rank(volume, 20))",EUR,MINVOL3M,MARKET,5,1,P1Y,0.08,ON,OFF
FullTest_6835,"Rank(Ts_Rank(volume, 20))",EUR,MINVOL3M,MARKET,5,1,P1Y,0.08,OFF,ON
FullTest_6836,"Rank(Ts_Rank(volume, 20))",EUR,MINVOL3M,MARKET,5,1,P1Y,0.08,OFF,OFF
FullTest_6837,"Rank(Ts_Rank(volume, 20))",EUR,MINVOL3M,MARKET,5,1,P1Y,0.01,ON,ON
FullTest_6838,"Rank(Ts_Rank(volume, 20))",EUR,MINVOL3M,MARKET,5,1,P1Y,0.01,ON,OFF
FullTest_6839,"Rank(Ts_Rank(volume, 20))",EUR,MINVOL3M,MARKET,5,1,P1Y,0.01,OFF,ON
FullTest_6840,"Rank(Ts_Rank(volume, 20))",EUR,MINVOL3M,MARKET,5,1,P1Y,0.01,OFF,OFF
FullTest_6841,"Rank(Ts_Rank(volume, 20))",EUR,MINVOL3M,MARKET,5,1,P2Y,0.08,ON,ON
FullTest_6842,"Rank(Ts_Rank(volume, 20))",EUR,MINVOL3M,MARKET,5,1,P2Y,0.08,ON,OFF
FullTest_6843,"Rank(Ts_Rank(volume, 20))",EUR,MINVOL3M,MARKET,5,1,P2Y,0.08,OFF,ON
FullTest_6844,"Rank(Ts_Rank(volume, 20))",EUR,MINVOL3M,MARKET,5,1,P2Y,0.08,OFF,OFF
FullTest_6845,"Rank(Ts_Rank(volume, 20))",EUR,MINVOL3M,MARKET,5,1,P2Y,0.01,ON,ON
FullTest_6846,"Rank(Ts_Rank(volume, 20))",EUR,MINVOL3M,MARKET,5,1,P2Y,0.01,ON,OFF
FullTest_6847,"Rank(Ts_Rank(volume, 20))",EUR,MINVOL3M,MARKET,5,1,P2Y,0.01,OFF,ON
FullTest_6848,"Rank(Ts_Rank(volume, 20))",EUR,MINVOL3M,MARKET,5,1,P2Y,0.01,OFF,OFF
FullTest_6849,"Rank(Ts_Rank(volume, 20))",EUR,MINVOL3M,NONE,0,0,P1Y,0.08,ON,ON
FullTest_6850,"Rank(Ts_Rank(volume, 20))",EUR,MINVOL3M,NONE,0,0,P1Y,0.08,ON,OFF
FullTest_6851,"Rank(Ts_Rank(volume, 20))",EUR,MINVOL3M,NONE,0,0,P1Y,0.08,OFF,ON
FullTest_6852,"Rank(Ts_Rank(volume, 20))",EUR,MINVOL3M,NONE,0,0,P1Y,0.08,OFF,OFF
FullTest_6853,"Rank(Ts_Rank(volume, 20))",EUR,MINVOL3M,NONE,0,0,P1Y,0.01,ON,ON
FullTest_6854,"Rank(Ts_Rank(volume, 20))",EUR,MINVOL3M,NONE,0,0,P1Y,0.01,ON,OFF
FullTest_6855,"Rank(Ts_Rank(volume, 20))",EUR,MINVOL3M,NONE,0,0,P1Y,0.01,OFF,ON
FullTest_6856,"Rank(Ts_Rank(volume, 20))",EUR,MINVOL3M,NONE,0,0,P1Y,0.01,OFF,OFF
FullTest_6857,"Rank(Ts_Rank(volume, 20))",EUR,MINVOL3M,NONE,0,0,P2Y,0.08,ON,ON
FullTest_6858,"Rank(Ts_Rank(volume, 20))",EUR,MINVOL3M,NONE,0,0,P2Y,0.08,ON,OFF
FullTest_6859,"Rank(Ts_Rank(volume, 20))",EUR,MINVOL3M,NONE,0,0,P2Y,0.08,OFF,ON
FullTest_6860,"Rank(Ts_Rank(volume, 20))",EUR,MINVOL3M,NONE,0,0,P2Y,0.08,OFF,OFF
FullTest_6861,"Rank(Ts_Rank(volume, 20))",EUR,MINVOL3M,NONE,0,0,P2Y,0.01,ON,ON
FullTest_6862,"Rank(Ts_Rank(volume, 20))",EUR,MINVOL3M,NONE,0,0,P2Y,0.01,ON,OFF
FullTest_6863,"Rank(Ts_Rank(volume, 20))",EUR,MINVOL3M,NONE,0,0,P2Y,0.01,OFF,ON
FullTest_6864,"Rank(Ts_Rank(volume, 20))",EUR,MINVOL3M,NONE,0,0,P2Y,0.01,OFF,OFF
FullTest_6865,"Rank(Ts_Rank(volume, 20))",EUR,MINVOL3M,NONE,0,1,P1Y,0.08,ON,ON
FullTest_6866,"Rank(Ts_Rank(volume, 20))",EUR,MINVOL3M,NONE,0,1,P1Y,0.08,ON,OFF
FullTest_6867,"Rank(Ts_Rank(volume, 20))",EUR,MINVOL3M,NONE,0,1,P1Y,0.08,OFF,ON
FullTest_6868,"Rank(Ts_Rank(volume, 20))",EUR,MINVOL3M,NONE,0,1,P1Y,0.08,OFF,OFF
FullTest_6869,"Rank(Ts_Rank(volume, 20))",EUR,MINVOL3M,NONE,0,1,P1Y,0.01,ON,ON
FullTest_6870,"Rank(Ts_Rank(volume, 20))",EUR,MINVOL3M,NONE,0,1,P1Y,0.01,ON,OFF
FullTest_6871,"Rank(Ts_Rank(volume, 20))",EUR,MINVOL3M,NONE,0,1,P1Y,0.01,OFF,ON
FullTest_6872,"Rank(Ts_Rank(volume, 20))",EUR,MINVOL3M,NONE,0,1,P1Y,0.01,OFF,OFF
FullTest_6873,"Rank(Ts_Rank(volume, 20))",EUR,MINVOL3M,NONE,0,1,P2Y,0.08,ON,ON
FullTest_6874,"Rank(Ts_Rank(volume, 20))",EUR,MINVOL3M,NONE,0,1,P2Y,0.08,ON,OFF
FullTest_6875,"Rank(Ts_Rank(volume, 20))",EUR,MINVOL3M,NONE,0,1,P2Y,0.08,OFF,ON
FullTest_6876,"Rank(Ts_Rank(volume, 20))",EUR,MINVOL3M,NONE,0,1,P2Y,0.08,OFF,OFF
FullTest_6877,"Rank(Ts_Rank(volume, 20))",EUR,MINVOL3M,NONE,0,1,P2Y,0.01,ON,ON
FullTest_6878,"Rank(Ts_Rank(volume, 20))",EUR,MINVOL3M,NONE,0,1,P2Y,0.01,ON,OFF
FullTest_6879,"Rank(Ts_Rank(volume, 20))",EUR,MINVOL3M,NONE,0,1,P2Y,0.01,OFF,ON
FullTest_6880,"Rank(Ts_Rank(volume, 20))",EUR,MINVOL3M,NONE,0,1,P2Y,0.01,OFF,OFF
FullTest_6881,"Rank(Ts_Rank(volume, 20))",EUR,MINVOL3M,NONE,5,0,P1Y,0.08,ON,ON
FullTest_6882,"Rank(Ts_Rank(volume, 20))",EUR,MINVOL3M,NONE,5,0,P1Y,0.08,ON,OFF
FullTest_6883,"Rank(Ts_Rank(volume, 20))",EUR,MINVOL3M,NONE,5,0,P1Y,0.08,OFF,ON
FullTest_6884,"Rank(Ts_Rank(volume, 20))",EUR,MINVOL3M,NONE,5,0,P1Y,0.08,OFF,OFF
FullTest_6885,"Rank(Ts_Rank(volume, 20))",EUR,MINVOL3M,NONE,5,0,P1Y,0.01,ON,ON
FullTest_6886,"Rank(Ts_Rank(volume, 20))",EUR,MINVOL3M,NONE,5,0,P1Y,0.01,ON,OFF
FullTest_6887,"Rank(Ts_Rank(volume, 20))",EUR,MINVOL3M,NONE,5,0,P1Y,0.01,OFF,ON
FullTest_6888,"Rank(Ts_Rank(volume, 20))",EUR,MINVOL3M,NONE,5,0,P1Y,0.01,OFF,OFF
FullTest_6889,"Rank(Ts_Rank(volume, 20))",EUR,MINVOL3M,NONE,5,0,P2Y,0.08,ON,ON
FullTest_6890,"Rank(Ts_Rank(volume, 20))",EUR,MINVOL3M,NONE,5,0,P2Y,0.08,ON,OFF
FullTest_6891,"Rank(Ts_Rank(volume, 20))",EUR,MINVOL3M,NONE,5,0,P2Y,0.08,OFF,ON
FullTest_6892,"Rank(Ts_Rank(volume, 20))",EUR,MINVOL3M,NONE,5,0,P2Y,0.08,OFF,OFF
FullTest_6893,"Rank(Ts_Rank(volume, 20))",EUR,MINVOL3M,NONE,5,0,P2Y,0.01,ON,ON
FullTest_6894,"Rank(Ts_Rank(volume, 20))",EUR,MINVOL3M,NONE,5,0,P2Y,0.01,ON,OFF
FullTest_6895,"Rank(Ts_Rank(volume, 20))",EUR,MINVOL3M,NONE,5,0,P2Y,0.01,OFF,ON
FullTest_6896,"Rank(Ts_Rank(volume, 20))",EUR,MINVOL3M,NONE,5,0,P2Y,0.01,OFF,OFF
FullTest_6897,"Rank(Ts_Rank(volume, 20))",EUR,MINVOL3M,NONE,5,1,P1Y,0.08,ON,ON
FullTest_6898,"Rank(Ts_Rank(volume, 20))",EUR,MINVOL3M,NONE,5,1,P1Y,0.08,ON,OFF
FullTest_6899,"Rank(Ts_Rank(volume, 20))",EUR,MINVOL3M,NONE,5,1,P1Y,0.08,OFF,ON
FullTest_6900,"Rank(Ts_Rank(volume, 20))",EUR,MINVOL3M,NONE,5,1,P1Y,0.08,OFF,OFF
FullTest_6901,"Rank(Ts_Rank(volume, 20))",EUR,MINVOL3M,NONE,5,1,P1Y,0.01,ON,ON
FullTest_6902,"Rank(Ts_Rank(volume, 20))",EUR,MINVOL3M,NONE,5,1,P1Y,0.01,ON,OFF
FullTest_6903,"Rank(Ts_Rank(volume, 20))",EUR,MINVOL3M,NONE,5,1,P1Y,0.01,OFF,ON
FullTest_6904,"Rank(Ts_Rank(volume, 20))",EUR,MINVOL3M,NONE,5,1,P1Y,0.01,OFF,OFF
FullTest_6905,"Rank(Ts_Rank(volume, 20))",EUR,MINVOL3M,NONE,5,1,P2Y,0.08,ON,ON
FullTest_6906,"Rank(Ts_Rank(volume, 20))",EUR,MINVOL3M,NONE,5,1,P2Y,0.08,ON,OFF
FullTest_6907,"Rank(Ts_Rank(volume, 20))",EUR,MINVOL3M,NONE,5,1,P2Y,0.08,OFF,ON
FullTest_6908,"Rank(Ts_Rank(volume, 20))",EUR,MINVOL3M,NONE,5,1,P2Y,0.08,OFF,OFF
FullTest_6909,"Rank(Ts_Rank(volume, 20))",EUR,MINVOL3M,NONE,5,1,P2Y,0.01,ON,ON
FullTest_6910,"Rank(Ts_Rank(volume, 20))",EUR,MINVOL3M,NONE,5,1,P2Y,0.01,ON,OFF
FullTest_6911,"Rank(Ts_Rank(volume, 20))",EUR,MINVOL3M,NONE,5,1,P2Y,0.01,OFF,ON
FullTest_6912,"Rank(Ts_Rank(volume, 20))",EUR,MINVOL3M,NONE,5,1,P2Y,0.01,OFF,OFF
